topic,word_id,word,kana,romaji
japanese_jlpt_n5,ah_oh,ああ,ああ,aa
japanese_jlpt_n5,to_meet_to_see,会う,あう,au
japanese_jlpt_n5,blue,青,あお,ao
japanese_jlpt_n5,blue_2,青い,あおい,aoi
japanese_jlpt_n5,red,赤,あか,aka
japanese_jlpt_n5,red_2,赤い,あかい,akai
japanese_jlpt_n5,bright_in_reference_to_pers,明るい,あかるい,akarui
japanese_jlpt_n5,fall_season,秋,あき,aki
japanese_jlpt_n5,to_open_to_become_open,開く,あく,aku
japanese_jlpt_n5,to_open_v_t,開ける,あける,akeru
japanese_jlpt_n5,to_raise_to_lift,上げる,あげる,ageru
japanese_jlpt_n5,morning,朝,あさ,asa
japanese_jlpt_n5,breakfast,朝御飯,あさごはん,asagohan
japanese_jlpt_n5,day_after_tomorrow,明後日,あさって,asatte
japanese_jlpt_n5,foot_leg,足; 脚,あし,ashi
japanese_jlpt_n5,tomorrow,明日,あした,ashita
japanese_jlpt_n5,there_over_there_that_place,あそこ,あそこ,asoko
japanese_jlpt_n5,to_play_to_spend_time_pleas,遊ぶ,あそぶ,asobu
japanese_jlpt_n5,warm,暖かい,あたたかい,atatakai
japanese_jlpt_n1,developing_film,現像,げんぞう,genzou
japanese_jlpt_n1,principle_general_rule,原則,げんそく,gensoku
japanese_jlpt_n1,point_of_view,見地,けんち,kenchi
japanese_jlpt_n1,actual_place_local,現地,げんち,genchi
japanese_jlpt_n1,limit_restriction,限定,げんてい,gentei
japanese_jlpt_n1,origin_coordinates_starting,原点,げんてん,genten
japanese_jlpt_n1,original_source,原典,げんてん,genten
japanese_jlpt_n1,atomic_bomb,原爆,げんばく,genbaku
japanese_jlpt_n1,the_text_original,原文,げんぶん,genbun
japanese_jlpt_n1,strict_close,厳密,げんみつ,genmitsu
japanese_jlpt_n1,wisdom_intelligence_prudenc,賢明,けんめい,kenmei
japanese_jlpt_n1,thrift_economy_frugality,倹約,けんやく,ken'yaku
japanese_jlpt_n1,crude_oil,原油,げんゆ,genyu
japanese_jlpt_n1,multi_use_combined_use,兼用,けんよう,kenyou
japanese_jlpt_n1,political_power_authority_i,権力,けんりょく,kenryoku
japanese_jlpt_n1,discussion_speech,言論,げんろん,genron
japanese_jlpt_n1,deceased_late,故～,こ～,kō
japanese_jlpt_n1,vocabulary_glossary,語彙,ごい,goi
japanese_jlpt_n1,to_fall_in_love_with_to_lov,恋する,こいする,koisuru
japanese_jlpt_n1,1st_in_rank_shell,甲,こう,kō
japanese_jlpt_n1,light,～光,～こう,kō
japanese_jlpt_n1,good_will_favor_courtesy,好意,こうい,kōi
japanese_jlpt_n1,act_deed_conduct,行為,こうい,kōi
japanese_jlpt_n1,agreement_consent_mutual_un,合意,ごうい,gōi
japanese_jlpt_n1,engineering,工学,こうがく,kōgaku
japanese_jlpt_n1,protest_objection,抗議,こうぎ,kōgi
japanese_jlpt_n1,consultation_conference,合議,ごうぎ,gōgi
japanese_jlpt_n1,imperial_palace,皇居,こうきょ,Kōkyo
japanese_jlpt_n1,prosperous_conditions_healt,好況,こうきょう,kōkyō
japanese_jlpt_n1,mining_industry,鉱業,こうぎょう,kōgyō
japanese_jlpt_n1,starting_a_business_industr,興業,こうぎょう,kōgyō
japanese_jlpt_n1,tableland_plateau,高原,こうげん,kōgen
japanese_jlpt_n1,mutual_reciprocal_alternate,交互,こうご,kōgo
japanese_jlpt_n1,brightly,煌々と,こうこうと,kōkōto
japanese_jlpt_n1,archeology,考古学,こうこがく,kōkogaku
japanese_jlpt_n1,handicraft_maneuvering,工作,こうさく,kousaku
japanese_jlpt_n1,cultivation_farming,耕作,こうさく,kōsaku
japanese_jlpt_n1,mine,鉱山,こうざん,kōzan
japanese_jlpt_n1,short_course_training,講習,こうしゅう,kōshū
japanese_jlpt_n1,verbal_statement,口述,こうじゅつ,kōjutsu
japanese_jlpt_n1,subsidy_deduction,控除,こうじょ,kōjo
japanese_jlpt_n1,negotiation,交渉,こうしょう,kōshō
japanese_jlpt_n1,high_noble_refined,高尚,こうしょう,kōshō
japanese_jlpt_n1,rise_improvement_progress,向上,こうじょう,kōjō
japanese_jlpt_n1,march_parade,行進,こうしん,kōshin
japanese_jlpt_n1,spices,香辛料,こうしんりょう,kōshinryō
japanese_jlpt_n1,rainfall_precipitation,降水,こうすい,kōsui
japanese_jlpt_n1,flood,洪水,こうずい,kōzui
japanese_jlpt_n1,synthetic_mixed,合成,ごうせい,gōsei
japanese_jlpt_n1,openly,公然,こうぜん,kōzen
japanese_jlpt_n1,dispute_resistance,抗争,こうそう,kōsō
japanese_jlpt_n1,plan_plot_idea_conception,構想,こうそう,kōsō
japanese_jlpt_n1,retreat_backspace,後退,こうたい,kōtai
japanese_jlpt_n1,luster_glossy_finish_of_pho,光沢,こうたく,kōtaku
japanese_jlpt_n1,public_corporation,公団,こうだん,kōdan
japanese_jlpt_n1,satisfactory_in_good_shape,好調,こうちょう,kouchou
japanese_jlpt_n1,oral,口頭,こうとう,kōtō
japanese_jlpt_n1,reading,講読,こうどく,kōdoku
japanese_jlpt_n1,subscription,購読,こうどく,kōdoku
japanese_jlpt_n1,purchase_buy,購入,こうにゅう,kounyuu
japanese_jlpt_n1,official_recognition_author,公認,こうにん,kōnin
japanese_jlpt_n1,cost_of_fuel_and_light,光熱費,こうねつひ,kōnetsuhi
japanese_jlpt_n1,purchase_buy_2,購買,こうばい,kōbai
japanese_jlpt_n1,popularity_favorable_reputa,好評,こうひょう,kōhyō
japanese_jlpt_n1,delivering_furnishing_with_,交付,こうふ,kōfu
japanese_jlpt_n1,public_appeal_public_contri,公募,こうぼ,kōbo
japanese_jlpt_n1,ingenious_skillful_clever,巧妙,こうみょう,kōmyō
japanese_jlpt_n1,government_business_public_,公用,こうよう,kōyō
japanese_jlpt_n1,retail,小売,こうり,kōri
japanese_jlpt_n1,efficiency,効率,こうりつ,kōritsu
japanese_jlpt_n1,public_institution,公立,こうりつ,kōritsu
japanese_jlpt_n1,guard_convoy_escort,護衛,ごえい,goei
japanese_jlpt_n1,corner,コーナー,コーナー,kōnā
japanese_jlpt_n1,small_diminutive,小柄,こがら,kogara
japanese_jlpt_n1,cheque_check,小切手,こぎって,kogitte
japanese_jlpt_n1,domestic_products,国産,こくさん,kokusan
japanese_jlpt_n1,state_sponsored_national,国定,こくてい,kokutei
japanese_jlpt_n1,confession_acknowledgment,告白,こくはく,kokuhaku
japanese_jlpt_n1,national_defense,国防,こくぼう,kokubou
japanese_jlpt_n1,national_ownership,国有,こくゆう,kokuyū
japanese_jlpt_n1,paradise,極楽,ごくらく,gokuraku
japanese_jlpt_n1,u_n_united_nations,国連,こくれん,kokuren
japanese_jlpt_n1,dark_brown,焦げ茶,こげちゃ,kogecha
japanese_jlpt_n1,word_root_word_derivation_e,語源,ごげん,gogen
japanese_jlpt_n1,feeling_sensation_mood,心地,ここち,kokochi
japanese_jlpt_n1,knowledge_information,心得,こころえ,kokoroe
japanese_jlpt_n1,readiness_intention_aim,心掛け,こころがけ,kokorogake
japanese_jlpt_n1,to_bear_in_mind_to_aim_to_d,心掛ける,こころがける,kokorogakeru
japanese_jlpt_n1,will_intention_motive,志,こころざし,kokorozashi
japanese_jlpt_n1,to_plan_to_intend_to_aspire,志す,こころざす,kokorozasu
japanese_jlpt_n1,heartening_reassuring,心強い,こころづよい,kokorozuyoi
japanese_jlpt_n1,helpless_hopeless_discourag,心細い,こころぼそい,kokorobosoi
japanese_jlpt_n1,trial_experiment,試み,こころみ,kokoromi
japanese_jlpt_n1,to_try_to_test,試みる,こころみる,kokoromiru
japanese_jlpt_n1,pleasant_agreeable,快い,こころよい,kokoroyoi
japanese_jlpt_n1,error,誤差,ごさ,gosa
japanese_jlpt_n1,to_be_polite_to_exist,ございます (かん),ございます (かん),gozaimasu kan
japanese_jlpt_n1,orphan,孤児,こじ,koji
japanese_jlpt_n1,to_get_complicated_to_grow_,こじれる,こじれる,kojireru
japanese_jlpt_n1,to_strain_to_filter,こす (みずを～),こす (みずを～),kosu
japanese_jlpt_n1,treetop,梢,こずえ,kozu e
japanese_jlpt_n1,individuality_personality_i,個性,こせい,kosei
japanese_jlpt_n1,census_family_register,戸籍,こせき,koseki
japanese_jlpt_n1,ancient_times,古代,こだい,kodai
japanese_jlpt_n1,table_with_heater_originall,こたつ,こたつ,kotatsu
japanese_jlpt_n1,to_fuss_over_to_be_particul,こだわる,こだわる,kodawaru
japanese_jlpt_n1,exaggeration,誇張,こちょう,kochō
japanese_jlpt_n1,secret_trick_hang,こつ (をつかむ),こつ (をつかむ),kotsu (o tsukamu)
japanese_jlpt_n1,funny_humorous_comical,滑稽,こっけい,kokkei
japanese_jlpt_n1,diplomatic_relations,国交,こっこう,kokkō
japanese_jlpt_n1,curio,骨董品,こっとうひん,kottōhin
japanese_jlpt_n1,fixation_fixing_e_g_salary_,固定,こてい,kotei
japanese_jlpt_n1,matter_thing_affair_circums,事柄,ことがら,kotogara
japanese_jlpt_n1,isolation_loneliness_solitu,孤独,こどく,kodoku
japanese_jlpt_n1,altogether_entirely,ことごとく,ことごとく,kotogotoku
japanese_jlpt_n1,to_leave_a_message,言付け,ことづけ,kototsuke
japanese_jlpt_n1,especially_above_all,殊に,ことに,koto ni
japanese_jlpt_n1,in_very_small_pieces,粉々,こなごな,konagona
japanese_jlpt_n1,nice_likable_desirable,好ましい,このましい,konomashii
japanese_jlpt_n1,go_board,碁盤,ごばん,goban
japanese_jlpt_n1,particular_case,個別,こべつ,kobetsu
japanese_jlpt_n1,to_deceive_to_falsify_to_mi,ごまかす,ごまかす,gomakasu
japanese_jlpt_n1,meager_modest,細やか,こまやか,komayaka
japanese_jlpt_n1,a_commercial,コマーシャル,コマーシャル,komāsharu
japanese_jlpt_n1,to_include_to_put_into,込める,こめる,komeru
japanese_jlpt_n1,comment,コメント,コメント,komento
japanese_jlpt_n1,to_seclude_oneself_to_be_co,籠もる,こもる,komoru
japanese_jlpt_n1,characteristic_tradition_pe,固有,こゆう,koyuu
japanese_jlpt_n1,calendar_almanac,暦,こよみ,koyomi
japanese_jlpt_n1,to_concentrate_to_devote_to,凝らす,こらす,korasu
japanese_jlpt_n1,look_please_try_to_do,ごらんなさい (かん),ごらんなさい (かん),gorannasai (kan)
japanese_jlpt_n1,isolation_helplessness,孤立,こりつ,koritsu
japanese_jlpt_n1,to_learn_by_experience_to_b,懲りる,こりる,koriru
japanese_jlpt_n1,to_stiffen_to_harden,凝る,こる,koru
japanese_jlpt_n1,patience_perseverance_energ,根気,こんき,konki
japanese_jlpt_n1,basis_foundation,根拠,こんきょ,konkyo
japanese_jlpt_n1,mixed_race_mixed_parentage,混血,こんけつ,konketsu
japanese_jlpt_n1,contact_contact_lens,コンタクト (レンズ),コンタクト (レンズ),kontakuto (renzu)
japanese_jlpt_n1,insect_bug,昆虫,こんちゅう,konchuu
japanese_jlpt_n1,root_basis_foundation,根底,こんてい,kontei
japanese_jlpt_n1,confusion_mixing_merger,混同,こんどう,kondō
japanese_jlpt_n1,contrast,コントラスト,コントラスト,kontorasuto
japanese_jlpt_n1,control,コントロール,コントロール,kontorooru
japanese_jlpt_n1,compass,コンパス,コンパス,konpasu
japanese_jlpt_n1,foundation_root_base,根本,こんぽん,konpon
japanese_jlpt_n1,fortune_riches,財,ざい,zai
japanese_jlpt_n1,meeting_again_reunion,再会,さいかい,saikai
japanese_jlpt_n1,calamity_disaster_misfortun,災害,さいがい,saigai
japanese_jlpt_n1,bacillus_bacterium_germ,細菌,さいきん,saikin
japanese_jlpt_n1,work_craftsmanship_trick,細工,さいく,saiku
japanese_jlpt_n1,mining,採掘,さいくつ,saikutsu
japanese_jlpt_n1,cycle,サイクル,サイクル,saikuru
japanese_jlpt_n1,vote_roll_call,採決,さいけつ,saiketsu
japanese_jlpt_n1,temple_or_shrine_rebuilding,再建,さいけん,saiken
japanese_jlpt_n1,reproduction_return_revival,再現,さいげん,saigen
japanese_jlpt_n1,source_of_funds_resources_f,財源,ざいげん,zaigen
japanese_jlpt_n1,stockpile_stock,在庫,ざいこ,zaiko
japanese_jlpt_n1,profit,採算,さいさん,saisan
japanese_jlpt_n1,size,サイズ,サイズ,saizu
japanese_jlpt_n1,playback_regeneration_resus,再生,さいせい,saisei
japanese_jlpt_n1,economy_financial_affairs,財政,ざいせい,zaisei
japanese_jlpt_n1,the_very_best,最善,さいぜん,saizen
japanese_jlpt_n1,adoption_selection_choice,採択,さいたく,saitaku
japanese_jlpt_n1,cultivation,栽培,さいばい,saibai
japanese_jlpt_n1,return_relapse_reoccurrence,再発,さいはつ,saihatsu
japanese_jlpt_n1,cell,細胞,さいぼう,saibō
japanese_jlpt_n1,use_adopt,採用,さいよう,saiyou
japanese_jlpt_n1,to_interrupt_to_intercept_t,遮る,さえぎる,saegiru
japanese_jlpt_n1,to_sing_to_chirp_to_twitter,さえずる,さえずる,saezuru
japanese_jlpt_n1,to_be_clear_to_be_bright_to,冴える,さえる,saeru
japanese_jlpt_n1,rod_pole_e_g_for_drying_lau,竿,さお,sao
japanese_jlpt_n1,to_flourish_to_prosper_to_t,栄える,さかえる,sakaeru
japanese_jlpt_n1,balance_difference_margin,差額,さがく,sagaku
japanese_jlpt_n1,wine_cup,杯,さかずき,sakaduki
japanese_jlpt_n1,handstand_headstand,逆立ち,さかだち,sakadachi
japanese_jlpt_n1,before_earlier_than_previou,さきに (いぜん),さきに (いぜん),saki ni (izen)
japanese_jlpt_n1,fraud_swindle,詐欺,さぎ,sagi
japanese_jlpt_n1,cut_reduction,削減,さくげん,sakugen
japanese_jlpt_n1,mistake,錯誤,さくご,sakugo
japanese_jlpt_n1,military_operations_tactics,作戦,さくせん,sakusen
japanese_jlpt_n1,to_lift_up_to_give_to_offer,捧げる,ささげる,sasageru
japanese_jlpt_n1,to_come_near_to_to_approach,差し掛かる,さしかかる,sashikakaru
japanese_jlpt_n1,instruction_mandate,指図,さしず,shazushizu
japanese_jlpt_n1,to_present_to_submit_to_hol,差し出す,さしだす,sashidasu
japanese_jlpt_n1,to_interfere_to_hinder,差し支える,さしつかえる,sashitsukaeru
japanese_jlpt_n1,to_grant_to_award_to_teach,授ける,さずける,sazukeru
japanese_jlpt_n1,to_rub_to_stroke,摩する,さする,sasuru
japanese_jlpt_n1,i_am_sure_certainly_no_doub,さぞ (さぞや。さぞかし),さぞ (さぞや。さぞかし),sazo
japanese_jlpt_n1,to_become_settled_to_be_fix,定まる,さだまる,sadama ru
japanese_jlpt_n1,to_decide_to_determine,定める,さだめる,sadameru
japanese_jlpt_n1,symposium_round_table_discu,座談会,ざだんかい,z humankind
japanese_jlpt_n1,rough_crude,雑,ざつ,zatsu
japanese_jlpt_n1,miscellaneous_goods_general,雑貨,ざっか,zakka
japanese_jlpt_n1,murder,殺人,さつじん,satsujin
japanese_jlpt_n1,to_guess_to_sense_to_judge,察する,さっする,sassuru
japanese_jlpt_n1,chatting_idle_talk,雑談,ざつだん,zatsudan
japanese_jlpt_n1,suddenly_smoothly,さっと,さっと,satto
japanese_jlpt_n1,to_refresh,さっぱりする,さっぱりする,sapparisuru
japanese_jlpt_n1,to_attain_enlightenment_to_,悟る,さとる,satoru
japanese_jlpt_n1,in_the_middle_of_midst,最中,さなか,manaka
japanese_jlpt_n1,coordinates,座標,ざひょう,zahyou
japanese_jlpt_n1,not_so_not_that_much,さほど,さほど,sahodo
japanese_jlpt_n1,to_cut_skip_classes_to_loaf,サボる,サボる,saboru
japanese_jlpt_n1,shout_scream_outcry,叫び,さけび,sakebi
japanese_jlpt_n1,state_way_a_person_does_som,様,さま,sama
japanese_jlpt_n1,chill_shiver_cold,寒気,さむけ,samuke
japanese_jlpt_n1,samurai,侍,さむらい,samurai
japanese_jlpt_n1,with_gusto_with_satisfactio,さも,さも,samo
japanese_jlpt_n1,operation_effect_function,作用,さよう,sayō
japanese_jlpt_n1,to_kidnap,さらう (こどもを～),さらう (こどもを～),sarau (kodomo o ~)
japanese_jlpt_n1,to_hinder_to_interfere_with,障る,さわる,sawaru
japanese_jlpt_n1,acid,酸,さん,san
japanese_jlpt_n1,mountains,山岳,さんがく,sangaku
japanese_jlpt_n1,house_of_councilors,参議院,さんぎいん,Sangiin
japanese_jlpt_n1,maternity_leave,産休,さんきゅう,Sankyuu
japanese_jlpt_n1,thank_you,サンキュー,サンキュー,Sankyuu
japanese_jlpt_n1,remaining_money,残金,ざんきん,Zankin
japanese_jlpt_n1,postpartum_after_childbirth,産後,さんご,Sango
japanese_jlpt_n1,cruelty_harshness,残酷,ざんこく,Zankoku
japanese_jlpt_n1,yield_produce,産出,さんしゅつ,Sanshutsu
japanese_jlpt_n1,reference_consultation_cons,参照,さんしょう,Sanshou
japanese_jlpt_n1,calling_on_visiting,参上,さんじょう,Sanjou
japanese_jlpt_n1,bank_balance_remainder,残高,ざんだか,Zandaka
japanese_jlpt_n1,santa_claus,サンタクロース,サンタクロース,santakurōsu
japanese_jlpt_n1,wharf_jetty_pier,桟橋,さんばし,sanbashi
japanese_jlpt_n1,praise_adoration_glorificat,賛美,さんび,sanbi
japanese_jlpt_n1,hillside_mountainside,山腹,さんぷく,sanpuku
japanese_jlpt_n1,maternity_and_gynecology_de,産婦人科,さんふじんか,sanfujinka
japanese_jlpt_n1,product_result_fruit,産物,さんぶつ,sanbutsu
japanese_jlpt_n1,mountain_range,山脈,さんみゃく,sanmyaku
japanese_jlpt_n1,finish_end_completion,仕上がり,しあがり,shiagari
japanese_jlpt_n1,end_finishing_touches,仕上,しあげ,shiage
japanese_jlpt_n1,to_finish_up_to_complete,仕上げる,しあげる,shiagēru
japanese_jlpt_n1,breeding_raising_rearing,飼育,しいく,shiiku
japanese_jlpt_n1,to_dare_to_insist,強いて,しいて,shiite
japanese_jlpt_n1,seat_sheet,シート,シート,shiito
japanese_jlpt_n1,jeans,ジーパン,ジーパン,jiipan
japanese_jlpt_n1,to_lay_in_stock_to_replenis,仕入れる,しいれる,shiireru
japanese_jlpt_n1,to_force_to_compel_to_coerc,強いる,しいる,shiiru
japanese_jlpt_n1,tide,潮,しお,shio
japanese_jlpt_n1,dentistry,歯科,しか,shika
japanese_jlpt_n1,self_ego,自我,じが,jiga
japanese_jlpt_n1,self_conscious,自覚,じかく,jikaku
japanese_jlpt_n1,device_trick_mechanism,仕掛,しかけ,shikake
japanese_jlpt_n1,to_lay_to_set_to_wage,仕掛ける,しかける,shikakeru
japanese_jlpt_n1,however_nevertheless,しかしながら,しかしながら,shikashi nagara
japanese_jlpt_n1,color,色彩,しきさい,shikisa
japanese_jlpt_n1,ceremonial_hall_place_of_ce,式場,しきじょう,shikijō
japanese_jlpt_n1,custom_conventional_practic,しきたり,しきたり,shikitari
japanese_jlpt_n1,project_enterprise_business,事業,じぎょう,jigyō
japanese_jlpt_n1,scorn_disdain,軽蔑,けいべつ,keibetsu
japanese_jlpt_n1,personal_history_career,経歴,けいれき,keireki
japanese_jlpt_n1,course_route_channel,経路,けいろ,keiro
japanese_jlpt_n1,filthy_unfair,けがらわしい,けがらわしい,kegarawashii
japanese_jlpt_n1,troupe_theatrical_company,劇団,げきだん,gekidan
japanese_jlpt_n1,encouragement,激励,げきれい,gekirei
japanese_jlpt_n1,guest,ゲスト,ゲスト,gesuto
japanese_jlpt_n1,beast_brute,獣,けだもの,kedamono
japanese_jlpt_n1,decision_vote,決,けつ,ketsu
japanese_jlpt_n1,decision_determination,決意,けつい,ketsui
japanese_jlpt_n1,tuberculosis,結核,けっかく,kekkaku
japanese_jlpt_n1,resolution_vote_decision,決議,けつぎ,ketsugi
japanese_jlpt_n1,combination_union,結合,けつごう,ketsugou
japanese_jlpt_n1,balance_sheet_settlement_of,決算,けっさん,kessan
japanese_jlpt_n1,monthly_tuition_fee,月謝,げっしゃ,gessha
japanese_jlpt_n1,finals_in_sports,決勝,けっしょう,kesshō
japanese_jlpt_n1,crystal_crystallization,結晶,けっしょう,kesshō
japanese_jlpt_n1,formation,結成,けっせい,kessei
japanese_jlpt_n1,union_unity,結束,けっそく,kessoku
japanese_jlpt_n1,being_disheartened_losing_w,げっそり,げっそり,gessori
japanese_jlpt_n1,decision_determination_2,決断,けつだん,ketsudan
japanese_jlpt_n1,monthly_installment,月賦,げっぷ,geppu
japanese_jlpt_n1,shortage,欠乏,けつぼう,ketsubō
japanese_jlpt_n1,to_kick_away_to_kick_someon,蹴飛ばす,けとばす,ketobasu
japanese_jlpt_n1,to_speak_ill_of,けなす,けなす,kenasu
japanese_jlpt_n1,smoky_feeling_awkward,煙たい,けむたい,kemutai
japanese_jlpt_n1,to_smoke_e_g_fire,煙る,けむる,kemuru
japanese_jlpt_n1,beast_brute_2,獣,けもの,kemono
japanese_jlpt_n1,retainer_retinue_servant,家来,けらい,kerai
japanese_jlpt_n1,diarrhea,下痢,げり,geri
japanese_jlpt_n1,authority_power_influence,権威,けんい,ken'i
japanese_jlpt_n1,holding_two_jobs_at_the_sam,兼業,けんぎょう,kengyō
japanese_jlpt_n1,original_form_base_form,原形,げんけい,genkei
japanese_jlpt_n1,prototype_model_archetypal,原型,げんけい,genkei
japanese_jlpt_n1,power_authority_jurisdictio,権限,けんげん,kengen
japanese_jlpt_n1,present_current_in_operatio,現行,げんこう,genkou
japanese_jlpt_n1,in_good_health_well,健在,けんざい,kenzai
japanese_jlpt_n1,original_work,原作,げんさく,gensaku
japanese_jlpt_n1,public_prosecutor,検事,けんじ,kenji
japanese_jlpt_n1,atom,原子,げんし,genshi
japanese_jlpt_n1,ruler_sovereign,元首,げんしゅ,genshu
japanese_jlpt_n1,original_document,原書,げんしょ,gensho
japanese_jlpt_n1,offering_prizes_winning_rew,懸賞,けんしょう,kenshou
japanese_jlpt_n1,health_soundness_wholesome,健全,けんぜん,kenzen
japanese_jlpt_n1,element,元素,げんそ,genso
japanese_jlpt_n1,sympathy_agree_with_alignme,同調,どうちょう,dōchō
japanese_jlpt_n1,cannot_possibly,到底,とうてい,tōtei
japanese_jlpt_n1,dynamic_kinetic,動的,どうてき,dōteki
japanese_jlpt_n1,precious_valuable_noble,尊い,とうとい,tōtoi
japanese_jlpt_n1,precious_valuable_noble_2,貴い,とうとい,tōtoi
japanese_jlpt_n1,equality_equal_same_rank,同等,どうとう,dōtō
japanese_jlpt_n1,magnificent_grand_impressiv,堂々,どうどう,dōdō
japanese_jlpt_n1,to_value_to_prize_to_esteem,尊ぶ,とうとぶ,tōtobu
japanese_jlpt_n1,in_some_way_or_other_one_wa,どうにか,どうにか,dōnika
japanese_jlpt_n1,throw_investment_making_an_,投入,とうにゅう,tōnyū
japanese_jlpt_n1,introduction_bringing_in_le,導入,どうにゅう,dōnyū
japanese_jlpt_n1,the_one_concerned_the_said_,当人,とうにん,tōnin
japanese_jlpt_n1,enclosure_e_g_in_a_letter,同封,どうふう,dōfū
japanese_jlpt_n1,escape,逃亡,とうぼう,tōbō
japanese_jlpt_n1,hibernation_winter_sleep,冬眠,とうみん,tōmin
japanese_jlpt_n1,alliance_union_league,同盟,どうめい,dōmei
japanese_jlpt_n1,it_seems_like_somehow_or_ot,どうやら,どうやら,dōyara
japanese_jlpt_n1,power_motive_power_dynamic_,動力,どうりょく,dōryoku
japanese_jlpt_n1,registration_register_recor,登録,とうろく,tōroku
japanese_jlpt_n1,discussion_debate,討論,とうろん,tōron
japanese_jlpt_n1,to_go_far_off,遠ざかる,とおざかる,tōzakaru
japanese_jlpt_n1,detour_roundabout_way,遠回り,とおまわり,tōmawari
japanese_jlpt_n1,tone,トーン,トーン,tōn
japanese_jlpt_n1,anyhow_anyway_in_any_case,とかく,とかく,to kaku
japanese_jlpt_n1,to_blame_to_rebuke,とがめる,とがめる,togameru
japanese_jlpt_n1,sometimes,時折,ときおり,tokiori
japanese_jlpt_n1,to_pause_to_be_interrupted,とぎれる,とぎれる,togireru
japanese_jlpt_n1,to_sharpen_to_grind_to_poli,研ぐ,とぐ,togu
japanese_jlpt_n1,special_talent_skill,特技,とくぎ,tokugi
japanese_jlpt_n1,dictatorship_despotism,独裁,どくさい,dokusai
japanese_jlpt_n1,specialty_special_product,特産,とくさん,tokusan
japanese_jlpt_n1,original_peculiar_character,独自,どくじ,dokuji
japanese_jlpt_n1,feature_e_g_newspaper_speci,特集,とくしゅう,tokushuu
japanese_jlpt_n1,monopoly,独占,どくせん,dokusen
japanese_jlpt_n1,originality,独創,どくそう,dokusou
japanese_jlpt_n1,score_points_made,得点,とくてん,tokuten
japanese_jlpt_n1,send_specially_special_envo,特派,とくは,tokuha
japanese_jlpt_n1,characteristic_of_peculiar_,特有,とくゆう,tokuyuu
japanese_jlpt_n1,thorn,とげ (をさす),とげ (をさす),toge (o sasu)
japanese_jlpt_n1,to_accomplish_to_achieve_to,遂げる,とげる,togeru
japanese_jlpt_n1,rather_far_from,～どころか,～どころか,~dokoro ka
japanese_jlpt_n1,age_marriageable_age_adoles,年頃,としごろ,toshigoro
japanese_jlpt_n1,closing_up_locking_the_door,戸締り,とじまり,tojiri
japanese_jlpt_n1,en_in_route_half_way,途上,とじょう,tojō
japanese_jlpt_n1,foundation_base_basis,土台,どだい,dodai
japanese_jlpt_n1,to_stop_to_cease_to_come_to,途絶える,とだえる,todaeru
japanese_jlpt_n1,special_permission_patent,特許,とっきょ,tokkyo
japanese_jlpt_n1,privilege_special_right,特権,とっけん,tokken
japanese_jlpt_n1,at_once,とっさに,とっさに,tossa ni
japanese_jlpt_n1,suddenly_all_of_a_sudden,突如,とつじょ,totsujo
japanese_jlpt_n1,handle_grip_knob,とって,とって,totte
japanese_jlpt_n1,breaking_through_breakthrou,突破,とっぱ,toppa
japanese_jlpt_n1,embankment_bank,土手,どて,dote
japanese_jlpt_n1,report_notification_registr,届,とどけ,todoke
japanese_jlpt_n1,to_stagnate_to_be_delayed,滞る,とどこおる,todokooru
japanese_jlpt_n1,to_put_in_order_to_arrange_,整える,ととのえる,totonoeru
japanese_jlpt_n1,to_end_to_stop_to_cease_to_,止める,とどめる,todomeru
japanese_jlpt_n1,to_recite_to_chant_to_call_,唱える,となえる,tonaeru
japanese_jlpt_n1,feudal_lord,殿様,とのさま,tonosama
japanese_jlpt_n1,arena,土俵,どひょう,dohyō
japanese_jlpt_n1,door_opening,扉,とびら,tobira
japanese_jlpt_n1,ditch_drain_gap,溝,どぶ,dobu
japanese_jlpt_n1,walking_going_on_foot,徒歩,とほ,toho
japanese_jlpt_n1,public_works,土木,どぼく,do boku
japanese_jlpt_n1,to_play_dumb_to_feign_ignor,とぼける,とぼける,tobokeru
japanese_jlpt_n1,meager_scarce_hard_up_poor,乏しい,とぼしい,toboshii
japanese_jlpt_n1,wealth_fortune,富,とみ,tomi
japanese_jlpt_n1,to_be_rich_to_become_rich,富む,とむ,tomu
japanese_jlpt_n1,working_together_husband_an,共稼ぎ,ともかせぎ,tomokasegi
japanese_jlpt_n1,to_accompany_to_bring_with,伴う,ともなう,tomonau
japanese_jlpt_n1,dual_income_husband_and_wif,共働き,ともばたらき,tomobataraki
japanese_jlpt_n1,dry,ドライ,ドライ,dorai
japanese_jlpt_n1,dry_cleaning,ドライクリーニング,ドライクリーニング,dorai kuriiningu
japanese_jlpt_n1,driver_screwdriver,ドライバー,ドライバー,doraibā
japanese_jlpt_n1,drive_in,ドライブイン,ドライブイン,doraibu in
japanese_jlpt_n1,trouble_sometimes_used_as_a,トラブル,トラブル,toraburu
japanese_jlpt_n1,transistor,トランジスター,トランジスター,toranjisutā
japanese_jlpt_n1,at_once_first_of_all_for_th,とりあえず,とりあえず,toriaezu
japanese_jlpt_n1,treatment_handling_manageme,取扱,とりあつかい,toriatsukai
japanese_jlpt_n1,to_treat_to_handle_to_deal_,取り扱う,とりあつかう,toriatsukau
japanese_jlpt_n1,shinto_shrine_archway,鳥居,とりい,torii
japanese_jlpt_n1,swap_exchange,取り替え,とりかえ,torikae
japanese_jlpt_n1,to_tackle_to_engage_in_a_bo,取り組む,とりくむ,torikumu
japanese_jlpt_n1,control_crackdown_supervisi,取締り,とりしまり,torishimari
japanese_jlpt_n1,to_crack_down_to_control_to,取り締まる,とりしまる,torishimaru
japanese_jlpt_n1,to_investigate_to_examine,取り調べる,とりしらべる,torishiraberu
japanese_jlpt_n1,to_collect_to_extort,取り立てる,とりたてる,toritateru
japanese_jlpt_n1,to_act_as_an_agent_for_to_a,取り次ぐ,とりつぐ,toritsugu
japanese_jlpt_n1,to_furnish_to_install_to_ge,取り付ける,とりつける,toritsukeru
japanese_jlpt_n1,to_remove_to_take_away_to_s,取り除く,とりのぞく,torinozoku
japanese_jlpt_n1,transactions_dealings_busin,取引,とりひき,torihiki
japanese_jlpt_n1,to_surround_to_circle_to_en,取り巻く,とりまく,torimaku
japanese_jlpt_n1,to_mix_to_put_together,取り混ぜる,とりまぜる,torimazeru
japanese_jlpt_n1,to_take_back_to_regain,取り戻す,とりもどす,torimodosu
japanese_jlpt_n1,to_order_to_send_away_for,取り寄せる,とりよせる,toriyoseru
japanese_jlpt_n1,drill,ドリル,ドリル,doriru
japanese_jlpt_n1,especially_above_all_2,副,とりわけ,toriwake
japanese_jlpt_n1,melt_to_be_enchanted_with,とろける,とろける,torokeru
japanese_jlpt_n1,thickheadedness_stolidity,鈍感,どんかん,donkan
japanese_jlpt_n1,terrible_awful_serious_abso,とんだ,とんだ,tonda
japanese_jlpt_n1,lapse_of_memory_forget_for_,度忘れ,どわすれ,dowasure
japanese_jlpt_n1,wholesale_store,問屋,とんや,ton'ya
japanese_jlpt_n1,cabinet_government,内閣,ないかく,naikaku
japanese_jlpt_n1,from_to_between_and_or,乃至,ないし,naishi
japanese_jlpt_n1,secrecy_privacy_secret,内緒,ないしょ,naisho
japanese_jlpt_n1,innermost_thoughts_real_int,内心,ないしん,naishin
japanese_jlpt_n1,internal_organ_built_in,内蔵,ないぞう,naizō
japanese_jlpt_n1,game_under_lights_e_g_baseb,ナイター,ナイター,naitā
japanese_jlpt_n1,interior_inside_internal,内部,ないぶ,naibu
japanese_jlpt_n1,civil_war_domestic_conflict,内乱,ないらん,nairan
japanese_jlpt_n1,inland,内陸,ないりく,nairiku
japanese_jlpt_n1,rice_seedling,苗,なえ,nae
japanese_jlpt_n1,all_the_more_still_less,なおさら,なおさら,naosara
japanese_jlpt_n1,sink,流し,ながし,nagashi
japanese_jlpt_n1,long_drawn_out_very_long,長々,ながなが,naganaga
japanese_jlpt_n1,middle_midway,中程,なかほど,nakahodo
japanese_jlpt_n1,water_s_edge_beach_shore,渚,なぎさ,nagisa
japanese_jlpt_n1,to_sigh_to_lament_to_grieve,嘆く,なげく,nageku
japanese_jlpt_n1,to_abandon_to_throw_out,投げ出す,なげだす,nagedasu
japanese_jlpt_n1,go_between_matchmaker,仲人,なこうど,nakoudo
japanese_jlpt_n1,mild_calm_harmonious,和やか,なごやか,nagoyaka
japanese_jlpt_n1,remains_traces_memory,名残,なごり,nagori
japanese_jlpt_n1,sympathy_compassion,情け,なさけ,nasake
japanese_jlpt_n1,miserable_pitiable_shameful,情無い,なさけない,nasakenai
japanese_jlpt_n1,tender_hearted_compassionat,情深い,なさけぶかい,nasakebukai
japanese_jlpt_n1,to_rebuke_to_scold_to_tell_,詰る,なじる,najiru
japanese_jlpt_n1,famous_celebrated_well_know,名高い,なだかい,nadakai
japanese_jlpt_n1,avalanche,雪崩,なだれ,nadare
japanese_jlpt_n1,to_become_emotionally_attac,懐く,なつく,natsuki
japanese_jlpt_n1,to_name,名付ける,なづける,nazukeru
japanese_jlpt_n1,casual_unconcerned,何気ない,なにげない,nanigenai
japanese_jlpt_n1,please_kindly_by_all_means,なにとぞ,なにとぞ,nanitozo
japanese_jlpt_n1,most_best,なにより,なにより,naniyorimo
japanese_jlpt_n1,napkin,ナプキン,ナプキン,napukin
japanese_jlpt_n1,name_plate_name_tag,名札,なふだ,nafuda
japanese_jlpt_n1,smelling_of_fish_or_blood_f,生臭い,なまぐさい,namagusai
japanese_jlpt_n1,lukewarm_halfhearted,生温い,なまぬるい,namanurui
japanese_jlpt_n1,living_flesh_flesh_and_bloo,生身,なまみ,namami
japanese_jlpt_n1,lead_the_metal,鉛,なまり,namari
japanese_jlpt_n1,smoothness_glassiness,滑らか,なめらか,nameraka
japanese_jlpt_n1,to_lick_to_experience_to_ma,嘗める,なめる,nameru
japanese_jlpt_n1,seductive_melancholy_langui,悩ましい,なやましい,nayamashii
japanese_jlpt_n1,to_bother_to_harass_to_mole,悩ます,なやます,nayamasu
japanese_jlpt_n1,trouble_s_worry_distress,悩み,なやみ,nayami
japanese_jlpt_n1,and,並びに,ならびに,narabi ni
japanese_jlpt_n1,to_consist_of_to_be_practic,成り立つ,なりたつ,naritatsu
japanese_jlpt_n1,as_much_as_possible_if_poss,なるたけ,なるたけ,narutake
japanese_jlpt_n1,practice_experience,慣れ,なれ,nare
japanese_jlpt_n1,familiar_make_free_with,馴々しい,なれなれしい,narenare shii
japanese_jlpt_n1,in_the_least,～なんか,～なんか,nanka
japanese_jlpt_n1,nonsense,ナンセンス,ナンセンス,nansensu
japanese_jlpt_n1,a_little_somewhat_somehow,何だか,なんだか,nandaka
japanese_jlpt_n1,something_or_other,なんだかんだ,なんだかんだ,nandakanda
japanese_jlpt_n1,anything_whatever,なんなり,なんなり,nannari
japanese_jlpt_n1,load_baggage_cargo,荷,に,ni
japanese_jlpt_n1,to_resemble_closely,似通う,にかよう,nikayou
japanese_jlpt_n1,pimple_acne,にきび,にきび,nikibi
japanese_jlpt_n1,to_prosper_to_flourish_to_b,賑わう,にぎわう,nigiwau
japanese_jlpt_n1,hatred,憎しみ,にくしみ,nikushimi
japanese_jlpt_n1,blood_relationship_blood_re,肉親,にくしん,nikushin
japanese_jlpt_n1,the_body_the_flesh,肉体,にくたい,nikutai
japanese_jlpt_n1,to_run_away_to_escape_from,逃げ出す,にげだす,nigedasu
japanese_jlpt_n1,westering_sun,西日,にしび,nishibi
japanese_jlpt_n1,to_run_to_blur_to_spread,滲む,にじむ,nijimu
japanese_jlpt_n1,imitation_counterfeit,にせ物,にせもの,nisemono
japanese_jlpt_n1,day_and_night_always,日夜,にちや,nichiya
japanese_jlpt_n1,packing_baling_crating,荷造り,にづくり,ni-zukuri
japanese_jlpt_n1,to_carry_on_shoulder_to_bea,担う,になう,ninau
japanese_jlpt_n1,to_become_less_capable_to_g,鈍る,にぶる,niburu
japanese_jlpt_n1,in_spite_of_nevertheless,にも関わらず,にもかかわらず,nimo kakawarazu
japanese_jlpt_n1,nuance,ニュアンス,ニュアンス,nyuansu
japanese_jlpt_n1,new,ニュー,ニュー,nyuu
japanese_jlpt_n1,obtaining_coming_to_hand,入手,にゅうしゅ,nyuushu
japanese_jlpt_n1,winning_a_prize_or_place_in,入賞,にゅうしょう,nyuushou
japanese_jlpt_n1,bathe_bathing,入浴,にゅうよく,nyuuyoku
japanese_jlpt_n1,urine,尿,にょう,nyou
japanese_jlpt_n1,recognition_cognizance,認識,にんしき,ninshiki
japanese_jlpt_n1,conception_pregnancy,妊娠,にんしん,ninshin
japanese_jlpt_n1,duty_mission_task,任務,にんむ,ninmu
japanese_jlpt_n1,appointment_nomination_ordi,任命,にんめい,ninmei
japanese_jlpt_n1,to_omit_to_leave_out,抜かす,ぬかす,nukasu
japanese_jlpt_n1,to_slip_out_to_sneak_away_t,抜け出す,ぬけだす,nukedasu
japanese_jlpt_n1,owner_master_god,主,ぬし,nushi
japanese_jlpt_n1,swamp_bog_pond,沼,ぬま,numa
japanese_jlpt_n1,tone_color_timbre,音色,ねいろ,neiro
japanese_jlpt_n1,value_worth_price,値打ち,ねうち,neuchi
japanese_jlpt_n1,photographic_negative,ネガ,ネガ,nega
japanese_jlpt_n1,to_put_to_bed_to_lay_down_t,寝かせる,ねかせる,nekaseru
japanese_jlpt_n1,screwdriver,ねじまわし,ねじまわし,nejimawashi
japanese_jlpt_n1,twist_strain,捩れる,ねじれる,nejireru
japanese_jlpt_n1,to_be_jealous_to_be_envious,妬む,ねたむ,netamu
japanese_jlpt_n1,to_nag_to_demand,ねだる,ねだる,nedaru
japanese_jlpt_n1,zeal_enthusiasm,熱意,ねつい,netsui
japanese_jlpt_n1,boiling_water,熱湯,ねっとう,nettō
japanese_jlpt_n1,calorific_value,熱量,ねつりょう,netsuryō
japanese_jlpt_n1,stickiness_viscosity,粘り,ねばり,nebari
japanese_jlpt_n1,to_be_sticky_to_be_adhesive,粘る,ねばる,nebaru
japanese_jlpt_n1,price_reduction_discount,値引き,ねびき,nebiki
japanese_jlpt_n1,making_necessary_arrangemen,根回し,ねまわし,nemawashi
japanese_jlpt_n1,sleepy,眠たい,ねむたい,nemutai
japanese_jlpt_n1,to_knead_to_work_over_to_po,練る,ねる,neru
japanese_jlpt_n1,sense_feeling_desire,念,ねん,nen
japanese_jlpt_n1,new_year_s_greetings_new_ye,年賀,ねんが,nenga
japanese_jlpt_n1,one_s_heart_s_desire_earnes,念願,ねんがん,nengan
japanese_jlpt_n1,name_of_an_era_year_number,年号,ねんごう,nengō
japanese_jlpt_n1,burning_combustion,燃焼,ねんしょう,nenshō
japanese_jlpt_n1,seniority,年長,ねんちょう,nenchō
japanese_jlpt_n1,fuel,燃料,ねんりょう,nenryō
japanese_jlpt_n1,annual_tree_ring,年輪,ねんりん,nenrin
japanese_jlpt_n1,neurosis_ger_neurose,ノイローゼ,ノイローゼ,noirooze
japanese_jlpt_n1,farming_agriculture,農耕,のうこう,nookoo
japanese_jlpt_n1,farm,農場,のうじょう,noojoo
japanese_jlpt_n1,agricultural_land,農地,のうち,noochi
japanese_jlpt_n1,payment_supply,納入,のうにゅう,noon'nyuu
japanese_jlpt_n1,to_let_loose_to_set_free_to,逃す,のがす,nogasu
japanese_jlpt_n1,to_escape,逃れる,のがれる,nogareru
japanese_jlpt_n1,row_of_houses_uniformly,軒並,のきなみ,nokkinami
japanese_jlpt_n1,desirable_hoped_for,望ましい,のぞましい,nozomashii
japanese_jlpt_n1,to_capture_to_occupy_to_tak,乗っ取る,のっとる,nottoru
japanese_jlpt_n1,tranquil_calm_quiet,のどか,のどか,nodoka
japanese_jlpt_n1,to_speak_ill_of_to_abuse,罵る,ののしる,nonoshiru
japanese_jlpt_n1,futures_credit_buying_stret,延べ,のべ,nobe
japanese_jlpt_n1,to_gulp_down_to_swallow_dee,飲み込む,のみこむ,nomikomu
japanese_jlpt_n1,to_board_to_get_into_a_car_,乗り込む,のりこむ,norikomu
japanese_jlpt_n1,blade_sword,刃,は,ha
japanese_jlpt_n1,group_party_section_mil,～派,～は,-ha
japanese_jlpt_n1,bar,バー,バー,bā
japanese_jlpt_n1,grasp_catch_understanding,把握,はあく,hāku
japanese_jlpt_n1,part_time_job,パート,パート,pa-to
japanese_jlpt_n1,disposal_abandon_discarding,廃棄,はいき,haiki
japanese_jlpt_n1,distribution_e_g_films_rice,配給,はいきゅう,haikyuu
japanese_jlpt_n1,bacteria_germ_s,ばい菌,ばいきん,baikin
japanese_jlpt_n1,spouse,配偶者,はいぐうしゃ,haiguusha
japanese_jlpt_n1,a_formal_greeting_used_at_t,拝啓,はいけい,haikei
japanese_jlpt_n1,background_scenery_setting,背景,はいけい,haikei
japanese_jlpt_n1,back_rear,背後,はいご,haigo
japanese_jlpt_n1,abolition_repeal,廃止,はいし,haishi
japanese_jlpt_n1,humble_polite_borrowing,拝借,はいしゃく,haishaku
japanese_jlpt_n1,exclusion_removal_rejection,排除,はいじょ,haijo
japanese_jlpt_n1,reparations_indemnity_compe,賠償,ばいしょう,baishou
japanese_jlpt_n1,drainage,排水,はいすい,haisui
japanese_jlpt_n1,defeat_losing_a_war,敗戦,はいせん,haisen
japanese_jlpt_n1,arrangement_of_resources_di,配置,はいち,haichi
japanese_jlpt_n1,distribution,配布,はいふ,haifu
japanese_jlpt_n1,distribution_allotment,配分,はいぶん,haibun
japanese_jlpt_n1,defeat_as_a_verb_it_means_t,敗北,はいぼく,haiboku
japanese_jlpt_n1,diameter_magnification,倍率,ばいりつ,bairitsu
japanese_jlpt_n1,consideration_concern_foret,配慮,はいりょ,hairyo
japanese_jlpt_n1,arrangement_array_programmi,配列,はいれつ,hairetsu
japanese_jlpt_n1,destruction,破壊,はかい,hakai
japanese_jlpt_n1,to_sympathize_with_to_conso,いたわる,いたわる,itawaru
japanese_jlpt_n1,unconditionally_necessarily,一概に,いちがいに,ichigai ni
japanese_jlpt_n1,remarkable_considerable,著しい,いちじるしい,ichijirushii
japanese_jlpt_n1,all_present_all_concerned_a,一同,いちどう,ichidō
japanese_jlpt_n1,a_part_a_portion,一部分,いちぶぶん,ichibubun
japanese_jlpt_n1,parting,一別,いちべつ,ichibetsu
japanese_jlpt_n1,one_side_the_other_hand,一面,いちめん,ichimen
japanese_jlpt_n1,a_glance_a_look_a_glimpse,一目,いちもく,ichimoku
japanese_jlpt_n1,uniform_similar_equal,一様,いちよう,ichiyō
japanese_jlpt_n1,even_uniform_equal,一律,いちりつ,ichiritsu
japanese_jlpt_n1,a_series_a_chain_a_ream_of_,一連,いちれん,ichiren
japanese_jlpt_n1,all_together_batch,一括,いっかつ,ikkatsu
japanese_jlpt_n1,at_one_push_in_one_gulp,一気,いっき,ikki
japanese_jlpt_n1,at_a_stroke_with_a_single_s,一挙に,いっきょに,ikkyo ni
japanese_jlpt_n1,a_look_a_glimpse_glance_fir,一見,いっけん,ikken
japanese_jlpt_n1,without_exception_the_whole,一切,いっさい,issai
japanese_jlpt_n1,one_mind_with_rapt_attentio,一心,いっしん,isshin
japanese_jlpt_n1,rather_sooner_might_as_well,いっそ,いっそ,issō
japanese_jlpt_n1,complete_change,一変,いっぺん,ippen
japanese_jlpt_n1,intention_aim_design,意図,いと,ito
japanese_jlpt_n1,to_carry_on_e_g_in_ceremony,営む,いとなむ,itonamu
japanese_jlpt_n1,to_challenge,挑む,いどむ,idomu
japanese_jlpt_n1,flash_of_lightning,稲光,いなびかり,inabikari
japanese_jlpt_n1,prayer_supplication,祈り,いのり,inori
japanese_jlpt_n1,snoring,いびき,いびき,ibiki
japanese_jlpt_n1,now_again,今更,いまさら,imasara
japanese_jlpt_n1,yet_still,未だ,いまだ,imada
japanese_jlpt_n1,emigrant_immigrant,移民,いみん,imin
japanese_jlpt_n1,reluctantly_by_no_means_unw,嫌々,いやいや,iyaiya
japanese_jlpt_n1,greedy_vulgar_shabby,卑しい,いやしい,iyashii
japanese_jlpt_n1,awfully_terribly,いやに,いやに,iyani
japanese_jlpt_n1,unpleasant_disgusting_indec,いやらしい,いやらしい,iyarashii
japanese_jlpt_n1,will_desire_ambition,意欲,いよく,iyoku
japanese_jlpt_n1,power_might_authority,威力,いりょく,iryoku
japanese_jlpt_n1,clothes_clothing_garments,衣類,いるい,irui
japanese_jlpt_n1,different_opinion_objection,異論,いろん,iron
japanese_jlpt_n1,stamp_seal,印鑑,いんかん,inkan
japanese_jlpt_n1,gloom_melancholy,陰気,いんき,inki
japanese_jlpt_n1,retirement_retired_person,隠居,いんきょ,inkyo
japanese_jlpt_n1,interchange,インターチェンジ,インターチェンジ,intaacheenji
japanese_jlpt_n1,international,インターナショナル,インターナショナル,intaana shonaru
japanese_jlpt_n1,entry_phone_intercom,インターフォン,インターフォン,intaa fon
japanese_jlpt_n1,abbr_egghead_intelligentsia,インテリ,インテリ,interi
japanese_jlpt_n1,information,インフォメーション,インフォメーション,infomē shon
japanese_jlpt_n1,abbr_inflation,インフレ,インフレ,infure
japanese_jlpt_n1,to_pass_examination,受かる,うかる,ukaru
japanese_jlpt_n1,receiving_acceptance,受け入れ,うけいれ,ukeire
japanese_jlpt_n1,to_accept_to_receive,受け入れる,うけいれる,ukeireru
japanese_jlpt_n1,to_inherit_to_succeed,受け継ぐ,うけつぐ,uketsugu
japanese_jlpt_n1,to_be_accepted_to_receive_a,受け付ける,うけつける,uketsukeru
japanese_jlpt_n1,to_catch_to_react_to_to_tak,受け止める,うけとめる,uketomeru
japanese_jlpt_n1,passive_passive_voice,受身,うけみ,ukemi
japanese_jlpt_n1,charge_of_something_matter_,受持ち,うけもち,uke mochi
japanese_jlpt_n1,movement_activity_trend,動き,うごき,ugoki
japanese_jlpt_n1,to_bury_to_fill,埋める,うずめる,uzumeru
japanese_jlpt_n1,liar,嘘つき,うそつき,usotsuki
japanese_jlpt_n1,dozing_napping,うたた寝,うたたね,utatane
japanese_jlpt_n1,to_confess_to_be_open,打ち明ける,うちあける,uchiakeru
japanese_jlpt_n1,to_stop_to_abort_to_discont,打ち切る,うちきる,uchikiru
japanese_jlpt_n1,gram_negation_denial_negati,打ち消し,うちけし,uchikeshi
japanese_jlpt_n1,to_devote_oneself_to_to_sho,打ち込む,うちこむ,uchikomu
japanese_jlpt_n1,fan,団扇,うちわ,uchiwa
japanese_jlpt_n1,the_items_breakdown_classif,内訳,うちわけ,uchiwake
japanese_jlpt_n1,copy_duplicate,写し,うつし,utsushi
japanese_jlpt_n1,lawsuit_complaint,訴え,うったえ,uttae
japanese_jlpt_n1,weary_annoying,うっとうしい,うっとうしい,uttōshii
japanese_jlpt_n1,to_look_downward_to_stoop,うつむく,うつむく,utsumuku
japanese_jlpt_n1,blank_hollow_empty,空ろ,うつろ,utsuro
japanese_jlpt_n1,bowl_vessel_container,器,うつわ,utsuwa
japanese_jlpt_n1,ability_skill_facility,腕前,うでまえ,udemae
japanese_jlpt_n1,rainy_weather,雨天,うてん,uten
japanese_jlpt_n1,to_urge_to_suggest_to_deman,促す,うながす,unagasu
japanese_jlpt_n1,pretension_conceit_hubris,うぬぼれ,うぬぼれ,unubore
japanese_jlpt_n1,by_nature_by_birth_native,生まれつき,うまれつき,umaretsuki
japanese_jlpt_n1,to_embed_implant,埋め込む,うめこむ,umekomu
japanese_jlpt_n1,dried_plum,梅干し,うめぼし,umeboshi
japanese_jlpt_n1,inside_out_reverse,裏返し,うらがえし,uragaeshi
japanese_jlpt_n1,bargain_sale,売り出し,うりだし,uridashi
japanese_jlpt_n1,to_put_on_sale_to_market,売り出す,うりだす,uridasu
japanese_jlpt_n1,to_be_moist_to_profit_by,潤う,うるおう,uruou
japanese_jlpt_n1,affair_to_cheat,浮気,うわき,uwaki
japanese_jlpt_n1,to_exceed,上回る,うわまわる,uwamawaru
japanese_jlpt_n1,to_be_planted,植わる,うわる,uwawaru
japanese_jlpt_n1,management_administration_o,運営,うんえい,un'ei
japanese_jlpt_n1,tedious_boring_being_fed_up,うんざり,うんざり,unzari
japanese_jlpt_n1,shipping_freight,運送,うんそう,unsou
japanese_jlpt_n1,freight_rates_shipping_expe,運賃,うんちん,unchin
japanese_jlpt_n1,and_so_on_and_so_forth,云々,うんぬん,un'un
japanese_jlpt_n1,transport_carriage,運搬,うんぱん,unpan
japanese_jlpt_n1,fate,運命,うんめい,unmei
japanese_jlpt_n1,transportation,運輸,うんゆ,un'yu
japanese_jlpt_n1,making_use_of_application_p,運用,うんよう,un'yō
japanese_jlpt_n1,air_mail,エアメール,エアメール,eamēru
japanese_jlpt_n1,run,～営,～えい,~ei
japanese_jlpt_n1,english_letter_character,英字,えいじ,eiji
japanese_jlpt_n1,projection,映写,えいしゃ,eisha
japanese_jlpt_n1,reflection_image,映像,えいぞう,eizō
japanese_jlpt_n1,hero_great_man,英雄,えいゆう,eiyū
japanese_jlpt_n1,liquid_fluid,液,えき,eki
japanese_jlpt_n1,inspection_reference_browse,閲覧,えつらん,etsuran
japanese_jlpt_n1,game_spoils_trophy,獲物,えもの,emono
japanese_jlpt_n1,neck_collar,襟,えり,eri
japanese_jlpt_n1,elegant,エレガント,エレガント,ereganto
japanese_jlpt_n1,harmony_smoothness,円滑,えんかつ,enkatsu
japanese_jlpt_n1,veranda_porch_balcony_open_,縁側,えんがわ,engawa
japanese_jlpt_n1,coast_shore,沿岸,えんがん,engan
japanese_jlpt_n1,euphemistic_indirect_insinu,婉曲,えんきょく,enkyoku
japanese_jlpt_n1,production_erg_play_directi,演出,えんしゅつ,enshutsu
japanese_jlpt_n1,engineer,エンジニア,エンジニア,enjinia
japanese_jlpt_n1,to_perform_to_play_a_part_t,演じる,えんじる,enjiru
japanese_jlpt_n1,to_perform_to_play_a_part_2,演ずる,えんずる,enzuru
japanese_jlpt_n1,along_railway_line,沿線,えんせん,ensen
japanese_jlpt_n1,marriage_proposal,縁談,えんだん,endan
japanese_jlpt_n1,long_way_distant_place,遠方,えんぽう,enpō
japanese_jlpt_n1,harmony_peace_smoothness,円満,えんまん,enman
japanese_jlpt_n1,to_herd_to_corner_to_drive,追い込む,おいこむ,oikomu
japanese_jlpt_n1,to_expel_to_drive_out,追い出す,おいだす,oidasu
japanese_jlpt_n1,at_in_on,於いて,おいて,oite
japanese_jlpt_n1,to_age_to_grow_old,老いる,おいる,oiru
japanese_jlpt_n1,emergency,応急,おうきゅう,ōkyū
japanese_jlpt_n1,gold,黄金,おうごん,ōgon
japanese_jlpt_n1,doctor_s_visit_house_call,往診,おうしん,ōshin
japanese_jlpt_n1,subscription_application,応募,おうぼ,ōbo
japanese_jlpt_n1,hey,おおい (かん),おおい (かん),ōi (kan)
japanese_jlpt_n1,almost_all_majority,大方,おおかた,ōkata
japanese_jlpt_n1,large_build_large_pattern,大柄,おおがら,ōgara
japanese_jlpt_n1,grandiose_exaggerated,おおげさ,おおげさ,ōgesa
japanese_jlpt_n1,outline_summary,大筋,おおすじ,ōsuji
japanese_jlpt_n1,heaven_the_sky,大空,おおぞら,oozora
japanese_jlpt_n1,automatic,オートマチック,オートマチック,ōtomachikku
japanese_jlpt_n1,full_width_large_scale_dras,大幅,おおはば,ōhaba
japanese_jlpt_n1,rough_approximate,おおまかな,おおまかな,ōmakana
japanese_jlpt_n1,flood_2,大水,おおみず,ōmizu
japanese_jlpt_n1,public,公,おおやけ,ōyake
japanese_jlpt_n1,to_perpetrate_to_violate,犯す,おかす,okasu
japanese_jlpt_n1,to_invade_to_raid_to_trespa,侵す,おかす,okasu
japanese_jlpt_n1,cowardice_timidity,臆病,おくびょう,okubyō
japanese_jlpt_n1,to_retard_to_delay,遅らす,おくらす,okurasu
japanese_jlpt_n1,majestic_dignified,厳か,おごそか,ogosoka
japanese_jlpt_n1,conduct_behavior_action,行い,おこない,okonai
japanese_jlpt_n1,to_give_someone_a_treat,おごる (ゆうしょくを～),おごる (ゆうしょくを～),ogoru (yuushoku o~)
japanese_jlpt_n1,to_settle_into_to_be_obtain,収まる,おさまる,osamaru
japanese_jlpt_n1,to_settle_into_to_be_obta_2,納まる,おさまる,osamaru
japanese_jlpt_n1,to_be_at_peace_to_calm_down,治まる,おさまる,osamaru
japanese_jlpt_n1,giving_birth,お産,おさん,osan
japanese_jlpt_n1,to_have_one_s_own_way,押し切る,おしきる,oshikiru
japanese_jlpt_n1,to_push_into_to_crowd_into,押し込む,おしこむ,oshikomu
japanese_jlpt_n1,to_be_frugal_to_value_to_re,惜しむ,おしむ,oshimru
japanese_jlpt_n1,to_push_aside_to_advance_on,押し寄せる,おしよせる,oshiyoseru
japanese_jlpt_n1,male_animal,雄,おす,osu
japanese_jlpt_n1,flattery_compliment,御世辞,おせじ,oseji
japanese_jlpt_n1,to_attack,襲う,おそう,osou
japanese_jlpt_n1,at_the_latest,遅くとも,おそくとも,osokutomo
japanese_jlpt_n1,fear_horror,恐れ,おそれ,osore
japanese_jlpt_n1,to_be_filled_with_awe_to_fe,恐れ入る,おそれいる,osoreiru
japanese_jlpt_n1,to_flatter,おだてる,おだてる,odateru
japanese_jlpt_n1,to_get_depressed,落ち込む,おちこむ,ochikomu
japanese_jlpt_n1,calm_composure,落ち着き,おちつき,ochitsuki
japanese_jlpt_n1,fallen_leaves,落葉,おちば,ochiba
japanese_jlpt_n1,2nd_in_rank,乙,おつ,otsu
japanese_jlpt_n1,errand,お使い,おつかい,otsukai
japanese_jlpt_n1,frightening_scary,おっかない,おっかない,okkanai
japanese_jlpt_n1,given_in_given_up_hope,お手上げ,おてあげ,teage
japanese_jlpt_n1,coweringly_hesitantly,おどおど,おどおど,odoodo
japanese_jlpt_n1,to_threaten_to_menace,脅す,おどす,odosu
japanese_jlpt_n1,to_visit,訪れる,おとずれる,otozureru
japanese_jlpt_n1,attendant_companion,お供,おとも,otomo
japanese_jlpt_n1,to_become_weak_to_decline,衰える,おとろえる,otoroeru
japanese_jlpt_n1,of_the_same_age,同い年,おないどし,onaidoshi
japanese_jlpt_n1,naturally_as_a_matter_of_co,自ずから,おのずから,onozukara
japanese_jlpt_n1,to_become_frightened,怯える,おびえる,obieru
japanese_jlpt_n1,abundantly_innumerably,おびただしい,おびただしい,obitadashii
japanese_jlpt_n1,to_threaten_to_coerce,脅かす,おびやかす,obiyakasu
japanese_jlpt_n1,to_bear_to_carry_to_be_entr,帯びる,おびる,obiru
japanese_jlpt_n1,mother,お袋,おふくろ,ofukuro
japanese_jlpt_n1,memory_sense_experience,覚え,おぼえ,oboe
japanese_jlpt_n1,a_discount_something_additi,おまけ,おまけ,omake
japanese_jlpt_n1,shinto_shrine,お宮,おみや,omiya
japanese_jlpt_n1,diaper_nappy,おむつ,おむつ,omutsu
japanese_jlpt_n1,plan_idea_suggestion,思い付き,おもいつき,omoitsuki
japanese_jlpt_n1,flavor_appearance_quaint,趣,おもむき,omomuki
japanese_jlpt_n1,to_go_to_proceed,赴く,おもむく,omomuku
japanese_jlpt_n1,to_respect_to_honor_to_este,重んじる,おもんじる,omonjiru
japanese_jlpt_n1,to_honor_to_respect_to_valu,重んずる,おもんずる,omonzuru
japanese_jlpt_n1,one_s_father_old_man_one_s_,親父,おやじ,oyaji
japanese_jlpt_n1,and_as_well_as,及び,および,oyobi
japanese_jlpt_n1,to_reach_to_extend,及ぶ,およぶ,oyobu
japanese_jlpt_n1,chance_occasion,折,おり,ori
japanese_jlpt_n1,cage_pen_jail_cell,檻,おり,ori
japanese_jlpt_n1,orientation,オリエンテーション,オリエンテーション,orientēshon
japanese_jlpt_n1,to_turn_up_to_fold_back,折り返す,おりかえす,orikaesu
japanese_jlpt_n1,textile_fabric,織物,おりもの,orimono
japanese_jlpt_n1,i_ego_boastful_first_person,俺,おれ,ore
japanese_jlpt_n1,foolish_stupid,愚か,おろか,oroka
japanese_jlpt_n1,neglect_negligence_careless,おろそか,おろそか,orosoka
japanese_jlpt_n1,carrying_on_one_s_back_erg_,おんぶ,おんぶ,onbu
japanese_jlpt_n1,on_line,オンライン,オンライン,onrain
japanese_jlpt_n1,gentle_mild_moderate,温和,おんわ,onwa
japanese_jlpt_n1,ego,我,が～,ga
japanese_jlpt_n1,carpet,カーペット,カーペット,kāpetto
japanese_jlpt_n1,world_circle_kingdom,～界,～かい,kai
japanese_jlpt_n1,town,～街,～がい,gai
japanese_jlpt_n1,deterioration_changing_for_,改悪,かいあく,kaiaku
japanese_jlpt_n1,marine_transportation,海運,かいうん,kaiun
japanese_jlpt_n1,foreign_money,外貨,がいか,gaika
japanese_jlpt_n1,reform_reformation_innovati,改革,かいかく,kaikaku
japanese_jlpt_n1,shell,貝殻,かいがら,kaigara
japanese_jlpt_n1,appearance_exterior_facade,外観,がいかん,gaikan
japanese_jlpt_n1,class_rank_grade,階級,かいきゅう,kaikyū
japanese_jlpt_n1,channel,海峡,かいきょう,kaikyō
japanese_jlpt_n1,interview_conference,会見,かいけん,kaiken
japanese_jlpt_n1,nursing,介護,かいご,kaigo
japanese_jlpt_n1,holding_a_meeting_open_an_e,開催,かいさい,kaisai
japanese_jlpt_n1,collection_recovery,回収,かいしゅう,kaishū
japanese_jlpt_n1,repair_improvement,改修,かいしゅう,kaishū
japanese_jlpt_n1,monster,怪獣,かいじゅう,kaijū
japanese_jlpt_n1,cancellation_release_cancel,解除,かいじょ,kaijo
japanese_jlpt_n1,foreign_minister,外相,がいしょう,gaishō
japanese_jlpt_n1,to_harm_to_offend,害する,がいする,gaisuru
japanese_jlpt_n1,general_statement_outline,概説,がいせつ,gaisetsu
japanese_jlpt_n1,forwarding,回送,かいそう,kaisou
japanese_jlpt_n1,class_level_stratum_hierarc,階層,かいそう,kaisou
japanese_jlpt_n1,cultivation_pioneer,開拓,かいたく,kaitaku
japanese_jlpt_n1,conversation_interview,会談,かいだん,kaidan
japanese_jlpt_n1,reform,改定,かいてい,kaitei
japanese_jlpt_n1,revision,改訂,かいてい,kaitei
japanese_jlpt_n1,guide,ガイド,ガイド,gaido
japanese_jlpt_n1,highway,街道,かいどう,kaidou
japanese_jlpt_n1,corresponding_answering_to_,該当,がいとう,gaitō
japanese_jlpt_n1,in_the_street,街頭,がいとう,gaitō
japanese_jlpt_n1,guidebook,ガイドブック,ガイドブック,gaidobukku
japanese_jlpt_n1,intervention,介入,かいにゅう,kainyū
japanese_jlpt_n1,general_idea_concept_notion,概念,がいねん,gainen
japanese_jlpt_n1,development_exploitation,開発,かいはつ,kaihatsu
japanese_jlpt_n1,height_above_sea_level,海抜,かいばつ,kaibatsu
japanese_jlpt_n1,nursing_looking_after,介抱,かいほう,kaihō
japanese_jlpt_n1,dissection_autopsy,解剖,かいぼう,kaibō
japanese_jlpt_n1,abbr_imported_outpatient_cl,外来,がいらい,gairai
japanese_jlpt_n1,circulation,回覧,かいらん,kairan
japanese_jlpt_n1,outline_summary_gist,概略,がいりゃく,gairyaku
japanese_jlpt_n1,ocean_current,海流,かいりゅう,kairyuu
japanese_jlpt_n1,improvement_reform,改良,かいりょう,kairyou
japanese_jlpt_n1,circuit_electric,回路,かいろ,kairo
japanese_jlpt_n1,sea_route,海路,かいろ,kairo
japanese_jlpt_n1,to_reflect,省みる,かえりみる,kaerimiru
japanese_jlpt_n1,to_look_back_to_turn_around,顧みる,かえりみる,kaerimiru
japanese_jlpt_n1,facial_expression,顔付き,かおつき,kaotsuki
japanese_jlpt_n1,extracurricular,課外,かがい,kagai
japanese_jlpt_n1,to_hoist_to_fly_a_sail_to_f,掲げる,かかげる,kageru
japanese_jlpt_n1,shoe_heel,かかと,かかと,kakato
japanese_jlpt_n1,to_write_down_to_take_dicta,書き取る,かきとる,kakitoru
japanese_jlpt_n1,to_stir_up_to_churn_to_dist,掻き回す,かきまわす,kakimawasu
japanese_jlpt_n1,to_humiliate_oneself,かく (はじを),かく (はじを),kaku (haji o)
japanese_jlpt_n1,strokes,～画,～かく,kaku
japanese_jlpt_n1,arts_and_sciences_liberal_a,学芸,がくげい,gakugei
japanese_jlpt_n1,difference_disparity,格差,かくさ,kakusa
japanese_jlpt_n1,scattering_diffusion,拡散,かくさん,kakusan
japanese_jlpt_n1,university_graduate,学士,がくし,gakushi
japanese_jlpt_n1,every_kind_all_sorts,各種,かくしゅ,kakushu
japanese_jlpt_n1,every_other_week,隔週,かくしゅう,kakushū
japanese_jlpt_n1,conviction_confidence,確信,かくしん,kakushin
japanese_jlpt_n1,reform_innovation,革新,かくしん,kakushin
japanese_jlpt_n1,theory,学説,がくせつ,gakusetsu
japanese_jlpt_n1,fixed_decision,確定,かくてい,kakutei
japanese_jlpt_n1,cocktail,カクテル,カクテル,kakuteru
japanese_jlpt_n1,acquisition_possession,獲得,かくとく,kakutoku
japanese_jlpt_n1,score_music_sheet_music,楽譜,がくふ,gakufu
japanese_jlpt_n1,guarantee_insure_secure,確保,かくほ,kakuho
japanese_jlpt_n1,revolution,革命,かくめい,kakumei
japanese_jlpt_n1,establishment,確立,かくりつ,kakuritsu
japanese_jlpt_n1,betting_gambling_a_gamble,賭,かけ,kake
japanese_jlpt_n1,credit,掛～,かけ～,kake~
japanese_jlpt_n1,rack_hanger,～掛け,～かけ,~kake
japanese_jlpt_n1,cliff,崖,がけ,gake
japanese_jlpt_n1,running_fast_double_time,駆け足,かけあし,kakeashi
japanese_jlpt_n1,household_economy_family_fi,家計,かけい,kakei
japanese_jlpt_n1,foot_race,駆けっこ,かけっこ,kakekko
japanese_jlpt_n1,manufacturing_processing_tr,加工,かこう,kakō
japanese_jlpt_n1,chemical_combination,化合,かごう,kagō
japanese_jlpt_n1,to_be_bulky,かさばる,かさばる,kasabaru
japanese_jlpt_n1,to_pile_up_to_increase,かさむ,かさむ,kasamu
japanese_jlpt_n1,itemized_form_itemization,箇条書,かじょうがき,kajōgaki
japanese_jlpt_n1,head_chief,頭,かしら,kashira
japanese_jlpt_n1,faint_dim_weak,微か,かすか,kasuka
japanese_jlpt_n1,to_grow_hazy_to_be_misty,霞む,かすむ,kasumu
japanese_jlpt_n1,to_rub_to_chafe,擦る,かする,kasuru
japanese_jlpt_n1,mars,火星,かせい,kasei
japanese_jlpt_n1,fossil_petrifaction_fossili,化石,かせき,kaseki
japanese_jlpt_n1,rivers,河川,かせん,kasen
japanese_jlpt_n1,synthetic_fibers,化繊,かせん,kasen
japanese_jlpt_n1,depopulation,過疎,かそ,kaso
japanese_jlpt_n1,single,片～,かた～,kata-
japanese_jlpt_n1,broken_in_reference_to_spea,片言,かたこと,katakoto
japanese_jlpt_n1,to_incline_to_tilt_to_bend,傾ける,かたむける,katamukeru
japanese_jlpt_n1,to_harden_to_freeze_to_fort,固める,かためる,katameru
japanese_jlpt_n1,beside_s_while_nearby,傍ら,かたわら,katawara
japanese_jlpt_n1,flower_bed,花壇,かだん,kadan
japanese_jlpt_n1,domestic_animals_livestock_,家畜,かちく,kachiku
japanese_jlpt_n1,yet_and,且つ,かつ,katsu
japanese_jlpt_n1,heartbroken,がっくり,がっくり,gakkuri
japanese_jlpt_n1,chorus_singing_in_a_chorus,合唱,がっしょう,gasshou
japanese_jlpt_n1,firmly_solidly_tough,がっしり,がっしり,gasshiri
japanese_jlpt_n1,agreement_concurrence_confo,合致,がっち,gatchi
japanese_jlpt_n1,solidly_built_tightly,がっちり,がっちり,gatchiri
japanese_jlpt_n1,once_before_formerly,かつて,かつて,katsute
japanese_jlpt_n1,kitchen_one_s_way_selfishne,勝手,かって,katte
japanese_jlpt_n1,cut_cutting,カット,カット,katto
japanese_jlpt_n1,vigor_active,活発,かっぱつ,kappatsu
japanese_jlpt_n1,combination_amalgamation_me,合併,がっぺい,gappei
japanese_jlpt_n1,category,カテゴリー,カテゴリー,kategorii
japanese_jlpt_n1,to_come_true,叶う,かなう,kanau
japanese_jlpt_n1,to_grant_request_wish,叶える,かなえる,kanaeru
japanese_jlpt_n1,iron_hammer,金槌,かなづち,kanazuchi
japanese_jlpt_n1,be_beyond_one_s_power_be_un,かなわない,かなわない,kanawanai
japanese_jlpt_n1,becoming_a_member_admission,加入,かにゅう,kanyuu
japanese_jlpt_n1,previously_already_lately,予て,かねて,kanete
japanese_jlpt_n1,to_protect_someone_to_nbsp_,庇う,かばう,kabau
japanese_jlpt_n1,stock,株式,かぶしき,kabushiki
japanese_jlpt_n1,to_react_to_to_be_influence,かぶれる,かぶれる,kabureru
japanese_jlpt_n1,pollen,花粉,かふん,kafun
japanese_jlpt_n1,money_currency_coinage,貨幣,かへい,kahei
japanese_jlpt_n1,to_set_up,構える,かまえる,kamaeru
japanese_jlpt_n1,crowded,過密,かみつ,kamitsu
japanese_jlpt_n1,to_bite_off_to_gnaw_through,噛み切る,かみきる,kamikiru
japanese_jlpt_n1,comeback,カムバック,カムバック,kamubakku
japanese_jlpt_n1,cameraman,カメラマン,カメラマン,kameraman
japanese_jlpt_n1,rice_porridge,粥,かゆ,kayu
japanese_jlpt_n1,body_build_figure,体付き,からだつき,karadatsuki
japanese_jlpt_n1,to_entangle_to_entwine,絡む,からむ,karamu
japanese_jlpt_n1,temporarily_if_for_argument,かりに,かりに,karini
japanese_jlpt_n1,clinical_records_ger_karte,カルテ,カルテ,karute
japanese_jlpt_n1,garage_at_house,ガレージ,ガレージ,garēji
japanese_jlpt_n1,overwork_strain,過労,かろう,karō
japanese_jlpt_n1,barely_narrowly,かろうじて,かろうじて,karōjite
japanese_jlpt_n1,to_exchange,交す,かわす,kawasu
japanese_jlpt_n1,alternately,代る代る,かわるがわる,kawarugawaru
japanese_jlpt_n1,simplicity_easiness_quasi,簡易,かんい,kan'i
japanese_jlpt_n1,irrigation,灌漑,かんがい,kangai
japanese_jlpt_n1,ophthalmology,眼科,がんか,ganka
japanese_jlpt_n1,eyeball,眼球,がんきゅう,gankyū
japanese_jlpt_n1,toy,玩具,がんぐ,gangu
japanese_jlpt_n1,brevity_concise_simple,簡潔,かんけつ,kanketsu
japanese_jlpt_n1,resolution_reduction_return,還元,かんげん,kangen
japanese_jlpt_n1,nursing_2,看護,かんご,kango
japanese_jlpt_n1,chinese_word_sino_japanese_,漢語,かんご,kango
japanese_jlpt_n1,stubbornness_obstinacy,頑固,がんこ,ganko
japanese_jlpt_n1,advice_counsel,勧告,かんこく,kankoku
japanese_jlpt_n1,conversion_change_exchange,換算,かんさん,kansan
japanese_jlpt_n1,observation_guarding_survei,監視,かんし,kanshi
japanese_jlpt_n1,usual_historical_custom,慣習,かんしゅう,kanshū
japanese_jlpt_n1,spectators_audience,観衆,かんしゅう,kanshū
japanese_jlpt_n1,application_form,願書,がんしょ,gansho
japanese_jlpt_n1,interference_intervention,干渉,かんしょう,kanshō
japanese_jlpt_n1,solid_firm_strong,頑丈,がんじょう,ganjō
japanese_jlpt_n1,sense_of_touch_feeling_sens,感触,かんしょく,kanshoku
japanese_jlpt_n1,essential_fundamental_cruci,肝心,かんじん,kanjin
japanese_jlpt_n1,essential_fundamental_cru_2,肝腎,かんじん,kanjin
japanese_jlpt_n1,customs_duty_tariff,関税,かんぜい,kanzei
japanese_jlpt_n1,rock,岩石,がんせき,ganseki
japanese_jlpt_n1,infection_contagion,感染,かんせん,kansen
japanese_jlpt_n1,main_line_trunk_line,幹線,かんせん,kansen
japanese_jlpt_n1,simplicity_plain,簡素,かんそ,kanso
japanese_jlpt_n1,point_of_view_2,観点,かんてん,kanten
japanese_jlpt_n1,sensitivity_severity_quake,感度,かんど,kando
japanese_jlpt_n1,cunning_cheat,カンニング,カンニング,kanningu
japanese_jlpt_n1,first_year_of_a_specific_re,元年,がんねん,gannen
japanese_jlpt_n1,management_executive,幹部,かんぶ,kanbu
japanese_jlpt_n1,perfection_completeness_fla,完ぺき,かんぺき,kanpeki
japanese_jlpt_n1,pardon_forgiveness_forbeara,勘弁,かんべん,kanben
japanese_jlpt_n1,deep_feeling_filled_with_em,感無量,かんむりょう,kanmuryō
japanese_jlpt_n1,invitation_canvassing_induc,勧誘,かんゆう,kanyū
japanese_jlpt_n1,participation_taking_part_i,関与,かんよ,kan'yo
japanese_jlpt_n1,forbearance_tolerance_gener,寛容,かんよう,kanyō
japanese_jlpt_n1,originally_naturally,元来,がんらい,ganrai
japanese_jlpt_n1,viewing,観覧,かんらん,kanran
japanese_jlpt_n1,custom_precedent_of_convent,慣例,かんれい,kanrei
japanese_jlpt_n1,60th_birthday,還暦,かんれき,kanreki
japanese_jlpt_n1,presence_dignity,貫禄,かんろく,kanroku
japanese_jlpt_n1,relief_mitigation,緩和,かんわ,kanwa
japanese_jlpt_n1,legislative_bill,議案,ぎあん,gian
japanese_jlpt_n1,injury_harm_danger,危害,きがい,kigai
japanese_jlpt_n1,planning_project,企画,きかく,kikaku
japanese_jlpt_n1,standard_norm,規格,きかく,kikaku
japanese_jlpt_n1,to_dress_up,着飾る,きかざる,kikazaru
japanese_jlpt_n1,hesitance_diffidence_feelin,気兼ね,きがね,kigane
japanese_jlpt_n1,cheerful_buoyant_lightheart,気軽,きがる,kigaru
japanese_jlpt_n1,crisis,危機,きき,kiki
japanese_jlpt_n1,listening_comprehension,聞き取り,ききとり,kikitóri
japanese_jlpt_n1,effect_virtue_efficacy,効き目,ききめ,kikime
japanese_jlpt_n1,returning_to_tokyo,帰京,ききょう,kikyō
japanese_jlpt_n1,play_drama,戯曲,ぎきょく,gigyoku
japanese_jlpt_n1,fund_foundation,基金,ききん,kikin
japanese_jlpt_n1,comedy_funny_show,喜劇,きげき,kigeki
japanese_jlpt_n1,resolution_decision_vote,議決,ぎけつ,giketsu
japanese_jlpt_n1,abstain_from_voting_renunci,棄権,きけん,kiken
japanese_jlpt_n1,married,既婚,きこん,kikon
japanese_jlpt_n1,affectation_conceit_snobber,気障,きざ,kiza
japanese_jlpt_n1,mention_entry,記載,きさい,kisai
japanese_jlpt_n1,sign_omen_indication,兆,きざし,chō
japanese_jlpt_n1,character_trait_temperament,気質,きしつ,kishitsu
japanese_jlpt_n1,fixed_date_settlement_date,期日,きじつ,kijitsu
japanese_jlpt_n1,to_jar_to_creak_to_grate,きしむ,きしむ,kishimu
japanese_jlpt_n1,diet_building,議事堂,ぎじどう,gijidō
japanese_jlpt_n1,describing_descriptor,記述,きじゅつ,kijutsu
japanese_jlpt_n1,weather_climate,気象,きしょう,kishō
japanese_jlpt_n1,to_be_hurt_to_be_wounded_to,傷付く,きずつく,kizutsuku
japanese_jlpt_n1,to_wound_to_hurt_someone_s_,傷付ける,きずつける,kizutsukeru
japanese_jlpt_n1,sacrifice,犠牲,ぎせい,gisei
japanese_jlpt_n1,steamship,汽船,きせん,kisen
japanese_jlpt_n1,donation_presentation,寄贈,きぞう,kizō
japanese_jlpt_n1,forgery_fabrication_counter,偽造,ぎぞう,gizō
japanese_jlpt_n1,noble_aristocrat,貴族,きぞく,kizoku
japanese_jlpt_n1,topic_of_discussion_agenda,議題,ぎだい,gidai
japanese_jlpt_n1,to_forge_to_train_to_discip,鍛える,きたえる,kitaeru
japanese_jlpt_n1,good_natured_kind_hearted,気立て,きだて,kidate
japanese_jlpt_n1,to_come_to_approach,来る,きたる,kitaru
japanese_jlpt_n1,exactly_perfectly,きちっと,きちっと,kichitto
japanese_jlpt_n1,methodical_punctual_steady,几帳面,きちょうめん,kichōmen
japanese_jlpt_n1,exactly_precisely,きっかり,きっかり,kikkari
japanese_jlpt_n1,precisely_tightly,きっちり,きっちり,kicchiri
japanese_jlpt_n1,clearly_plainly_distinctly,きっぱり,きっぱり,kippari
japanese_jlpt_n1,regulation_provisions,規定,きてい,kitei
japanese_jlpt_n1,starting_point,起点,きてん,kiten
japanese_jlpt_n1,orbit_track,軌道,きどう,kidou
japanese_jlpt_n1,technical_skill_ability_cap,技能,ぎのう,ginou
japanese_jlpt_n1,model_standard_example,規範,きはん,kihan
japanese_jlpt_n1,grace_elegance,気品,きひん,kihinn
japanese_jlpt_n1,character_traits_ethos,気風,きふう,kifuu
japanese_jlpt_n1,undulation,起伏,きふく,kifuku
japanese_jlpt_n1,scale_scope_plan_structure,規模,きぼ,kibo
japanese_jlpt_n1,whim_caprice_uneven_temper,気まぐれ,きまぐれ,kimagure
japanese_jlpt_n1,serious_sincerity,生真面目,きまじめ,kimajime
japanese_jlpt_n1,end_of_the_season_or_term,期末,きまつ,kimatsu
japanese_jlpt_n1,feeling_awkward_being_asham,きまりわるい,きまりわるい,kimariwarui
japanese_jlpt_n1,signature_register,記名,きめい,kimei
japanese_jlpt_n1,agreement_rules_code,規約,きやく,kiyaku
japanese_jlpt_n1,dramatization_e_g_film,脚色,きゃくしょく,kyakushoku
japanese_jlpt_n1,sudden_change_reversal_turn,逆転,ぎゃくてん,gyakuten
japanese_jlpt_n1,scenario,脚本,きゃくほん,kyakuhon
japanese_jlpt_n1,delicate_slender,華奢,きゃしゃ,kyasha
japanese_jlpt_n1,objective,客観,きゃっかん,kyakkan
japanese_jlpt_n1,catch,キャッチ,キャッチ,kyacchi
japanese_jlpt_n1,career_career_government_em,キャリア,キャリア,kyaria
japanese_jlpt_n1,relief_rescue_reinforcement,救援,きゅうえん,kyūen
japanese_jlpt_n1,temporary_absence_from_scho,休学,きゅうがく,kyūgaku
japanese_jlpt_n1,ultimate_final_eventual,究極,きゅうきょく,kyūkyoku
japanese_jlpt_n1,narrow_tight_formal,窮屈,きゅうくつ,kyūkutsu
japanese_jlpt_n1,plant_bulb,球根,きゅうこん,kyūkon
japanese_jlpt_n1,relief_aid_rescue,救済,きゅうさい,kyūsai
japanese_jlpt_n1,waiter,給仕,きゅうじ,kyūji
japanese_jlpt_n1,school_lunch_providing_a_me,給食,きゅうしょく,kyūshoku
japanese_jlpt_n1,truce_armistice,休戦,きゅうせん,kyūsen
japanese_jlpt_n1,palace,宮殿,きゅうでん,kyūden
japanese_jlpt_n1,old_friend_old_friendship,旧知,きゅうち,kyūchi
japanese_jlpt_n1,poverty,窮乏,きゅうぼう,kyūbō
japanese_jlpt_n1,contribution_service,寄与,きよ,kiyo
japanese_jlpt_n1,strong,強,きょう,kyō
japanese_jlpt_n1,maniac_fan_freak,～狂,～きょう,kyō
japanese_jlpt_n1,wonder_miracle,驚異,きょうい,kyōi
japanese_jlpt_n1,subject_curriculum,教科,きょうか,kyōka
japanese_jlpt_n1,association_society_organiz,協会,きょうかい,kyōkai
japanese_jlpt_n1,coeducation,共学,きょうがく,kyōgaku
japanese_jlpt_n1,sympathy_response,共感,きょうかん,kyōkan
japanese_jlpt_n1,environment_circumstances,境遇,きょうぐう,kyōgū
japanese_jlpt_n1,lesson_precept_moral_instru,教訓,きょうくん,kyōkun
japanese_jlpt_n1,forcing_enforcement,強行,きょうこう,kyōkō
japanese_jlpt_n1,firm_vigorous_stubborn,強硬,きょうこう,kyōkō
japanese_jlpt_n1,teaching_materials,教材,きょうざい,kyōzai
japanese_jlpt_n1,bad_harvest_poor_crop,凶作,きょうさく,kyōsaku
japanese_jlpt_n1,trader_merchant,業者,ぎょうしゃ,gyōsha
japanese_jlpt_n1,training_instruction,教習,きょうしゅう,kyōshū
japanese_jlpt_n1,nostalgia_homesickness,郷愁,きょうしゅう,kyōshū
japanese_jlpt_n1,teaching_profession,教職,きょうしょく,kyōshoku
japanese_jlpt_n1,to_amuse_oneself_to_make_me,興じる,きょうじる,kyōjiru
japanese_jlpt_n1,obligation_compulsion_enfor,強制,きょうせい,kyōsei
japanese_jlpt_n1,administration,行政,ぎょうせい,gyōsei
japanese_jlpt_n1,achievement_work_contributi,業績,ぎょうせき,gyōseki
japanese_jlpt_n1,coexistence,共存,きょうぞん,kyōzon
japanese_jlpt_n1,arrangement_pact_agreement,協定,きょうてい,kyōtei
japanese_jlpt_n1,homeland,郷土,きょうど,kyōdo
japanese_jlpt_n1,threat_coercion,脅迫,きょうはく,kyōhaku
japanese_jlpt_n1,business_duties_work,業務,ぎょうむ,gyōmu
japanese_jlpt_n1,resonance_sympathy,共鳴,きょうめい,kyōmei
japanese_jlpt_n1,birth_place_home_town,郷里,きょうり,kyōri
japanese_jlpt_n1,strong_intense_severe,強烈,きょうれつ,kyōretsu
japanese_jlpt_n1,republicanism_cooperation,共和,きょうわ,kyōwa
japanese_jlpt_n1,limit_localize,局限,きょくげん,kyokugen
japanese_jlpt_n1,extreme_extremity,極端,きょくたん,kyokutan
japanese_jlpt_n1,residence,居住,きょじゅう,kyojuu
japanese_jlpt_n1,refusal_rejection,拒絶,きょぜつ,kyozetsu
japanese_jlpt_n1,fishing_boat,漁船,ぎょせん,gyosen
japanese_jlpt_n1,fishing_village,漁村,ぎょそん,gyoson
japanese_jlpt_n1,denial_rejection_refusal,拒否,きょひ,kyohi
japanese_jlpt_n1,permission_pardon,許容,きょよう,kyoyou
japanese_jlpt_n1,clean_pure_chaste,清らか,きよらか,kiyoraka
japanese_jlpt_n1,gorgeous_gaudy_dazzling,きらびやか,きらびやか,kirabiyaka
japanese_jlpt_n1,only,～きり,～きり,~kiri
japanese_jlpt_n1,debt_of_gratitude_obligatio,義理,ぎり,giri
japanese_jlpt_n1,exchange_conversion_switcho,切替,きりかえ,kirikae
japanese_jlpt_n1,atmospheric_current,気流,きりゅう,kiryū
japanese_jlpt_n1,break_pause_gap,切れ目,きれめ,kireme
japanese_jlpt_n1,doubt_misgivings_suspicion,疑惑,ぎわく,giwaku
japanese_jlpt_n1,exceedingly_extremely_writt,極めて,きわめて,kiwamete
japanese_jlpt_n1,nearsightedness,近眼,きんがん,kingan
japanese_jlpt_n1,urgent_pressing_emergency,緊急,きんきゅう,kinkyuu
japanese_jlpt_n1,suburbs_outskirts,近郊,きんこう,kinkō
japanese_jlpt_n1,equilibrium_balance,均衡,きんこう,kinkō
japanese_jlpt_n1,to_prohibit,禁じる,きんじる,kinjiru
japanese_jlpt_n1,industry_diligence,勤勉,きんべん,kinben
japanese_jlpt_n1,examination_careful_investi,吟味,ぎんみ,ginmi
japanese_jlpt_n1,service_duty_work,勤務,きんむ,kinmu
japanese_jlpt_n1,taboo_forbidden_thing,禁物,きんもつ,kinmotsu
japanese_jlpt_n1,labor_exertion_diligent_ser,勤労,きんろう,kinrō
japanese_jlpt_n1,quiz,クイズ,クイズ,kuizu
japanese_jlpt_n1,to_cross_each_other_to_diff,食い違う,くいちがう,kuichigau
japanese_jlpt_n1,space_room_airspace,空間,くうかん,kūkan
japanese_jlpt_n1,hunger,空腹,くうふく,kūfuku
japanese_jlpt_n1,division_section_area,区画,くかく,kukaku
japanese_jlpt_n1,section,区間,くかん,kukan
japanese_jlpt_n1,stalk,茎,くき,kuki
japanese_jlpt_n1,an_end_a_stop_punctuation,区切り,くぎり,kugiri
japanese_jlpt_n1,to_pass_through_to_go_aroun,くぐる,くぐる,kuguru
japanese_jlpt_n1,lottery_lot,くじ (～をひく),くじ (～をひく),kuji
japanese_jlpt_n1,lottery_drawn_lot,くじびき,くじびき,kujibiki
japanese_jlpt_n1,ticklish,くすぐったい,くすぐったい,kusuguttai
japanese_jlpt_n1,idle_complaint_grumble,愚痴,ぐち,guchi
japanese_jlpt_n1,to_humble,口吟む,くちずさむ,kuchizusamu
japanese_jlpt_n1,beak_bill,嘴,くちばし,kuchibashi
japanese_jlpt_n1,to_rot,朽ちる,くちる,kuchiru
japanese_jlpt_n1,to_overturn_to_upset_to_ove,覆す,くつがえす,kuttsugaesu
japanese_jlpt_n1,distinctly_clearly_boldly,くっきり,くっきり,kukkiri
japanese_jlpt_n1,bending_indentation_refract,屈折,くっせつ,kussetsu
japanese_jlpt_n1,firmly_fast_more,ぐっと,ぐっと,gutto
japanese_jlpt_n1,necklace,首飾り,くびかざり,kubikazari
japanese_jlpt_n1,necklace_choker,首輪,くびわ,kubiwa
japanese_jlpt_n1,to_insert_to_include_to_cut,組み込む,くみこむ,kumikomu
japanese_jlpt_n1,to_join_together_to_combine,組み合わせる,くみあわせる,kumiawaseru
japanese_jlpt_n1,warehouse_cellar,蔵,くら,kura
japanese_jlpt_n1,grey_gray,グレー,グレー,gurē
japanese_jlpt_n1,crane,クレーン,クレーン,kurēn
japanese_jlpt_n1,expert_professional,玄人,くろうと,kurōto
japanese_jlpt_n1,balance_figure_in_the_black,黒字,くろじ,kuroji
japanese_jlpt_n1,warship_battleship,軍艦,ぐんかん,gunkan
japanese_jlpt_n1,military_affairs,軍事,ぐんじ,gunji
japanese_jlpt_n1,ruler_monarch,君主,くんしゅ,kunshu
japanese_jlpt_n1,social_group_crowd_mob,群集,ぐんしゅう,gūnshū
japanese_jlpt_n1,social_group_crowd_mob_2,群衆,ぐんしゅう,gūnshū
japanese_jlpt_n1,armaments_military_preparat,軍備,ぐんび,gunbi
japanese_jlpt_n1,military_or_naval_uniform,軍服,ぐんぷく,gunpuku
japanese_jlpt_n1,art_accomplishment_performa,芸,げい,gei
japanese_jlpt_n1,passage_progress,経過,けいか,keika
japanese_jlpt_n1,lively_casual_light,軽快,けいかい,keikai
japanese_jlpt_n1,warning_admonition_vigilanc,警戒,けいかい,keikai
japanese_jlpt_n1,sincerely_used_at_the_end_o,敬具,けいぐ,keigu
japanese_jlpt_n1,reduction_lessening,軽減,けいげん,keigen
japanese_jlpt_n1,appearance_e_g_article_in_p,掲載,けいさい,keisai
japanese_jlpt_n1,inclination_slope_dip,傾斜,けいしゃ,keisha
japanese_jlpt_n1,formation_2,形成,けいせい,keisei
japanese_jlpt_n1,condition_situation_prospec,形勢,けいせい,keisei
japanese_jlpt_n1,thoughtless_careless_hasty,軽率,けいそつ,keisotsu
japanese_jlpt_n1,judgment_penalty_punishment,刑罰,けいばつ,keibatsu
japanese_jlpt_n1,expenses_cost_outlay,経費,けいひ,keishi
japanese_jlpt_n1,police_inspector,警部,けいぶ,keibu
japanese_jlpt_n1,convert_divert,転換,てんかん,tenkan
japanese_jlpt_n1,moving_changing_residence,転居,てんきょ,tenkyo
japanese_jlpt_n1,transfer_to_another_office_,転勤,てんきん,tenkin
japanese_jlpt_n1,inspection_examination_chec,点検,てんけん,tenken
japanese_jlpt_n1,source_of_electricity_power,電源,でんげん,dengen
japanese_jlpt_n1,paradise_heaven_kingdom_of_,天国,てんごく,tengoku
japanese_jlpt_n1,a_genius,天才,てんさい,tensai
japanese_jlpt_n1,natural_calamity_disaster,天災,てんさい,tensai
japanese_jlpt_n1,exhibition_display,展示,てんじ,tenji
japanese_jlpt_n1,tradition_legend_folklore,伝説,でんせつ,densetsu
japanese_jlpt_n1,dotted_line,点線,てんせん,tensen
japanese_jlpt_n1,to_turn_to_shift,転じる,てんじる,tenjiru
japanese_jlpt_n1,to_turn_to_shift_2,転ずる,てんずる,tenzuru
japanese_jlpt_n1,heavenly_body,天体,てんたい,tentai
japanese_jlpt_n1,transmission_e_g_news_commu,伝達,でんたつ,dentatsu
japanese_jlpt_n1,heaven_and_earth_the_univer,天地,てんち,tenchi
japanese_jlpt_n1,not_at_all_altogether_entir,てんで,てんで,tende
japanese_jlpt_n1,change_of_post,転任,てんにん,tennin
japanese_jlpt_n1,view_outlook_prospect,展望,てんぼう,tenbō
japanese_jlpt_n1,ancestral_hereditary_import,伝来,でんらい,denrai
japanese_jlpt_n1,fall_degradation,転落,てんらく,tenraku
japanese_jlpt_n1,to_inquire_to_seek_informat,問い合わせる,といあわせる,toiawaseru
japanese_jlpt_n1,our_e_g_hotel_plane_etc,当～,とう～,tō~
japanese_jlpt_n1,trunk_body_frame,胴,どう,dō
japanese_jlpt_n1,agreement_consent_same_mean,同意,どうい,dōi
japanese_jlpt_n1,mobilization,動員,どういん,dōin
japanese_jlpt_n1,agreement_same_opinion_same,同感,どうかん,dōkan
japanese_jlpt_n1,pottery_ceramics,陶器,とうき,tōki
japanese_jlpt_n1,debate_discussion,討議,とうぎ,tōgi
japanese_jlpt_n1,motive_incentive,動機,どうき,dōki
japanese_jlpt_n1,grade_class,等級,とうきゅう,tōkyū
japanese_jlpt_n1,the_same_grade_same_class,同級,どうきゅう,dōkyū
japanese_jlpt_n1,living_together,同居,どうきょ,dōkyo
japanese_jlpt_n1,attendance_at_school,登校,とうこう,tōkō
japanese_jlpt_n1,integration_unification_syn,統合,とうごう,tōgō
japanese_jlpt_n1,trend_tendency_movement_att,動向,どうこう,doukou
japanese_jlpt_n1,investment,投資,とうし,toushi
japanese_jlpt_n1,sympathy_compassion_sympath,同情,どうじょう,doujou
japanese_jlpt_n1,arch_dojo_hall_used_for_mar,道場,どうじょう,doujou
japanese_jlpt_n1,regulation_control,統制,とうせい,tousei
japanese_jlpt_n1,being_elected_winning_the_p,当選,とうせん,tousen
japanese_jlpt_n1,flight_desertion_escape,逃走,とうそう,tousou
japanese_jlpt_n1,command_generalship_leaders,統率,とうそつ,tousotsu
japanese_jlpt_n1,reaching_attaining_arrival,到達,とうたつ,toutatsu
japanese_jlpt_n1,rule_reign_governing,統治,とうち,touchi
japanese_jlpt_n1,to_partition_to_divide_to_m,仕切る,しきる,shikīru
japanese_jlpt_n1,funds_capital,資金,しきん,shikin
japanese_jlpt_n1,axis_stem_shaft,軸,じく,jiku
japanese_jlpt_n1,to_fail_to_fall_through_to_,しくじる,しくじる,shikujiru
japanese_jlpt_n1,structure_mechanism,仕組,しくみ,shikumi
japanese_jlpt_n1,death_penalty,死刑,しけい,shikei
japanese_jlpt_n1,to_be_damp_to_be_moist,湿気る,しける,shikeru
japanese_jlpt_n1,enforcement_operation,施行,しこう,shikō
japanese_jlpt_n1,thought,思考,しこう,shikō
japanese_jlpt_n1,intention_aim,志向,しこう,shikō
japanese_jlpt_n1,taste_liking_preference,嗜好,しこう,shikou
japanese_jlpt_n1,matter_s_item_s_facts,事項,じこう,jikou
japanese_jlpt_n1,timetable_train_schedule,時刻表,じこくひょう,jikokuhyou
japanese_jlpt_n1,hell,地獄,じごく,jigoku
japanese_jlpt_n1,time_difference,時差,じさ,jisa
japanese_jlpt_n1,freely_at_will,自在,じざい,jizai
japanese_jlpt_n1,inspection_observation,視察,しさつ,shisatsu
japanese_jlpt_n1,property_fortune_assets,資産,しさん,shisan
japanese_jlpt_n1,support,支持,しじ,shiji
japanese_jlpt_n1,independence_autonomy,自主,じしゅ,jishu
japanese_jlpt_n1,surrender_give_oneself_up,自首,じしゅ,jishu
japanese_jlpt_n1,embroidery,刺繍,ししゅう,shishuu
japanese_jlpt_n1,the_market_as_a_concept,市場,しじょう,shijou
japanese_jlpt_n1,resignation,辞職,じしょく,jishoku
japanese_jlpt_n1,drop_of_water,雫,しずく,shizuku
japanese_jlpt_n1,system,システム,システム,shisutemu
japanese_jlpt_n1,to_sink_to_submerge,沈める,しずめる,shizumeru
japanese_jlpt_n1,establishment_facility,施設,しせつ,shisetsu
japanese_jlpt_n1,prior_beforehand_in_advance,事前,じぜん,jizen
japanese_jlpt_n1,hon_son,子息,しそく,shisoku
japanese_jlpt_n1,continuation_endurance,持続,じぞく,jizoku
japanese_jlpt_n1,self_respect_conceit,自尊心,じそんしん,jisonshin
japanese_jlpt_n1,to_yearn_to_adore,慕う,したう,shitau
japanese_jlpt_n1,secret_intention_motive,下心,したごころ,shitagokoro
japanese_jlpt_n1,groundwork_foundation,下地,したじ,shitaji
japanese_jlpt_n1,to_be_intimate_with_to_befr,親しむ,したしむ,shitashimu
japanese_jlpt_n1,preliminary_investigation,下調べ,したしらべ,shitashirabe
japanese_jlpt_n1,sociability,愛想,あいそう,aisou
japanese_jlpt_n1,relationship,間柄,あいだがら,aidagara
japanese_jlpt_n1,interval,合間,あいま,aima
japanese_jlpt_n1,dare_to_do_venture_to_do_ch,敢えて,あえて,aete
japanese_jlpt_n1,to_look_up_to_to_respect_to,仰ぐ,あおぐ,aogu
japanese_jlpt_n1,dirt_filth,垢,あか,aka
japanese_jlpt_n1,deficit_go_in_the_red,赤字,あかじ,akaji
japanese_jlpt_n1,to_reveal_to_stay_up,明かす,あかす,akasu
japanese_jlpt_n1,to_become_red_to_blush,赤らむ,あからむ,akaramu
japanese_jlpt_n1,ascent_income_completion_st,上がり,あがり,agari
japanese_jlpt_n1,resignation_reconciliation_,諦め,あきらめ,akirame
japanese_jlpt_n1,abbr_accelerator,アクセル,アクセル,akuseru
japanese_jlpt_n1,gaudy_vicious,あくどい,あくどい,akudoi
japanese_jlpt_n1,chin,顎,あご,ago
japanese_jlpt_n1,yearning_longing_aspiration,憧れ,あこがれ,akogare
japanese_jlpt_n1,hemp,麻,あさ,asa
japanese_jlpt_n1,birthmark_bruise,あざ,あざ,aza
japanese_jlpt_n1,shameful_mean_despicable,浅ましい,あさましい,asamashii
japanese_jlpt_n1,to_deceive,欺く,あざむく,azamuku
japanese_jlpt_n1,vivid_clear,鮮やか,あざやか,azayaka
japanese_jlpt_n1,to_sneer_at_to_ridicule,嘲笑う,あざわらう,azawarau
japanese_jlpt_n1,don_t_take_me_wrong_but_i_m,悪しからず,あしからず,ashikarazu
japanese_jlpt_n1,flavor_relish,味わい,あじわい,ajiwai
japanese_jlpt_n1,to_be_in_a_hurry_to_be_impa,焦る,あせる,aseru
japanese_jlpt_n1,to_fade_to_discolor,あせる (こえが～),あせる (こえが～),aseru (koe ga~)
japanese_jlpt_n1,value_price_worth,値,あたい,atai
japanese_jlpt_n1,to_be_worth_to_deserve,値する,あたいする,ataisuru
japanese_jlpt_n1,deterioration_worsen,悪化,あっか,akka
japanese_jlpt_n1,treatment_service,扱い,あつかい,atsukai
japanese_jlpt_n1,not_enough_too_quick_short_,呆気ない,あっけない,asukkenai
japanese_jlpt_n1,easily_readily_quickly,あっさり,あっさり,assari
japanese_jlpt_n1,kind_offices_mediation,斡旋,あっせん,assen
japanese_jlpt_n1,overwhelm_overpower,圧倒,あっとう,attō
japanese_jlpt_n1,pressure_coercion_oppressio,圧迫,あっぱく,appaku
japanese_jlpt_n1,to_give_an_order_to_place_a,あつらえる,あつらえる,atsurareru
japanese_jlpt_n1,stress_pressure,圧力,あつりょく,atsuryoku
japanese_jlpt_n1,expectations_depend,当て,あて,ate
japanese_jlpt_n1,for_e_g_in_a_letter,～宛,～あて,~ate
japanese_jlpt_n1,phonetic_equivalent_charact,当て字,あてじ,ateji
japanese_jlpt_n1,heir_successor,跡継ぎ,あとつぎ,atotsugi
japanese_jlpt_n1,putting_off_postponing,後回し,あとまわし,atomawashi
japanese_jlpt_n1,oil_painting,油絵,あぶらえ,aburae
japanese_jlpt_n1,approach_in_golf,アプローチ,アプローチ,apurōchi
japanese_jlpt_n1,contrary_opposite_inverse,あべこべ,あべこべ,abekobe
japanese_jlpt_n1,to_behave_like_a_spoiled_ch,甘える,あまえる,amaeru
japanese_jlpt_n1,rain_gear,雨具,あまぐ,amagu
japanese_jlpt_n1,sweet_flavor,甘口,あまくち,amakuchi
japanese_jlpt_n1,amateur,アマチュア,アマチュア,amachua
japanese_jlpt_n1,net,網,あみ,ami
japanese_jlpt_n1,to_manipulate_to_operate_to,操る,あやつる,ayatsuru
japanese_jlpt_n1,to_fear_to_have_misgivings_,危ぶむ,あやぶむ,ayabumu
japanese_jlpt_n1,uncertain_vague_ambiguous,あやふや,あやふや,ayafuya
japanese_jlpt_n1,fault_error_indiscretion,過ち,あやまち,ayamachi
japanese_jlpt_n1,to_make_a_mistake,誤る,あやまる,ayamaru
japanese_jlpt_n1,step_progress_history,歩み,あゆみ,ayumi
japanese_jlpt_n1,to_walk,歩む,あゆむ,ayumu
japanese_jlpt_n1,in_advance_previously,予め,あらかじめ,arakajime
japanese_jlpt_n1,to_damage_to_invade,荒らす,あらす,arasu
japanese_jlpt_n1,dispute_quarrel_conflict,争い,あらそい,arasoi
japanese_jlpt_n1,to_be_renewed_to_be_formal,改まる,あらたまる,aratamaru
japanese_jlpt_n1,rough_rude,荒っぽい,あらっぽい,arapopoi
japanese_jlpt_n1,arab,アラブ,アラブ,Arabu
japanese_jlpt_n1,hail_e_g_falling_ice_balls,霰,あられ,arare
japanese_jlpt_n1,state_condition,有り様,ありさま,arisama
japanese_jlpt_n1,the_truth_as_it_is_frankly,ありのまま,ありのまま,arinomama
japanese_jlpt_n1,common_ordinary_routine,ありふれる,ありふれる,arifureru
japanese_jlpt_n1,alkali,アルカリ,アルカリ,arukari
japanese_jlpt_n1,aluminum_al_aluminum,アルミ,アルミ,arumi
japanese_jlpt_n1,hour,アワー,アワー,awā
japanese_jlpt_n1,to_join_together_to_face_to,合わす,あわす,awasu
japanese_jlpt_n1,in_all,～合せ,～あわせ,-awase
japanese_jlpt_n1,encore,アンコール,アンコール,ankōru
japanese_jlpt_n1,assassination,暗殺,あんさつ,ansatsu
japanese_jlpt_n1,mental_arithmetic,暗算,あんざん,anzan
japanese_jlpt_n1,hint_suggestion,暗示,あんじ,anji
japanese_jlpt_n1,to_be_anxious_to_ponder,案じる,あんじる,anjiru
japanese_jlpt_n1,rest,安静,あんせい,ansei
japanese_jlpt_n1,sure_enough_as_usual,案の定,あんのじょう,annojō
japanese_jlpt_n1,random_irresponsible,いい加減,いいかげん,iikagen
japanese_jlpt_n1,excuse_explanation,言い訳,いいわけ,iiwake
japanese_jlpt_n1,yes_jesus,イェス,イェス,iesu
japanese_jlpt_n1,running_away_from_home,家出,いえで,iede
japanese_jlpt_n1,to_keep_something_alive_to_,生かす,いかす,ikasu
japanese_jlpt_n1,how_in_what_way,いかに,いかに,ikani
japanese_jlpt_n1,truly_same_as,いかにも,いかにも,ikanimo
japanese_jlpt_n1,objection_dissent_protest,異議,いぎ,igi
japanese_jlpt_n1,something_one_lives_for_ver,生き甲斐,いきがい,ikigai
japanese_jlpt_n1,misunderstanding_disagreeme,行き違い,いきちがい,ikichigai
japanese_jlpt_n1,to_be_enthusiastic_about,意気込む,いきごむ,ikigomu
japanese_jlpt_n1,rearing_training_cultivatio,育成,いくせい,ikusei
japanese_jlpt_n1,many_numerous,幾多,いくた,ikuta
japanese_jlpt_n1,to_arrange_flowers,"(花を〜) 生ける, 活ける",(はなを～) いける,ikeru
japanese_jlpt_n1,different_opinion_objecti_2,異見,いけん,iken
japanese_jlpt_n1,intention_idea_inclination,意向,いこう,ikō
japanese_jlpt_n1,switching_over_to,移行,いこう,ikō
japanese_jlpt_n1,now_come_now_crucial_moment,いざ,いざ,iza
japanese_jlpt_n1,migration_immigration,移住,いじゅう,ijū
japanese_jlpt_n1,clothing_costume_outfit,衣装,いしょう,ishō
japanese_jlpt_n1,to_touch_to_tamper_with,いじる,いじる,ijiru
japanese_jlpt_n1,the_opposite_sex,異性,いせい,isei
japanese_jlpt_n1,historic_ruins,遺跡,いせき,iseki
japanese_jlpt_n1,dependence_dependent_relian,依存,いぞん,izon
japanese_jlpt_n1,consign_goods_for_sale_to_a,委託,いたく,itaku
japanese_jlpt_n1,very_much_exceedingly_extre,いたって,いたって,itatte
japanese_jlpt_n1,promotion_successful_career,出世,しゅっせ,shusse
japanese_jlpt_n1,proposing_a_question,出題,しゅつだい,shussetsu
japanese_jlpt_n1,mobilization_action,出動,しゅつどう,shutsudou
japanese_jlpt_n1,expenses_disbursements,出費,しゅっぴ,shuppi
japanese_jlpt_n1,exhibit_display,出品,しゅっぴん,shuppin
japanese_jlpt_n1,main_leadership,主導,しゅどう,shudou
japanese_jlpt_n1,person_in_charge_responsibl,主任,しゅにん,shunin
japanese_jlpt_n1,head_leader,首脳,しゅのう,shunou
japanese_jlpt_n1,defense,守備,しゅび,shubi
japanese_jlpt_n1,technique,手法,しゅほう,shuhō
japanese_jlpt_n1,trees_and_shrubs_arbor,樹木,じゅもく,jumoku
japanese_jlpt_n1,establish_create,樹立,じゅりつ,jūritsu
japanese_jlpt_n1,local_express_train_slower_,準急,じゅんきゅう,junkyū
japanese_jlpt_n1,to_follow_to_conform_to_app,準じる,じゅんじる,junjiru
japanese_jlpt_n1,department,～署,～しょ,sho
japanese_jlpt_n1,disease,～症,～しょう,shō
japanese_jlpt_n1,proof_certificate,～証,～しょう,shō
japanese_jlpt_n1,young_woman,～嬢,～じょう,jō
japanese_jlpt_n1,superior_higher_order,上位,じょうい,jōi
japanese_jlpt_n1,art_performance,上演,じょうえん,jōen
japanese_jlpt_n1,land_near_the_castle,城下,じょうか,jōka
japanese_jlpt_n1,elimination_erasing,消去,しょうきょ,shōkyo
japanese_jlpt_n1,sky_high_altitude_sky_upper,上空,じょうくう,jōkū
japanese_jlpt_n1,shock_crash_impact_ballisti,衝撃,しょうげき,shōgeki
japanese_jlpt_n1,evidence_testimony,証言,しょうげん,shōgen
japanese_jlpt_n1,evidence_proof,証拠,しょうこ,shōko
japanese_jlpt_n1,check_verification,照合,しょうごう,shōgō
japanese_jlpt_n1,detail_particulars,詳細,しょうさい,shōsai
japanese_jlpt_n1,rising_ascending_climbing,上昇,じょうしょう,jōshō
japanese_jlpt_n1,promotion,昇進,しょうしん,shōshin
japanese_jlpt_n1,to_take_the_name_of_to_call,称する,しょうする,shōsuru
japanese_jlpt_n1,state_of_things_condition_s,情勢,じょうせい,jōsei
japanese_jlpt_n1,news_letter_circumstances,消息,しょうそく,shōsoku
japanese_jlpt_n1,consent_agreement,承諾,しょうだく,shōdaku
japanese_jlpt_n1,emotion_feeling,情緒,じょうちょ,jōcho
japanese_jlpt_n1,emotion_feeling_2,情緒,じょうしょ,jōsho
japanese_jlpt_n1,symbol,象徴,しょうちょう,shōchō
japanese_jlpt_n1,pediatrics,小児科,しょうにか,shōnika
japanese_jlpt_n1,employee_servant,使用人,しようにん,shiyōnin
japanese_jlpt_n1,passion_enthusiasm_zeal,情熱,じょうねつ,jounetsu
japanese_jlpt_n1,concession_conciliation_com,譲歩,じょうほ,jouho
japanese_jlpt_n1,treaty_pact,条約,じょうやく,jouyaku
japanese_jlpt_n1,victory_triumph_win,勝利,しょうり,shouri
japanese_jlpt_n1,landing_disembarkation,上陸,じょうりく,jouriku
japanese_jlpt_n1,distillation,蒸溜,じょうりゅう,jou-ryuu
japanese_jlpt_n1,encouragement_promotion,奨励,しょうれい,shorei
japanese_jlpt_n1,show,ショー,ショー,sho-
japanese_jlpt_n1,exception_exclusion,除外,じょがい,jogai
japanese_jlpt_n1,staff_member_personnel,職員,しょくいん,shokuin
japanese_jlpt_n1,colony,植民地,しょくみんち,shokuminchi
japanese_jlpt_n1,professional_duties,職務,しょくむ,shokumu
japanese_jlpt_n1,gentlemen_ladies,諸君,しょくん,shokun
japanese_jlpt_n1,advice_suggestion,助言,じょげん,jogen
japanese_jlpt_n1,going_slowly,徐行,じょこう,jokō
japanese_jlpt_n1,whereabouts,所在,しょざい,shozai
japanese_jlpt_n1,possession_owning,所持,しょじ,shoji
japanese_jlpt_n1,attached_to_belong_to,所属,しょぞく,shozoku
japanese_jlpt_n1,treatment,処置,しょち,shochi
japanese_jlpt_n1,always_constantly,しょっちゅう,しょっちゅう,shocchū
japanese_jlpt_n1,fixed_prescribed,所定,しょてい,shotē
japanese_jlpt_n1,income,所得,しょとく,shotoku
japanese_jlpt_n1,punishment,処罰,しょばつ,shobatsu
japanese_jlpt_n1,first_edition,初版,しょはん,shohan
japanese_jlpt_n1,book_review,書評,しょひょう,shohyō
japanese_jlpt_n1,disposal_dealing_punishment,処分,しょぶん,shobun
japanese_jlpt_n1,masses_common_people,庶民,しょみん,shomin
japanese_jlpt_n1,general_affairs,庶務,しょむ,shomu
japanese_jlpt_n1,one_s_possessions_ownership,所有,しょゆう,shoyū
japanese_jlpt_n1,investigation_inspection,調べ,しらべ,shirabe
japanese_jlpt_n1,independence_self_reliance,自立,じりつ,jiritsu
japanese_jlpt_n1,to_note_to_write_down,記す,しるす,shirusu
japanese_jlpt_n1,orders_instructions_directi,指令,しれい,shirei
japanese_jlpt_n1,mind_of,～心,～しん,-shin
japanese_jlpt_n1,battle_formation_camp_encam,陣,じん,jin
japanese_jlpt_n1,evolution_progress,進化,しんか,shinka
japanese_jlpt_n1,personality_character,人格,じんかく,jinkaku
japanese_jlpt_n1,deliberation,審議,しんぎ,shingi
japanese_jlpt_n1,newly_wed,新婚,しんこん,shinkon
japanese_jlpt_n1,judging_inspection_examinat,審査,しんさ,shinsa
japanese_jlpt_n1,man_of_talent,人材,じんざい,jinzai
japanese_jlpt_n1,gentleman,紳士,しんし,shinshi
japanese_jlpt_n1,truth_reality,真実,しんじつ,shinjitsu
japanese_jlpt_n1,believer_devotee,信者,しんじゃ,shinja
japanese_jlpt_n1,pearl,真珠,しんじゅ,shinju
japanese_jlpt_n1,advancement,進出,しんしゅつ,shinshutsu
japanese_jlpt_n1,mentality,心情,しんじょう,shinjo
japanese_jlpt_n1,new_face_newcomer,新人,しんじん,shinjin
japanese_jlpt_n1,holiness_sacredness_dignity,神聖,しんせい,shinsei
japanese_jlpt_n1,friendship,親善,しんぜん,shinzen
japanese_jlpt_n1,truth_real_situation,真相,しんそう,shinsō
japanese_jlpt_n1,quick_fast_prompt,迅速,じんそく,jinsoku
japanese_jlpt_n1,human_body,人体,じんたい,jintai
japanese_jlpt_n1,new_building_new_constructi,新築,しんちく,shinchiku
japanese_jlpt_n1,double_suicide,心中,しんじゅう,shinjū
japanese_jlpt_n1,presentation,進呈,しんてい,shintei
japanese_jlpt_n1,progress_development,進展,しんてん,shinten
japanese_jlpt_n1,temple_sacred_place,神殿,しんでん,shinden
japanese_jlpt_n1,progress,進度,しんど,shindo
japanese_jlpt_n1,oscillation_vibration,振動,しんどう,shindō
japanese_jlpt_n1,new_student_first_year_stud,新入生,しんにゅうせい,shinnyūsei
japanese_jlpt_n1,trust_confidence_credence,信任,しんにん,shin'nin
japanese_jlpt_n1,mystery,神秘,しんぴ,shinpi
japanese_jlpt_n1,patience_endurance,辛抱,しんぼう,shinbō
japanese_jlpt_n1,people_public,人民,じんみん,jinmin
japanese_jlpt_n1,aggression_invasion_raid,侵略,しんりゃく,shinryaku
japanese_jlpt_n1,medical_examination_and_tre,診療,しんりょう,shinryō
japanese_jlpt_n1,essence,粋,すい,sui
japanese_jlpt_n1,source_of_river,水源,すいげん,suigen
japanese_jlpt_n1,propulsion_driving_force,推進,すいしん,suishin
japanese_jlpt_n1,playing_wind_instruments,吹奏,すいそう,suisō
japanese_jlpt_n1,guess_conjecture,推測,すいそく,suisoku
japanese_jlpt_n1,water_filled_paddy_field,水田,すいでん,suiden
japanese_jlpt_n1,reasoning_inference_mystery,推理,すいり,suiri
japanese_jlpt_n1,numeral,数詞,すうし,sūshi
japanese_jlpt_n1,worship_adoration,崇拝,すうはい,sūhai
japanese_jlpt_n1,to_install_to_equip_to_moun,据え付ける,すえつける,suetsukeru
japanese_jlpt_n1,to_set_to_lay_to_place,据える,すえる,sueru
japanese_jlpt_n1,fresh_refreshing,すがすがしい,すがすがしい,sugasugashii
japanese_jlpt_n1,help_aid_relief,救い,すくい,sukui
japanese_jlpt_n1,to_scoop,すくう (みずを～),すくう (みずを～),sukuu
japanese_jlpt_n1,vigorous_healthy_sound,健やか,すこやか,sukoyaka
japanese_jlpt_n1,to_rinse_to_wash_out,濯ぐ,すすぐ,susugu
japanese_jlpt_n1,progress_2,進み,すすみ,susumi
japanese_jlpt_n1,trouser_cuff_skirt_hem_cut_,裾,すそ,suso
japanese_jlpt_n1,studio,スタジオ,スタジオ,sutajio
japanese_jlpt_n1,steam,スチーム,スチーム,suchiimu
japanese_jlpt_n1,strike,ストライキ,ストライキ,sutaiki
japanese_jlpt_n1,abbr_strike,スト,スト,suto
japanese_jlpt_n1,straw,ストロー,ストロー,sutoroo
japanese_jlpt_n1,stroboscope_literally_strob,ストロボ,ストロボ,sutorobo
japanese_jlpt_n1,nimble_smart_quick,すばしこい,すばしこい,subashikoi
japanese_jlpt_n1,fast_quick,素早い,すばやい,subayai
japanese_jlpt_n1,decisively_unreservedly_fra,ずばり,ずばり,zubari
japanese_jlpt_n1,spring,スプリング,スプリング,supuringu
japanese_jlpt_n1,space,スペース,スペース,supeesu
japanese_jlpt_n1,soaked_dripping_wet,ずぶぬれ,ずぶぬれ,zubunure
japanese_jlpt_n1,sports_car,スポーツカー,スポーツカー,supootsukaa
japanese_jlpt_n1,to_clear_to_make_clear_to_l,澄ます,すます,sumasu
japanese_jlpt_n1,to_clear_to_make_clear_to_2,清ます,すます,sumasu
japanese_jlpt_n1,to_finish_to_settle_to_do_w,済ます,すます,sumasu
japanese_jlpt_n1,speedy,すみやか,すみやか,sumiyaka
japanese_jlpt_n1,slacks,スラックス,スラックス,surakkusu
japanese_jlpt_n1,in_a_line_in_a_row,ずらっと,ずらっと,zuratto
japanese_jlpt_n1,dragging_on_sound_of_sniffl,ずるずる,ずるずる,zuruzuru
japanese_jlpt_n1,difference_gap,ずれ,ずれ,zure
japanese_jlpt_n1,chance_encounter,すれちがい,すれちがい,surechigai
japanese_jlpt_n1,to_rub_to_chafe_2,擦れる,すれる,sureru
japanese_jlpt_n1,pass_with_no_objection_slim,すんなり,すんなり,sunnari
japanese_jlpt_n1,growth_development_breeding,生育,せいいく,seiiku
japanese_jlpt_n1,growth_raising,成育,せいいく,seiiku
japanese_jlpt_n1,results_fruits,成果,せいか,seika
japanese_jlpt_n1,correct_right_answer_soluti,正解,せいかい,seikai
japanese_jlpt_n1,justice_right_righteousness,正義,せいぎ,seigi
japanese_jlpt_n1,livelihood_living,生計,せいけい,seikei
japanese_jlpt_n1,political_administration_po,政権,せいけん,seiken
japanese_jlpt_n1,constellation,星座,せいざ,seiza
japanese_jlpt_n1,restraint_sanctions_punishm,制裁,せいさい,seisai
japanese_jlpt_n1,political_measures_policy,政策,せいさく,seisaku
japanese_jlpt_n1,life_and_death,生死,せいし,seishi
japanese_jlpt_n1,stillness_repose_standing_s,静止,せいし,seishi
japanese_jlpt_n1,sincere_honest_faithful,誠実,せいじつ,seijitsu
japanese_jlpt_n1,maturity_ripeness,成熟,せいじゅく,seijuku
japanese_jlpt_n1,youth_springtime_of_life_ad,青春,せいしゅん,seishun
japanese_jlpt_n1,purity_innocence,清純,せいじゅん,seijun
japanese_jlpt_n1,bible,聖書,せいしょ,seisho
japanese_jlpt_n1,normalcy_normality_normal,正常,せいじょう,seijo
japanese_jlpt_n1,to_control_to_command,制する,せいする,seisuru
japanese_jlpt_n1,orderly_regular_well_organi,整然,せいぜん,seizen
japanese_jlpt_n1,be_dressed_up_wear_rich_clo,盛装,せいそう,seisō
japanese_jlpt_n1,grand_prosperous_magnificen,盛大,せいだい,seidai
japanese_jlpt_n1,good_and_evil_purity_and_im,清濁,せいだく,seidaku
japanese_jlpt_n1,enactment_establishment_cre,制定,せいてい,seitei
japanese_jlpt_n1,static,静的,せいてき,seiteki
japanese_jlpt_n1,iron_manufacture,製鉄,せいてつ,seitetsu
japanese_jlpt_n1,fine_weather,晴天,せいてん,seiten
japanese_jlpt_n1,just_due_proper,正当,せいとう,seitou
japanese_jlpt_n1,uniform,制服,せいふく,seifuku
japanese_jlpt_n1,conquest_subjugation_overco,征服,せいふく,seifuku
japanese_jlpt_n1,manufacturing_method_recipe,製法,せいほう,seihou
japanese_jlpt_n1,precise_exact_detailed_minu,精密,せいみつ,seimitsu
japanese_jlpt_n1,tax_office,税務署,ぜいむしょ,zeimusho
japanese_jlpt_n1,limitation_constraints,制約,せいやく,seiyaku
japanese_jlpt_n1,influence_power_might_stren,勢力,せいりょく,seiryoku
japanese_jlpt_n1,stand_in_a_row_form_a_line,整列,せいれつ,seiretsu
japanese_jlpt_n1,sale,セール,セール,sēru
japanese_jlpt_n1,to_hurry_to_urge_on,急かす,せかす,sekasu
japanese_jlpt_n1,son_my_son,伜,せがれ,segare
japanese_jlpt_n1,duty_obligation,責務,せきむ,sekimu
japanese_jlpt_n1,section_2,セクション,セクション,sekushon
japanese_jlpt_n1,flattery_compliment_2,世辞,せじ,seji
japanese_jlpt_n1,household,世帯,せたい,setai
japanese_jlpt_n1,correction_revision,是正,ぜせい,zesei
japanese_jlpt_n1,generation,世代,せだい,sedai
japanese_jlpt_n1,opening_up_cutting_through,切開,せっかい,sekkai
japanese_jlpt_n1,sex,セックス,セックス,sekkusu
japanese_jlpt_n1,compelling_serious_severe_a,切実,せつじつ,setsujitsu
japanese_jlpt_n1,touch_contact,接触,せっしょく,sesshoku
japanese_jlpt_n1,conjunction,接続詞,せつぞくし,setsuzokushi
japanese_jlpt_n1,establishment_institution,設置,せっち,setchi
japanese_jlpt_n1,compromise_cross_blending_e,折衷,せっちゅう,secchuu
japanese_jlpt_n1,establishment_creation,設定,せってい,settei
japanese_jlpt_n1,persuasion,説得,せっとく,settoku
japanese_jlpt_n1,painful_trying_sad,切ない,せつない,setsunai
japanese_jlpt_n1,out_of_print,絶版,ぜっぱん,zeppan
japanese_jlpt_n1,establishment_foundation_in,設立,せつりつ,setsuritsu
japanese_jlpt_n1,attack_offense,攻め,せめ,seme
japanese_jlpt_n1,jelly,ゼリー,ゼリー,zerii
japanese_jlpt_n1,ceremony,セレモニー,セレモニー,seremonii
japanese_jlpt_n1,public_opinion,世論,せろん,seron
japanese_jlpt_n1,priority_precedence_previou,先,せん,sen
japanese_jlpt_n1,fiber_fiber_textile,繊維,せんい,sen'i
japanese_jlpt_n1,complete_recovery_of_health,全快,ぜんかい,zenkai
japanese_jlpt_n1,religious_mission,宣教,せんきょう,senkyō
japanese_jlpt_n1,declaration_proclamation_an,宣言,せんげん,sengen
japanese_jlpt_n1,war_damage,戦災,せんさい,sensai
japanese_jlpt_n1,specialization,専修,せんしゅう,senshū
japanese_jlpt_n1,tactics,戦術,せんじゅつ,senjutsu
japanese_jlpt_n1,sense_for_music_style_tact_,センス,センス,sensu
japanese_jlpt_n1,diving,潜水,せんすい,sensui
japanese_jlpt_n1,height_of_prosperity,全盛,ぜんせい,zensei
japanese_jlpt_n1,family_predecessor_previous,先代,せんだい,sendai
japanese_jlpt_n1,recently_the_other_day,先だって,せんだって,sendatte
japanese_jlpt_n1,first_arrival,先着,せんちゃく,senchaku
japanese_jlpt_n1,preamble_premise_prerequisi,前提,ぜんてい,zentei
japanese_jlpt_n1,inherent_congenital_heredit,先天的,せんてんてき,sententeki
japanese_jlpt_n1,future_prospects_outlook_th,前途,ぜんと,zento
japanese_jlpt_n1,battle_fight_combat,戦闘,せんとう,sentō
japanese_jlpt_n1,infiltration_sneaking_in,潜入,せんにゅう,sennyū
japanese_jlpt_n1,ship,船舶,せんぱく,senpaku
japanese_jlpt_n1,annihilation,全滅,ぜんめつ,zenmetsu
japanese_jlpt_n1,exclusive_use_personal_use,専用,せんよう,sen'you
japanese_jlpt_n1,occupation_possession_have_,占領,せんりょう,senryou
japanese_jlpt_n1,goodness_excellence_virtue,善良,ぜんりょう,zenryou
japanese_jlpt_n1,war_potential,戦力,せんりょく,senryoku
japanese_jlpt_n1,precedent,前例,ぜんれい,zenrei
japanese_jlpt_n1,suitability_fitness,相応,そうおう,souou
japanese_jlpt_n1,general_meeting,総会,そうかい,soukai
japanese_jlpt_n1,launching_e_g_newspaper_fir,創刊,そうかん,soukan
japanese_jlpt_n1,various_kinds_of_small_tree,雑木,ぞうき,zouki
japanese_jlpt_n1,urgent,早急,そうきゅう,sōkyū
japanese_jlpt_n1,urgent_2,早急,さっきゅう,sakkyū
japanese_jlpt_n1,reinforce_increase,増強,ぞうきょう,zōkyō
japanese_jlpt_n1,remittance_sending_money,送金,そうきん,sōkin
japanese_jlpt_n1,running_a_wheeled_vehicle_e,走行,そうこう,sōkō
japanese_jlpt_n1,synthesis_generalization,総合,そうごう,sōgō
japanese_jlpt_n1,search_esp_for_someone_or_s,捜索,そうさく,sōsaku
japanese_jlpt_n1,minister_of_finance,蔵相,ぞうしょう,zōshō
japanese_jlpt_n1,ornament,装飾,そうしょく,sōshoku
japanese_jlpt_n1,promoting_increase_advance,増進,ぞうしん,zōshin
japanese_jlpt_n1,relative,相対,そうたい,sōtai
japanese_jlpt_n1,magnificent_grand_majestic,壮大,そうだい,sōdai
japanese_jlpt_n1,strife_riot_rebellion,騒動,そうどう,sōdō
japanese_jlpt_n1,disaster_shipwreck_accident,遭難,そうなん,sōnan
japanese_jlpt_n1,market_price_speculation_es,相場,そうば,sōba
japanese_jlpt_n1,equipment,装備,そうび,sōbi
japanese_jlpt_n1,establishment_founding,創立,そうりつ,sōritsu
japanese_jlpt_n1,to_add_to_to_attach_to_acco,添える,そえる,soeru
japanese_jlpt_n1,source,ソース,ソース,sōsu
japanese_jlpt_n1,immediately_right_away,即座に,そくざに,sokuzani
japanese_jlpt_n1,promotion_acceleration_enco,促進,そくしん,sokushin
japanese_jlpt_n1,to_conform_to_to_agree_with,即する,そくする,sokusuru
japanese_jlpt_n1,restraint_restriction_confi,束縛,そくばく,sokubaku
japanese_jlpt_n1,side_sidelight_lateral,側面,そくめん,sokumen
japanese_jlpt_n1,to_harm_to_hurt,損う,そこなう,sokonau
japanese_jlpt_n1,everywhere_somewhere,そこら,そこら,sokora
japanese_jlpt_n1,raw_materials_subject_matte,素材,そざい,sozai
japanese_jlpt_n1,obstruction_check_hindrance,阻止,そし,soshi
japanese_jlpt_n1,litigation_lawsuit,訴訟,そしょう,soshō
japanese_jlpt_n1,breeding_growth,育ち,そだち,sodachi
japanese_jlpt_n1,measure_step,措置,そち,sochi
japanese_jlpt_n1,socks,ソックス,ソックス,sokkusu
japanese_jlpt_n1,cold_short_curt_blunt,素っ気無い,そっけない,sokkenai
japanese_jlpt_n1,look_or_turn_the_other_way,外方,そっぽ,soppo
japanese_jlpt_n1,to_provide_to_equip_to_inst,備え付ける,そなえつける,sonaeru
japanese_jlpt_n1,to_be_furnished_with,備わる,そなわる,sonawaru
japanese_jlpt_n1,to_be_furnished_with_2,具わる,そなわる,sonawaru
japanese_jlpt_n1,to_rise_to_tower_to_soar,聳える,そびえる,sobiru
japanese_jlpt_n1,simplicity_artlessness_naiv,素朴,そぼく,soboku
japanese_jlpt_n1,to_run_counter_to_to_go_aga,背く,そむく,somuku
japanese_jlpt_n1,to_be_dyed,染まる,そまる,somaru
japanese_jlpt_n1,to_dye_to_color,染める,そめる,someru
japanese_jlpt_n1,to_bend_to_warp,そらす,そらす,sorasu
japanese_jlpt_n1,sleigh_sled,そり (～にのる),そり (～にのる),sori
japanese_jlpt_n1,to_warp_to_be_warped_to_cur,反る,そる,soru
japanese_jlpt_n1,therefore_for_that_reason_s,それゆえ,それゆえ,soreyue
japanese_jlpt_n1,solo,ソロ,ソロ,soro
japanese_jlpt_n1,set_suit_uniform,揃い,そろい,soroi
japanese_jlpt_n1,rude_careless_slovenly,ぞんざい,ぞんざい,zonzai
japanese_jlpt_n1,loss,損失,そんしつ,sonshitsu
japanese_jlpt_n1,duration_continuance,存続,そんぞく,sonzoku
japanese_jlpt_n1,dozen,ダース,ダース,dāsu
japanese_jlpt_n1,dealing_with,対応,たいおう,taiō
japanese_jlpt_n1,rich_family_distinguished_f,大家,たいか,taika
japanese_jlpt_n1,degeneration_retrogression,退化,たいか,taika
japanese_jlpt_n1,in_general_mainly,大概,たいがい,taigai
japanese_jlpt_n1,physique_constitution,体格,たいかく,taikaku
japanese_jlpt_n1,large_amount_of_money,大金,たいきん,taikin
japanese_jlpt_n1,treatment_reception,待遇,たいぐう,taigū
japanese_jlpt_n1,confrontation_showdown,対決,たいけつ,taiketsu
japanese_jlpt_n1,personal_experience,体験,たいけん,taiken
japanese_jlpt_n1,opposition_antagonism,対抗,たいこう,taikou
japanese_jlpt_n1,extermination,退治,たいじ,taiji
japanese_jlpt_n1,general_public,大衆,たいしゅう,taishuu
japanese_jlpt_n1,deal_with_cope,対処,たいしょ,taisho
japanese_jlpt_n1,retirement_from_office,退職,たいしょく,taishoku
japanese_jlpt_n1,to_title,題する,だいする,daisuru
japanese_jlpt_n1,attitude_conditions_tendenc,態勢,たいせい,taisei
japanese_jlpt_n1,talk_dialogue,対談,たいだん,taidan
japanese_jlpt_n1,bold_daring_audacious,大胆,だいたん,daitan
japanese_jlpt_n1,equivalent,対等,たいとう,taitō
japanese_jlpt_n1,mess_spoiled_come_to_nothin,台無し,だいなし,dainashi
japanese_jlpt_n1,non_payment_default,滞納,たいのう,tainō
japanese_jlpt_n1,contrast_comparison,対比,たいひ,taihi
japanese_jlpt_n1,typist,タイピスト,タイピスト,taipisuto
japanese_jlpt_n1,most_e_g_most_part_greater_,大部,たいぶ,taibu
japanese_jlpt_n1,feces,大便,だいべん,daiben
japanese_jlpt_n1,speak_for_another,代弁,だいべん,daiben
japanese_jlpt_n1,long_expected_waiting,待望,たいぼう,taibō
japanese_jlpt_n1,libretto_scenario,台本,だいほん,daihon
japanese_jlpt_n1,timer,タイマー,タイマー,taimā
japanese_jlpt_n1,negligence_carelessness,怠慢,たいまん,taiman
japanese_jlpt_n1,timing,タイミング,タイミング,taimingu
japanese_jlpt_n1,time,タイム,タイム,taimu
japanese_jlpt_n1,timely_run_batted_in_baseba,タイムリー,タイムリー,taimurī
japanese_jlpt_n1,interview_meeting,対面,たいめん,taimen
japanese_jlpt_n1,substitution,代用,だいよう,daiyō
japanese_jlpt_n1,physical_strength,体力,たいりょく,tairyoku
japanese_jlpt_n1,tile,タイル,タイル,tairu
japanese_jlpt_n1,conversation_dialogue,対話,たいわ,taiwa
japanese_jlpt_n1,to_endure_to_put_up_with,耐える,たえる,taeru
japanese_jlpt_n1,to_endure_to_put_up_with_2,堪える,たえる,taeru
japanese_jlpt_n1,to_die_out_to_become_extinc,絶える,たえる,taeru
japanese_jlpt_n1,to_cease_to_become_extinct,断える,たえる,taeru
japanese_jlpt_n1,solution_breakthrough,打開,だかい,dakai
japanese_jlpt_n1,open_fire,焚火,たきび,takibi
japanese_jlpt_n1,compromise_giving_in,妥協,だきょう,dakyō
japanese_jlpt_n1,burly_strong_sturdy,たくましい,たくましい,takumashii
japanese_jlpt_n1,skill_cleverness,巧み,たくみ,takumi
japanese_jlpt_n1,length_height,丈,たけ,take
japanese_jlpt_n1,blow_damage_batting_basebal,打撃,だげき,dageki
japanese_jlpt_n1,agreement,妥結,だけつ,daketsu
japanese_jlpt_n1,poor_work,駄作,ださく,dasaku
japanese_jlpt_n1,addition,足し算,たしざん,tashizan
japanese_jlpt_n1,majority_rule,多数決,たすうけつ,tasū ketsu
japanese_jlpt_n1,assistance,助け,たすけ,tasuke
japanese_jlpt_n1,to_engage_to_involve,携わる,たずさわる,tazusawaru
japanese_jlpt_n1,to_drift_about_to_float_to_,漂う,ただよう,tadayou
japanese_jlpt_n1,to_leave_to_depart,立ち去る,たちさる,tachisaru
japanese_jlpt_n1,to_stop_by_to_drop_in_for_a,立ち寄る,たちよる,tachiyoru
japanese_jlpt_n1,child_s_hug,抱っこ,だっこ,dakko
japanese_jlpt_n1,skillful_in_good_health,達者,たっしゃ,tassha
japanese_jlpt_n1,escape_2,脱出,だっしゅつ,dasshutsu
japanese_jlpt_n1,to_escape_from_to_get_out,脱する,だっする,dassuru
japanese_jlpt_n1,achievement,達成,たっせい,tassei
japanese_jlpt_n1,secession_withdrawal,脱退,だったい,dattai
japanese_jlpt_n1,if_it_s_the_case,だったら,だったら,dattara
japanese_jlpt_n1,to_pay_in_advance_to_pay_fo,立て替える,たてかえる,tatekaeru
japanese_jlpt_n1,position_stance_one_takes_i,建前,たてまえ,tatemae
japanese_jlpt_n1,to_offer_to_do_respectfully,奉る,たてまつる,tatematsuru
japanese_jlpt_n1,if_it_s_the_case_2,だと,だと,dato
japanese_jlpt_n1,transitive_verb_direct_obje,他動詞,たどうし,tadōshi
japanese_jlpt_n1,to_reach_to_make_it_somehow,辿り着く,たどりつく,tadoritsuku
japanese_jlpt_n1,to_follow_road_to_pursue_co,辿る,たどる,tadoru
japanese_jlpt_n1,to_tie_up_in_a_bundle_to_co,束ねる,たばねる,tabaneru
japanese_jlpt_n1,loose_baggy,だぶだぶ,だぶだぶ,dabudabu
japanese_jlpt_n1,another_side_on_the_other_h,他方,たほう,tahō
japanese_jlpt_n1,busy,多忙,たぼう,tabō
japanese_jlpt_n1,to_receive_to_grant,給う,たまう,tamau
japanese_jlpt_n1,soul_spirit,魂,たましい,tamashii
japanese_jlpt_n1,collected_things_gathering_,溜まり,たまり,tamari
japanese_jlpt_n1,to_grant_to_bestow,賜る,たまわる,tamawaru
japanese_jlpt_n1,to_keep_to_preserve_to_sust,保つ,たもつ,tamotsu
japanese_jlpt_n1,easy_simple_light,たやすい,たやすい,tayasui
japanese_jlpt_n1,diversity_variety,多様,たよう,tayō
japanese_jlpt_n1,sluggish_feel_heavy_tired_l,だるい,だるい,darui
japanese_jlpt_n1,slack_slackening,弛み,たるみ,tarumi
japanese_jlpt_n1,to_slacken_to_loosen_to_rel,弛む,たるむ,tarumu
japanese_jlpt_n1,to_hang_to_droop_to_drip,垂れる,たれる,tareru
japanese_jlpt_n1,talent_star_personality,タレント,タレント,tarento
japanese_jlpt_n1,tower,タワー,タワー,tawā
japanese_jlpt_n1,single_simple_sole,単一,たんいつ,tan'itsu
japanese_jlpt_n1,31_syllable_japanese_poem,短歌,たんか,tanka
japanese_jlpt_n1,stretcher_litter,担架,たんか,tanka
japanese_jlpt_n1,quick_temper,短気,たんき,tanki
japanese_jlpt_n1,unity_union_solidarity,団結,だんけつ,danketsu
japanese_jlpt_n1,exploration_expedition,探検,たんけん,tanken
japanese_jlpt_n1,assertion_declaration_affir,断言,だんげん,dangen
japanese_jlpt_n1,shortening_abbreviation_red,短縮,たんしゅく,tanshuku
japanese_jlpt_n1,firmly_absolutely_definitel,断然,だんぜん,danzen
japanese_jlpt_n1,carbon_c,炭素,たんそ,tanso
japanese_jlpt_n1,junior_college,短大,たんだい,tandai
japanese_jlpt_n1,monotony_monotone_dullness,単調,たんちょう,tanchō
japanese_jlpt_n1,sole_single,単独,たんどく,tandoku
japanese_jlpt_n1,master_of_house_husband_inf,旦那,だんな,danna
japanese_jlpt_n1,short_wave,短波,たんぱ,tanpa
japanese_jlpt_n1,protein,蛋白質,たんぱくしつ,tanpakushitsu
japanese_jlpt_n1,dump_truck,ダンプ,ダンプ,danpu
japanese_jlpt_n1,cross_section,断面,だんめん,danmen
japanese_jlpt_n1,elasticity_flexibility,弾力,だんりょく,danryoku
japanese_jlpt_n1,public_order_security,治安,ちあん,chian
japanese_jlpt_n1,teamwork,チームワーク,チームワーク,chīmuwāku
japanese_jlpt_n1,change,チェンジ,チェンジ,chenji
japanese_jlpt_n1,to_change,違える,ちがえる,chigaeru
japanese_jlpt_n1,animal_husbandry,畜産,ちくさん,chikusan
japanese_jlpt_n1,beast_brute_damn,畜生,ちくしょう,chishō
japanese_jlpt_n1,accumulation_accumulate_sto,蓄積,ちくせき,chikuseki
japanese_jlpt_n1,landform_geographical_featu,地形,ちけい,chikei
japanese_jlpt_n1,intelligence,知性,ちせい,chisei
japanese_jlpt_n1,milk_breast_loop,乳,ちち,chichi
japanese_jlpt_n1,to_be_shortened_to_be_contr,縮まる,ちぢまる,chijimaru
japanese_jlpt_n1,order_regularity,秩序,ちつじょ,chitsujo
japanese_jlpt_n1,suffocation,窒息,ちっそく,chissoku
japanese_jlpt_n1,intellectual,知的,ちてき,chiteki
japanese_jlpt_n1,embarkation_launch,着手,ちゃくしゅ,chakushu
japanese_jlpt_n1,coloring_coloring,着色,ちゃくしょく,chakushoku
japanese_jlpt_n1,sit_down_seat,着席,ちゃくせき,chakuseki
japanese_jlpt_n1,attention,着目,ちゃくもく,chakumoku
japanese_jlpt_n1,landing_touch_down,着陸,ちゃくりく,chakuriku
japanese_jlpt_n1,start_of_construction_work,着工,ちゃっこう,chakkou
japanese_jlpt_n1,living_room_japanese_style,茶の間,ちゃのま,chanoma
japanese_jlpt_n1,tea_ceremony,茶の湯,ちゃのゆ,chanoyu
japanese_jlpt_n1,pamper_make_a_fuss_of_spoil,ちやほや,ちやほや,chiyaho-ya
japanese_jlpt_n1,a_channel,チャンネル,チャンネル,channeru
japanese_jlpt_n1,somersault_looping_the_loop,宙返り,ちゅうがえり,chūgaeri
japanese_jlpt_n1,relay_hook_up,中継,ちゅうけい,chūkei
japanese_jlpt_n1,advice_warning,忠告,ちゅうこく,chūkoku
japanese_jlpt_n1,slander_libel_defamation,中傷,ちゅうしょう,chūshō
japanese_jlpt_n1,center_mainstay_nucleus,中枢,ちゅうすう,chūsū
japanese_jlpt_n1,lottery_raffle_drawing_of_l,抽選,ちゅうせん,chūsen
japanese_jlpt_n1,interruption_suspension_bre,中断,ちゅうだん,chūdan
japanese_jlpt_n1,poisoning,中毒,ちゅうどく,chūdoku
japanese_jlpt_n1,mountain_side_halfway_up,中腹,ちゅうふく,chūfuku
japanese_jlpt_n1,neutrality,中立,ちゅうりつ,chūritsu
japanese_jlpt_n1,neutralize_counteract,中和,ちゅうわ,chūwa
japanese_jlpt_n1,written_by,～著,～ちょ,~cho
japanese_jlpt_n1,bowels_intestines,腸,ちょう,chō
japanese_jlpt_n1,butterfly,蝶,ちょう,chō
japanese_jlpt_n1,super_ultra_hyper,超,ちょう,chō
japanese_jlpt_n1,signature_sign_sealing,調印,ちょういん,chōin
japanese_jlpt_n1,the_sense_of_hearing,聴覚,ちょうかく,chōkaku
japanese_jlpt_n1,chief_government_secretary,長官,ちょうかん,chōkan
japanese_jlpt_n1,lecture_attendance_auditing,聴講,ちょうこう,chōkō
japanese_jlpt_n1,collection_levy,徴収,ちょうしゅう,chōshū
japanese_jlpt_n1,stethoscope,聴診器,ちょうしんき,chōshinki
japanese_jlpt_n1,arbitration_conciliation_me,調停,ちょうてい,chōtei
japanese_jlpt_n1,duplication_repetition_over,重複,ちょうふく,chōfuku
japanese_jlpt_n1,long_e_g_novel_film,長編,ちょうへん,chōhen
japanese_jlpt_n1,convenient_useful,重宝,ちょうほう,chōhō
japanese_jlpt_n1,cooking,調理,ちょうり,chōri
japanese_jlpt_n1,harmony,調和,ちょうわ,chōwa
japanese_jlpt_n1,often_frequently_now_and_th,ちょくちょく,ちょくちょく,chokuchoku
japanese_jlpt_n1,confrontation,直面,ちょくめん,chokumen
japanese_jlpt_n1,literary_work_book,著書,ちょしょ,chosho
japanese_jlpt_n1,savings,貯蓄,ちょちく,chochiku
japanese_jlpt_n1,intuition_instinct,直感,ちょっかん,chokkan
japanese_jlpt_n1,well_known_noted_celebrated,著名,ちょめい,chomei
japanese_jlpt_n1,at_a_glance_by_accident,ちらっと,ちらっと,chiratto
japanese_jlpt_n1,dust_dirt,塵,ちり,chiri
japanese_jlpt_n1,dustpan,塵取り,ちりとり,chiritori
japanese_jlpt_n1,wages,賃金,ちんぎん,chingin
japanese_jlpt_n1,precipitation_deposition_se,沈殿,ちんでん,chinden
japanese_jlpt_n1,sinking_foundering,沈没,ちんぼつ,chinbotsu
japanese_jlpt_n1,silence_reticence,沈黙,ちんもく,chinmoku
japanese_jlpt_n1,exhibition_display_show,陳列,ちんれつ,chinretsu
japanese_jlpt_n1,investigation_inquiry,追及,ついきゅう,tsuikyū
japanese_jlpt_n1,pursuit,追跡,ついせき,tsuiseki
japanese_jlpt_n1,exile_banishment,追放,ついほう,tsuihō
japanese_jlpt_n1,to_spend_to_devote_to_waste,費やす,ついやす,tsuiyasu
japanese_jlpt_n1,falling_crashing,墜落,ついらく,tsuiraku
japanese_jlpt_n1,feeling_keenly_fully_realiz,痛感,つうかん,tsūkan
japanese_jlpt_n1,common_normal_usual,通常,つうじょう,tsūjō
japanese_jlpt_n1,keen_deep,痛切,つうせつ,tsūsetsu
japanese_jlpt_n1,cane,杖,つえ,tsue
japanese_jlpt_n1,use,使い道,つかいみち,tsukaimichi
japanese_jlpt_n1,to_serve_to_work_for,仕える,つかえる,tsukaeru
japanese_jlpt_n1,to_rule_to_govern_to_admini,司る,つかさどる,tsukasadoru
japanese_jlpt_n1,moment_brief_time,つかの間,つかのま,tsukanoma
japanese_jlpt_n1,conventional_trite_common,月並,つきなみ,tsukinami
japanese_jlpt_n1,joint_seam,継目,つぎめ,tsugime
japanese_jlpt_n1,to_be_used_up_to_be_run_out,尽きる,つきる,tsukiru
japanese_jlpt_n1,to_exhaust_to_run_out_to_de,尽くす,つくす,tsukusu
japanese_jlpt_n1,completely_really,つくづく,つくづく,tsukuzuku
japanese_jlpt_n1,make_up_structure_physique,作り,つくり,tsukuri
japanese_jlpt_n1,make_up_structure_physiqu_2,造り,つくり,tsukuri
japanese_jlpt_n1,to_mend_to_repair,繕う,つくろう,tsukurou
japanese_jlpt_n1,to_add_one_thing_to_another,付け加える,つけくわえる,tsukekuwaeru
japanese_jlpt_n1,to_inform,告げる,つげる,tsugeru
japanese_jlpt_n1,coherence_consistency,つじつま (はなしの～),つじつま (はなしの～),tsujitsuma (hanashi no~)
japanese_jlpt_n1,pipe_tube,筒,つつ,tsutsu
japanese_jlpt_n1,to_thrust_to_strike_to_atta,突く,つつく,tsutsuku
japanese_jlpt_n1,to_prompt_someone,突っ突く,つっつく,tsuttsuku
japanese_jlpt_n1,to_be_careful_to_be_chaste_,謹む,つつしむ,tsutushimu
japanese_jlpt_n1,to_support_to_become_stiff_,突っ張る,つっぱる,tsupparu
japanese_jlpt_n1,be_equal_be_fit,務まる,つとまる,tsutomu
japanese_jlpt_n1,place_of_work,勤め先,つとめさき,tsutomesaki
japanese_jlpt_n1,make_an_effort_work_hard,努めて,つとめて,tsutomete
japanese_jlpt_n1,tsunami_tidal_wave,津波,つなみ,tsunami
japanese_jlpt_n1,to_pinch,つねる,つねる,tsuneru
japanese_jlpt_n1,horn,角,つの,tsuno
japanese_jlpt_n1,to_invite_to_solicit_help_p,募る,つのる,tsunoru
japanese_jlpt_n1,saliva_spit_sputum,唾,つば,tsuba
japanese_jlpt_n1,to_mutter_to_murmur,呟く,つぶやく,tsubuyaku
japanese_jlpt_n1,round_rotund,つぶら,つぶら,tsubura
japanese_jlpt_n1,to_close_the_eyes,つぶる (めを～),つぶる (めを～),tsuburu (me o~)
japanese_jlpt_n1,jar_pot_vase,壷,つぼ,tsubo
japanese_jlpt_n1,bud_flower_bud,蕾,つぼみ,tsubomi
japanese_jlpt_n1,to_extend_to_stretch_out_to,連なる,つらなる,tsuranaru
japanese_jlpt_n1,to_go_through,貫く,つらぬく,tsuranuku
japanese_jlpt_n1,to_link_to_join_to_put_toge,連ねる,つらねる,tsuraneru
japanese_jlpt_n1,temple_bell_for_striking,釣り鐘,つりがね,tsurigane
japanese_jlpt_n1,strap,吊り革,つりかわ,tsurikawa
japanese_jlpt_n1,allowance_compensation_trea,手当,てあて,teate
japanese_jlpt_n1,definition,定義,ていぎ,teigi
japanese_jlpt_n1,offer_program_sponsoring,提供,ていきょう,teikyō
japanese_jlpt_n1,cooperation_tie_up_joint_bu,提携,ていけい,teikei
japanese_jlpt_n1,decency_style_form_appearan,体裁,ていさい,teisai
japanese_jlpt_n1,presentation_exhibit_sugges,提示,ていじ,teiji
japanese_jlpt_n1,tissue,ティシュペーパー,ティシュペーパー,tishupēpā
japanese_jlpt_n1,fixed_price_lunch_set_meal_,定食,ていしょく,teishoku
japanese_jlpt_n1,correction_revision_2,訂正,ていせい,teisei
japanese_jlpt_n1,stagnation_tie_up_congestio,停滞,ていたい,teitai
japanese_jlpt_n1,mansion_residence,邸宅,ていたく,teitaku
japanese_jlpt_n1,retirement_age,定年,ていねん,teinen
japanese_jlpt_n1,bank_weir,堤防,ていぼう,teibou
japanese_jlpt_n1,being_too_belated_treatment,手遅れ,ておくれ,teokure
japanese_jlpt_n1,huge,でかい,でかい,dekai
japanese_jlpt_n1,hint_clue_key,手掛かり,てがかり,tegakari
japanese_jlpt_n1,to_handle_to_manage_to_work,手掛ける,てがける,tegakeru
japanese_jlpt_n1,trouble_labor_handling,手数,てかず,tekazu
japanese_jlpt_n1,easy_simple_cheap,手軽,てがる,tegaru
japanese_jlpt_n1,adaptation_accommodation_co,適応,てきおう,tekiou
japanese_jlpt_n1,suitability,適宜,てきぎ,tekigi
japanese_jlpt_n1,aptitude,適性,てきせい,tekisei
japanese_jlpt_n1,boil_rash,できもの,できもの,dekimono
japanese_jlpt_n1,performance_skill_tact,手際,てぎわ,tegiwa
japanese_jlpt_n1,to_happen_to_meet_to_come_a,出くわす,でくわす,dekuwasu
japanese_jlpt_n1,process_procedure_protocol,手順,てじゅん,tejun
japanese_jlpt_n1,handcuffs_manacles,手錠,てじょう,tejou
japanese_jlpt_n1,trouble_labor_handling_2,手数,てすう,tesuu
japanese_jlpt_n1,decoration,デコレーション,デコレーション,dekoreeshon
japanese_jlpt_n1,near_handy_familiar,手近,てぢか,tejika
japanese_jlpt_n1,surely_certainly_beyond_dou,てっきり,てっきり,tekkiri
japanese_jlpt_n1,iron_and_steel,鉄鋼,てっこう,tekkou
japanese_jlpt_n1,rough_sketch_fre_dessin,デッサン,デッサン,dessan
japanese_jlpt_n1,to_devote_oneself_to_believ,徹する,てっする,tessuru
japanese_jlpt_n1,top_summit_apex,てっぺん,てっぺん,teppen
japanese_jlpt_n1,iron_rod_crowbar_horizontal,鉄棒,てつぼう,tetsubou
japanese_jlpt_n1,adjustment_touch_up,出直し,でなおし,denaoshi
japanese_jlpt_n1,the_palm,掌,てのひら,tenohira
japanese_jlpt_n1,arrangement_search_by_polic,手配,てはい,tehai
japanese_jlpt_n1,arrangement_plan_program,手筈,てはず,tehazu
japanese_jlpt_n1,guidance_guide_introduction,手引,てびき,tebiki
japanese_jlpt_n1,model_pattern,手本,てほん,tehon
japanese_jlpt_n1,preparations_arrangements,手回し,てまわし,temawashi
japanese_jlpt_n1,money_on_hand_or_at_home_on,手元,てもと,temoto
japanese_jlpt_n1,demonstration,デモンストレーション,デモンストレーション,demonsutorēshon
japanese_jlpt_n1,to_reflect_to_throw_back_li,照り返す,てりかえす,terikaesu
japanese_jlpt_n1,telex_teletypewriter_exchan,テレックス,テレックス,terekkusu
japanese_jlpt_n1,division_of_labor,手分け,てわけ,tewake
japanese_jlpt_n1,heaven_sky,天,てん,ten
japanese_jlpt_n1,country_rural_districts,田園,でんえん,den'en
japanese_jlpt_n1,the_world_whole_country,天下,てんか,tenka
japanese_jlpt_n1,revolution_rotation,転回,てんかい,tenkai
japanese_jlpt_n1,consecutive_holidays,連休,れんきゅう,renkyuu
japanese_jlpt_n1,range_stove,レンジ,レンジ,renji
japanese_jlpt_n1,every_day,連日,れんじつ,renjitsu
japanese_jlpt_n1,solidarity,連帯,れんたい,rentai
japanese_jlpt_n1,rented_car,レンタカー,レンタカー,rentakaa
japanese_jlpt_n1,colleagues_company_a_lot,連中,れんちゅう,renchuu
japanese_jlpt_n1,x_ray_lit_roentgen,レントゲン,レントゲン,rentogen
japanese_jlpt_n1,commonwealth_federation_of_,連邦,れんぽう,renpou
japanese_jlpt_n1,league_union_alliance,連盟,れんめい,renmei
japanese_jlpt_n1,senility_senile_decay,老衰,ろうすい,rousui
japanese_jlpt_n1,reading_aloud_recitation,朗読,ろうどく,roudoku
japanese_jlpt_n1,waste_extravagance,浪費,ろうひ,rouhi
japanese_jlpt_n1,labor_effort_trouble,労力,ろうりょく,rouryoku
japanese_jlpt_n1,ropeway_aerial_tram,ロープウエイ,ロープウエイ,roopuuei
japanese_jlpt_n1,rope,ロープ,ロープ,roopu
japanese_jlpt_n1,satisfactory_decent,ろくな,ろくな,rokun a
japanese_jlpt_n1,blunt_outspoken_conspicuous,露骨,ろこつ,rokotsu
japanese_jlpt_n1,romantic,ロマンチック,ロマンチック,romanchikku
japanese_jlpt_n1,discussion,論議,ろんぎ,rongi
japanese_jlpt_n1,logic,論理,ろんり,ronri
japanese_jlpt_n1,planet,惑星,わくせい,wakusei
japanese_jlpt_n1,art_technique,技,わざ,waza
japanese_jlpt_n1,take_the_trouble_to_do_doin,わざわざ,わざわざ,wazawaza
japanese_jlpt_n1,burdensome_troublesome_comp,煩わしい,わずらわしい,wazurawashii
japanese_jlpt_n1,migratory_bird_bird_of_pass,渡り鳥,わたりどり,wataridori
japanese_jlpt_n1,watt,ワット,ワット,watto
japanese_jlpt_n1,apology,詫び,わび,wabi
japanese_jlpt_n1,japanese_text_sentence_in_j,和文,わぶん,wabun
japanese_jlpt_n1,straw_2,藁,わら,wara
japanese_jlpt_n1,percent,～割,～わり,~wari
japanese_jlpt_n1,allotment_allocation_quota,割当,わりあて,wariate
japanese_jlpt_n1,to_cut_in_to_disturb,割込む,わりこむ,warikomu
japanese_jlpt_n1,bad_fellow_rascal,悪者,わるもの,warumono
japanese_jlpt_n1,me_oneself_self_ego,我,われ,ware
japanese_jlpt_n1,to_make_progress_to_move_ri,捗る,はかどる,hakadoru
japanese_jlpt_n1,short_lived_momentary_ephem,はかない,はかない,hakanai
japanese_jlpt_n1,stupid,ばかばかしい,ばかばかしい,bakabakashii
japanese_jlpt_n1,revocation_annulment_breaki,破棄,はき,haki
japanese_jlpt_n1,to_tear_off_to_peel_off_to_,剥ぐ,はぐ,hagu
japanese_jlpt_n1,persecution,迫害,はくがい,hakugai
japanese_jlpt_n1,feebleness_weakness_weak,薄弱,はくじゃく,hakujaku
japanese_jlpt_n1,confession,白状,はくじょう,hakujō
japanese_jlpt_n1,obscure_vague_equivocal,漠然,ばくぜん,bakuzen
japanese_jlpt_n1,bomb,爆弾,ばくだん,bakudan
japanese_jlpt_n1,blast_explosion_blow_up,爆破,ばくは,bakuha
japanese_jlpt_n1,disclosure_exposure_revelat,暴露,ばくろ,bakuro
japanese_jlpt_n1,to_encourage_to_cheer_to_ra,励ます,はげます,hagemasu
japanese_jlpt_n1,to_be_zealous_to_make_an_ef,励む,はげむ,hagemu
japanese_jlpt_n1,to_come_off_to_be_worn_off_,剥げる,はげる,hageru
japanese_jlpt_n1,to_disguise_to_take_the_for,化ける,ばける,bakeru
japanese_jlpt_n1,dispatch_send,派遣,はけん,haken
japanese_jlpt_n1,shame_embarrassment,恥,はじ,haji
japanese_jlpt_n1,to_play_piano_guitar,弾く,はじく,hajiku
japanese_jlpt_n1,pajamas,パジャマ,パジャマ,pajama
japanese_jlpt_n1,to_feel_shy_to_be_bashful_t,恥じらう,はじらう,hajirau
japanese_jlpt_n1,to_feel_ashamed,恥じる,はじる,hajiru
japanese_jlpt_n1,bridge_building_mediation,橋渡し,はしわたし,hashiwata shi
japanese_jlpt_n1,to_bounce_to_be_encouraged_,弾む,はずむ,hazumu
japanese_jlpt_n1,damage,破損,はそん,hason
japanese_jlpt_n1,to_strike_to_clap_to_dust_t,叩く,はたく,hataku
japanese_jlpt_n1,barefoot,裸足,はだし,hadashi
japanese_jlpt_n1,to_accomplish_to_fulfill_to,果たす,はたす,hatasu
japanese_jlpt_n1,honey,蜂蜜,はちみつ,hachimitsu
japanese_jlpt_n1,pachinko_japanese_pinball,パチンコ,パチンコ,pachinko
japanese_jlpt_n1,punishment_penalty,罰,ばつ,batsu
japanese_jlpt_n1,physical_growth_development,発育,はついく,hatsuiku
japanese_jlpt_n1,germination,発芽,はつが,hatsuga
japanese_jlpt_n1,excavation_exhumation_disco,発掘,はっくつ,hakkutsu
japanese_jlpt_n1,utterance_speech_proposal,発言,はつげん,hatsugen
japanese_jlpt_n1,badge,バッジ,バッジ,bajji
japanese_jlpt_n1,outbreak_spring_forth_occur,発生,はっせい,hassei
japanese_jlpt_n1,to_tailor_to_make_to_prepar,仕立てる,したてる,shatateru
japanese_jlpt_n1,trade_in_part_exchange,下取り,したどり,shitadori
japanese_jlpt_n1,burning_low_waning_declinin,下火,したび,shitabi
japanese_jlpt_n1,fruit_good_result,実,じつ,jitsu
japanese_jlpt_n1,one_s_parents_home,実家,じっか,jikka
japanese_jlpt_n1,disqualification_eliminatio,失格,しっかく,shikkaku
japanese_jlpt_n1,question,質疑,しつぎ,shitsugi
japanese_jlpt_n1,losing_one_s_standing_being,失脚,しっきゃく,shōkyaku
japanese_jlpt_n1,industrialist_businessman,実業家,じつぎょうか,jitsugyōka
japanese_jlpt_n1,chic,シック,シック,shikku
japanese_jlpt_n1,deliberately_carefully,じっくり,じっくり,jikkuri
japanese_jlpt_n1,discipline_training,躾,しつけ,shitsuke
japanese_jlpt_n1,to_discipline_to_teach_mann,躾ける,しつける,shitsukeru
japanese_jlpt_n1,practice_put_into_practice,実践,じっせん,jissen
japanese_jlpt_n1,simplicity_modesty_frugalit,質素,しっそ,shisso
japanese_jlpt_n1,truth_fact,実態,じったい,jittai
japanese_jlpt_n1,lack_of_harmony_imbalance,失調,しっちょう,shicchō
japanese_jlpt_n1,jealousy,嫉妬,しっと,shitto
japanese_jlpt_n1,actual_expense_cost_price,実費,じっぴ,juppi
japanese_jlpt_n1,pointing_out_identification,指摘,してき,shiteki
japanese_jlpt_n1,rotation_spin,自転,じてん,jiten
japanese_jlpt_n1,auxiliary_verb,助動詞,じょどうし,jodōshi
japanese_jlpt_n1,graceful,淑やか,しとやか,shito yaka
japanese_jlpt_n1,to_shrivel_to_fade,萎びる,しなびる,shinabiru
japanese_jlpt_n1,scenario_2,シナリオ,シナリオ,shinario
japanese_jlpt_n1,supple_flexible_elastic,しなやか,しなやか,shinayaka
japanese_jlpt_n1,human_waste,屎尿,しにょう,shin'yō
japanese_jlpt_n1,landlord,地主,じぬし,jinushi
japanese_jlpt_n1,to_outdo_to_surpass_to_endu,凌ぐ,しのぐ,shinogu
japanese_jlpt_n1,lawn,芝,しば,shiba
japanese_jlpt_n1,first_train,始発,しはつ,shihatsu
japanese_jlpt_n1,otolaryngology,耳鼻科,じびか,jibi-ka
japanese_jlpt_n1,private_property_personal_e,私物,しぶつ,shibutsu
japanese_jlpt_n1,tenacious_stubborn,しぶとい,しぶとい,shibutoi
japanese_jlpt_n1,administration_of_justice,司法,しほう,shihō
japanese_jlpt_n1,disposal_cleaning_up_afterw,始末,しまつ,shimatsu
japanese_jlpt_n1,to_soak_pierce,染みる,しみる,shimiru
japanese_jlpt_n1,mission_errand_message,使命,しめい,shimei
japanese_jlpt_n1,local,地元,じもと,jimoto
japanese_jlpt_n1,field_of_vision_outlook,視野,しや,shiya
japanese_jlpt_n1,delicate_supple,弱,じゃく,jaku
japanese_jlpt_n1,social_life,社交,しゃこう,shakou
japanese_jlpt_n1,jazz,ジャズ,ジャズ,jazu
japanese_jlpt_n1,refusal,謝絶,しゃぜつ,shazetsu
japanese_jlpt_n1,company_owned_house,社宅,しゃたく,shataku
japanese_jlpt_n1,some_few_number_of,若干,じゃっかん,jakkan
japanese_jlpt_n1,three_stringed_japanese_gui,三味線,しゃみせん,shamisen
japanese_jlpt_n1,slope_slanting_surface_beve,斜面,しゃめん,shamen
japanese_jlpt_n1,gravel_ballast_pebbles,砂利,じゃり,jari
japanese_jlpt_n1,to_joke_to_play_on_words_st,洒落る,しゃれる,shareru
japanese_jlpt_n1,jacket_jumper,ジャンパー,ジャンパー,janpā
japanese_jlpt_n1,jump,ジャンプ,ジャンプ,janpu
japanese_jlpt_n1,jumbo,ジャンボ,ジャンボ,janbo
japanese_jlpt_n1,genre,ジャンル,ジャンル,janru
japanese_jlpt_n1,owner_master_god_2,主,しゅ,shu
japanese_jlpt_n1,seed_variety,種,しゅ,shu
japanese_jlpt_n1,private_ownership,私有,しゆう,shiyuu
japanese_jlpt_n1,sect,～宗,～しゅう,shuu
japanese_jlpt_n1,earnings_proceeds_returns,収益,しゅうえき,shuueki
japanese_jlpt_n1,learning,修学,しゅうがく,shuugaku
japanese_jlpt_n1,cycle_period,周期,しゅうき,shuuki
japanese_jlpt_n1,lower_house_house_of_repres,衆議院,しゅうぎいん,shuugiin
japanese_jlpt_n1,employment_starting_work,就業,しゅうぎょう,shuugyou
japanese_jlpt_n1,employee_worker,従業員,じゅうぎょういん,juugyouin
japanese_jlpt_n1,totalization_aggregate,集計,しゅうけい,shuukei
japanese_jlpt_n1,attack_charge_raid,襲撃,しゅうげき,shūgeki
japanese_jlpt_n1,income_and_expenditure,収支,しゅうし,shūshi
japanese_jlpt_n1,from_beginning_to_end_consi,終始,しゅうし,shūshi
japanese_jlpt_n1,masters_degree_program,修士,しゅうし,shūshi
japanese_jlpt_n1,engaging_pursuing_following,従事,じゅうじ,jūji
japanese_jlpt_n1,all_day,終日,しゅうじつ,shūjitsu
japanese_jlpt_n1,fullness_perfection,充実,じゅうじつ,jūjitsu
japanese_jlpt_n1,gathering_up_collection,収集,しゅうしゅう,shūshū
japanese_jlpt_n1,crossroads,十字路,じゅうじろ,jūjiro
japanese_jlpt_n1,attachment_adhesion_tenacit,執着,しゅうじゃく,shūjaku
japanese_jlpt_n1,attachment_adhesion_tenac_2,執着,しゅうちゃく,shūchaku
japanese_jlpt_n1,flexible,柔軟,じゅうなん,jūnan
japanese_jlpt_n1,duplication_repetition_ov_2,重複,じゅうふく,jūfuku
japanese_jlpt_n1,accommodation_seating_custo,収容,しゅうよう,shūyō
japanese_jlpt_n1,up_to_now_so_far_traditiona,従来,じゅうらい,jūrai
japanese_jlpt_n1,security_guard_doorkeeper,守衛,しゅえい,shuei
japanese_jlpt_n1,starring_playing_the_leadin,主演,しゅえん,shuen
japanese_jlpt_n1,subjectivity_subject_ego,主観,しゅかん,shukan
japanese_jlpt_n1,pursuit_of_knowledge_traini,修行,しゅぎょう,shugyō
japanese_jlpt_n1,after_school_cram_school,塾,じゅく,juku
japanese_jlpt_n1,celebration_congratulations,祝賀,しゅくが,shukuga
japanese_jlpt_n1,fate_destiny_predestination,宿命,しゅくめい,shukumei
japanese_jlpt_n1,handicrafts,手芸,しゅげい,shugei
japanese_jlpt_n1,sovereignty,主権,しゅけん,shuken
japanese_jlpt_n1,organization_sponsorship_to,主催,しゅさい,shusai
japanese_jlpt_n1,coverage_collecting_data,取材,しゅざい,shuzai
japanese_jlpt_n1,object_meaning,趣旨,しゅし,shushi
japanese_jlpt_n1,variety,種々,しゅじゅ,shuju
japanese_jlpt_n1,staple_food,主食,しゅしょく,shushoku
japanese_jlpt_n1,protagonist,主人公,しゅじんこう,shujinkou
japanese_jlpt_n1,subject_main_constituent,主体,しゅたい,shutai
japanese_jlpt_n1,subject_theme_motif,主題,しゅだい,shudai
japanese_jlpt_n1,leading_performer_stage_app,出演,しゅつえん,shutsuen
japanese_jlpt_n1,bleeding,出血,しゅっけつ,shukketsu
japanese_jlpt_n1,appearance_arrival,出現,しゅつげん,shutsu'en
japanese_jlpt_n1,childbirth,出産,しゅっさん,shus'san
japanese_jlpt_n1,come_to_work,出社,しゅっしゃ,shussha
japanese_jlpt_n1,birth,出生,しゅっしょう,shusshō
japanese_jlpt_n1,birth_2,出生,しゅっせい,shus'sei
japanese_jlpt_n1,minuscule_amount_extremely_,微量,びりょう,biryō
japanese_jlpt_n1,lunch_mid_day_meal,昼飯,ひるめし,hirumeshi
japanese_jlpt_n1,proportion,比例,ひれい,hirei
japanese_jlpt_n1,fatigue_weariness,疲労,ひろう,hirō
japanese_jlpt_n1,sensibility_susceptibility_,敏感,びんかん,binkan
japanese_jlpt_n1,poverty_lack,貧困,ひんこん,hinkon
japanese_jlpt_n1,quality,品質,ひんしつ,hinshitsu
japanese_jlpt_n1,poor_meager_insubstantial,貧弱,ひんじゃく,hinjaku
japanese_jlpt_n1,breed_type_variety,品種,ひんしゅ,hinshu
japanese_jlpt_n1,hint,ヒント,ヒント,hinto
japanese_jlpt_n1,frequency,頻繁,ひんぱん,hinpan
japanese_jlpt_n1,poverty_destitute_poor,貧乏,びんぼう,binbō
japanese_jlpt_n1,fight,ファイト,ファイト,faito
japanese_jlpt_n1,file_portfolio,ファイル,ファイル,fairu
japanese_jlpt_n1,fan_2,ファン,ファン,fan
japanese_jlpt_n1,sudden_abrupt_unexpected,不意,ふい,fui
japanese_jlpt_n1,filter,フィルタ,フィルタ,firuta
japanese_jlpt_n1,seal,封,ふう,fū
japanese_jlpt_n1,blockade_freezing_funds,封鎖,ふうさ,fūsa
japanese_jlpt_n1,windmill,風車,ふうしゃ,fūsha
japanese_jlpt_n1,custom,風習,ふうしゅう,fūshū
japanese_jlpt_n1,manners_customs_sex_industr,風俗,ふうぞく,fūzoku
japanese_jlpt_n1,boots,ブーツ,ブーツ,būtsu
japanese_jlpt_n1,natural_features_climate,風土,ふうど,fūdo
japanese_jlpt_n1,boom,ブーム,ブーム,būmu
japanese_jlpt_n1,foam_form,フォーム,フォーム,fōmu
japanese_jlpt_n1,one_s_subordinate,部下,ぶか,buka
japanese_jlpt_n1,indispensable_essential,不可欠,ふかけつ,fukaketsu
japanese_jlpt_n1,too_big_baggy,ぶかぶか,ぶかぶか,bukabuka
japanese_jlpt_n1,ominous_sinister_bad_luck_i,不吉,ふきつ,fukitsu
japanese_jlpt_n1,recession_depression_slump,不況,ふきょう,fukyō
japanese_jlpt_n1,dish_cloth,布巾,ふきん,fukin
japanese_jlpt_n1,composite_complex,複合,ふくごう,fukugou
japanese_jlpt_n1,welfare_well_being,福祉,ふくし,fukushi
japanese_jlpt_n1,mask_veil_disguise,覆面,ふくめん,fukumen
japanese_jlpt_n1,to_swell_out_to_be_inflated,膨れる,ふくれる,fukureru
japanese_jlpt_n1,business_recession_hard_tim,不景気,ふけいき,fukeiki
japanese_jlpt_n1,to_indulge_in_to_give_onese,耽る,ふける,fukeru
japanese_jlpt_n1,to_age,老ける,ふける,fukeru
japanese_jlpt_n1,wealthy_person_millionaire,富豪,ふごう,fugou
japanese_jlpt_n1,edict_ordinance_proclamatio,布告,ふこく,fukoku
japanese_jlpt_n1,buzzer,ブザー,ブザー,buzā
japanese_jlpt_n1,debt_liabilities,負債,ふさい,fusai
japanese_jlpt_n1,absence,不在,ふざい,fuzai
japanese_jlpt_n1,appropriate,ふさわしい,ふさわしい,fusawashii
japanese_jlpt_n1,irregularity_unseasonablene,不順,ふじゅん,fujun
japanese_jlpt_n1,injury_wound,負傷,ふしょう,fushō
japanese_jlpt_n1,insult_contempt_slight,侮辱,ぶじょく,bujoku
japanese_jlpt_n1,suspicious_doubt_infidelity,不審,ふしん,fushin
japanese_jlpt_n1,dullness_slump_stagnation,不振,ふしん,fushin
japanese_jlpt_n1,arms_armament_armed,武装,ぶそう,busō
japanese_jlpt_n1,token_label_ticket_card_cha,札,ふだ,fuda
japanese_jlpt_n1,burden_load,負担,ふたん,futan
japanese_jlpt_n1,bad_condition_disorder_slum,不調,ふちょう,fuchou
japanese_jlpt_n1,revival_e_g_musical_restora,復活,ふっかつ,fukkatsu
japanese_jlpt_n1,public_discussion_criticism,物議,ぶつぎ,butsugi
japanese_jlpt_n1,restoration_restitution_reh,復旧,ふっきゅう,fukkyuu
japanese_jlpt_n1,revival_renaissance_reconst,復興,ふっこう,fukkou
japanese_jlpt_n1,goods_materials,物資,ぶっし,busshi
japanese_jlpt_n1,buddhist_image_statue,仏像,ぶつぞう,butsuzou
japanese_jlpt_n1,object,物体,ぶったい,buttai
japanese_jlpt_n1,boiling_seething,沸騰,ふっとう,futtou
japanese_jlpt_n1,injustice_impropriety_unfai,不当,ふとう,futou
japanese_jlpt_n1,real_estate,不動産,ふどうさん,fudousan
japanese_jlpt_n1,safety_security,無難,ぶなん,bunan
japanese_jlpt_n1,proceeding_to_new_appointme,赴任,ふにん,funin
japanese_jlpt_n1,decay_depravity,腐敗,ふはい,fuhai
japanese_jlpt_n1,bad_reputation_disgrace_unp,不評,ふひょう,fuhyou
japanese_jlpt_n1,dissatisfaction_discontent_,不服,ふふく,fufuku
japanese_jlpt_n1,universality_ubiquity_omnip,普遍,ふへん,fuhen
japanese_jlpt_n1,to_be_based_on_to_have_orig,踏まえる,ふまえる,fumaeru
japanese_jlpt_n1,to_step_into_someone_else_s,踏み込む,ふみこむ,fumikomu
japanese_jlpt_n1,unknown_ambiguous,不明,ふめい,fumei
japanese_jlpt_n1,class_group_category_depart,部門,ぶもん,bumon
japanese_jlpt_n1,support_maintenance,扶養,ふよう,fuyō
japanese_jlpt_n1,unsteady_on_one_s_feet_tott,ふらふら,ふらふら,furafura
japanese_jlpt_n1,dangle_heavily_sway_to_and_,ぶらぶら,ぶらぶら,burabura
japanese_jlpt_n1,to_turn_head_to_turn_around,振り返る,ふりかえる,furikaeru
japanese_jlpt_n1,outset_starting_point_drawi,振り出し,ふりだし,furidashi
japanese_jlpt_n1,badness_delinquent_failure,不良,ふりょう,furyō
japanese_jlpt_n1,buoyancy,浮力,ふりょく,ryoku
japanese_jlpt_n1,armed_might_military_power_,武力,ぶりょく,buryoku
japanese_jlpt_n1,bull,ブル,ブル,buru
japanese_jlpt_n1,to_be_shaking_to_be_trembli,震わせる,ふるわせる,furuwaseru
japanese_jlpt_n1,impolite_rude,無礼,ぶれい,burei
japanese_jlpt_n1,appendix_supplement,付録,ふろく,furoku
japanese_jlpt_n1,front,フロント,フロント,furonto
japanese_jlpt_n1,indignation_resentment,憤慨,ふんがい,fungai
japanese_jlpt_n1,cultural_assets_cultural_pr,文化財,ぶんかざい,bunkazai
japanese_jlpt_n1,division_of_labor_specializ,分業,ぶんぎょう,bungyou
japanese_jlpt_n1,written_language_literary_l,文語,ぶんご,bungo
japanese_jlpt_n1,dispersion_decentralization,分散,ぶんさん,bunsan
japanese_jlpt_n1,numerator_molecule,分子,ぶんし,bunshi
japanese_jlpt_n1,losing_something,紛失,ふんしつ,funshitsu
japanese_jlpt_n1,spewing_gushing_spouting,噴出,ふんしゅつ,funshutsu
japanese_jlpt_n1,document_writing,文書,ぶんしょ,bunsho
japanese_jlpt_n1,dispute_trouble_strife,紛争,ふんそう,funsō
japanese_jlpt_n1,plentiful_abundant_lavish,ふんだん,ふんだん,fundan
japanese_jlpt_n1,apportionment_sharing,分担,ぶんたん,bantan
japanese_jlpt_n1,hard_struggle_strenuous_eff,奮闘,ふんとう,funtō
japanese_jlpt_n1,division_sharing,分配,ぶんぱい,bunpai
japanese_jlpt_n1,denominator,分母,ぶんぼ,bunbo
japanese_jlpt_n1,fine_powder,粉末,ふんまつ,funmatsu
japanese_jlpt_n1,separation_detachment_segre,分離,ぶんり,bunri
japanese_jlpt_n1,split_division_break_up,分裂,ぶんれつ,bunretsu
japanese_jlpt_n1,pair_pear,ペア,ペア,pea
japanese_jlpt_n1,arms_weapons_ordinance,兵器,へいき,heiki
japanese_jlpt_n1,shut_mouth,閉口,へいこう,heikou
japanese_jlpt_n1,closing_closure_shutdown,閉鎖,へいさ,heisa
japanese_jlpt_n1,soldier,兵士,へいし,heishi
japanese_jlpt_n1,normal_usual,平常,へいじょう,heijou
japanese_jlpt_n1,square_e_g_meter_square,平方,へいほう,heihō
japanese_jlpt_n1,arrangement_parallel_abreas,並列,へいれつ,heiretsu
japanese_jlpt_n1,base_bass,ベース,ベース,bēsu
japanese_jlpt_n1,wince_shrink_back_succumbin,辟易,へきえき,hekieki
japanese_jlpt_n1,fawn_be_very_hungry,ぺこぺこ,ぺこぺこ,peko peko
japanese_jlpt_n1,best_vest,ベスト,ベスト,besuto
japanese_jlpt_n1,best_seller,ベストセラー,ベストセラー,besutoserā
japanese_jlpt_n1,to_be_distant,隔たる,へだたる,hedateru
japanese_jlpt_n1,edge,縁,へり,heri
japanese_jlpt_n1,to_deprecate_oneself_and_pr,へりくだる,へりくだる,herikudaru
japanese_jlpt_n1,explanation_justification_e,弁解,べんかい,benkai
japanese_jlpt_n1,change_reform_the_reformati,変革,へんかく,henkaku
japanese_jlpt_n1,return_restoration,返還,へんかん,henkan
japanese_jlpt_n1,convenience_accommodation,便宜,べんぎ,bengi
japanese_jlpt_n1,prejudice_narrow_view,偏見,へんけん,henken
japanese_jlpt_n1,defense_pleading_advocacy,弁護,べんご,bengo
japanese_jlpt_n1,repayment,返済,へんさい,hensai
japanese_jlpt_n1,compensation_reparation_rei,弁償,べんしょう,benshō
japanese_jlpt_n1,change_transition_vicissitu,変遷,へんせん,hensen
japanese_jlpt_n1,reply,返答,へんとう,hentō
japanese_jlpt_n1,change_fluctuation,変動,へんどう,hendō
japanese_jlpt_n1,discussion_debate_argument,弁論,べんろん,benron
japanese_jlpt_n1,ear_of_plant_head_of_plant,穂,ほ,ho
japanese_jlpt_n1,nursing_nurturing_rearing,保育,ほいく,hoiku
japanese_jlpt_n1,boycott,ボイコット,ボイコット,boikotto
japanese_jlpt_n1,point,ポイント,ポイント,pointo
japanese_jlpt_n1,bill_law,法案,ほうあん,hōan
japanese_jlpt_n1,defense_protection_self_def,防衛,ぼうえい,bōei
japanese_jlpt_n1,fire_prevention_fire_fighti,防火,ぼうか,bōka
japanese_jlpt_n1,collapse_decay_physics_crum,崩壊,ほうかい,hōkai
japanese_jlpt_n1,disturbance_obstruction_int,妨害,ぼうがい,bōgai
japanese_jlpt_n1,law_jurisprudence,法学,ほうがく,hōgaku
japanese_jlpt_n1,feudalistic,封建,ほうけん,hōken
japanese_jlpt_n1,abundant_harvest_bumper_cro,豊作,ほうさく,hōsaku
japanese_jlpt_n1,plan_policy,方策,ほうさく,hōsaku
japanese_jlpt_n1,attendance_service,奉仕,ほうし,hōshi
japanese_jlpt_n1,form_method_system,方式,ほうしき,hōshiki
japanese_jlpt_n1,radiation_emission,放射,ほうしゃ,hōsha
japanese_jlpt_n1,radioactivity,放射能,ほうしゃのう,hōshanō
japanese_jlpt_n1,remuneration_recompense_rew,報酬,ほうしゅう,hōshū
japanese_jlpt_n1,release_emit,放出,ほうしゅつ,hōshutsu
japanese_jlpt_n1,to_inform_to_report,報じる,ほうじる,hōjiru
japanese_jlpt_n1,to_inform_to_report_2,報ずる,ほうずる,hōzuru
japanese_jlpt_n1,spinning,紡績,ぼうせき,bōseki
japanese_jlpt_n1,dumbfounded_overcome_with_s,呆然,ぼうぜん,bōzen
japanese_jlpt_n1,leave_as_is_leave_alone_neg,放置,ほうち,hōchi
japanese_jlpt_n1,expansion_swelling_increase,膨張,ぼうちょう,bōchō
japanese_jlpt_n1,courtroom,法廷,ほうてい,hōtei
japanese_jlpt_n1,coverage_report,報道,ほうどう,hōdō
japanese_jlpt_n1,beginning_start_outset,冒頭,ぼうとう,bōtō
japanese_jlpt_n1,insurrection_riot_uprising,暴動,ぼうどう,bōdō
japanese_jlpt_n1,reward_prize,褒美,ほうび,hōbi
japanese_jlpt_n1,storm_windstorm_gale,暴風,ぼうふう,bōfū
japanese_jlpt_n1,to_bury_to_entomb,葬る,ほうむる,hōmuru
japanese_jlpt_n1,to_throw_into,放り込む,ほうりこむ,hōrikomu
japanese_jlpt_n1,to_throw_out_to_give_up_to_,放り出す,ほうりだす,hōridasu
japanese_jlpt_n1,violence,暴力,ぼうりょく,bōryoku
japanese_jlpt_n1,saturation,飽和,ほうわ,hōwa
japanese_jlpt_n1,hose,ホース,ホース,hōsu
japanese_jlpt_n1,pause,ポーズ,ポーズ,pōzu
japanese_jlpt_n1,hall_hole,ホール,ホール,hōru
japanese_jlpt_n1,retaining_warmth_keeping_he,保温,ほおん,hōon
japanese_jlpt_n1,capture_seizure,捕獲,ほかく,hokaku
japanese_jlpt_n1,custody_safekeeping_storage,保管,ほかん,hokan
japanese_jlpt_n1,supply_supplying_replenishm,補給,ほきゅう,hōkyū
japanese_jlpt_n1,reinforcement,補強,ほきょう,hōkyō
japanese_jlpt_n1,fund_raising_collection_of_,募金,ぼきん,bokin
japanese_jlpt_n1,pastor_minister_clergyman,牧師,ぼくし,bokushi
japanese_jlpt_n1,whaling,捕鯨,ほげい,hogei
japanese_jlpt_n1,to_grow_senile_to_fade,惚ける,ぼける,bokkeru
japanese_jlpt_n1,insurance_guarantee,保険,ほけん,hoken
japanese_jlpt_n1,alma_mater,母校,ぼこう,bokou
japanese_jlpt_n1,one_s_home_country_same_as,母国,ぼこく,bokoku
japanese_jlpt_n1,to_boast_of_to_be_proud_of,誇る,ほこる,hokoru
japanese_jlpt_n1,to_come_apart_at_the_seams_,綻びる,ほころびる,hokorobiru
japanese_jlpt_n1,dried,干し～,ほし～,hoshi-
japanese_jlpt_n1,position,ポジション,ポジション,pojishon
japanese_jlpt_n1,dried_washing_clothes,干し物,ほしもの,hoshimono
japanese_jlpt_n1,conservative_maintaining,保守,ほしゅ,hoshu
japanese_jlpt_n1,supplementation_replenishme,補充,ほじゅう,hojū
japanese_jlpt_n1,assistance_support_auxiliar,補助,ほじょ,hojo
japanese_jlpt_n1,pavement_road_surface,舗装,ほそう,hosō
japanese_jlpt_n1,supplement_complement,補足,ほそく,hosoku
japanese_jlpt_n1,cemetery_graveyard,墓地,ぼち,bochi
japanese_jlpt_n1,fit_attack,発作,ほっさ,hossa
japanese_jlpt_n1,forfeited,没収,ぼっしゅう,bosshū
japanese_jlpt_n1,starting_inauguration,発足,ほっそく,hossoku
japanese_jlpt_n1,pot,ポット,ポット,potto
japanese_jlpt_n1,cheek,ほっぺた,ほっぺた,hoppeta
japanese_jlpt_n1,gradually_here_and_there_sp,ぼつぼつ,ぼつぼつ,botsubotsu
japanese_jlpt_n1,ruin_fall_collapse,没落,ぼつらく,botsuraku
japanese_jlpt_n1,to_come_untied_to_come_apar,解ける,ほどける,hodokeru
japanese_jlpt_n1,to_give_to_conduct_to_perfo,施す,ほどこす,hodokosu
japanese_jlpt_n1,vicinity_of_lake_river,ほとり,ほとり,hotori
japanese_jlpt_n1,to_grumble_to_complain,ぼやく,ぼやく,boyaku
japanese_jlpt_n1,to_become_dim_to_become_blu,ぼやける,ぼやける,boyakeru
japanese_jlpt_n1,health_preservation_recuper,保養,ほよう,hoyō
japanese_jlpt_n1,prisoner_of_war,捕虜,ほりょ,horyo
japanese_jlpt_n1,volt_bolt,ボルト,ボルト,boruto
japanese_jlpt_n1,to_be_ruined_to_perish_to_b,滅びる,ほろびる,horobiru
japanese_jlpt_n1,to_destroy_to_overthrow_to_,滅ぼす,ほろぼす,horobosu
japanese_jlpt_n1,propriety_full_scale,本格,ほんかく,honkaku
japanese_jlpt_n1,main_building,本館,ほんかん,honkan
japanese_jlpt_n1,seriousness_truth_sanctity,本気,ほんき,honki
japanese_jlpt_n1,one_s_own_country,本国,ほんごく,hongoku
japanese_jlpt_n1,essence_true_nature_reality,本質,ほんしつ,honshitsu
japanese_jlpt_n1,substance_body_trunk,本体,ほんたい,hontai
japanese_jlpt_n1,one_s_real_intention_motive,本音,ほんね,honne
japanese_jlpt_n1,instinct,本能,ほんのう,honnou
japanese_jlpt_n1,home_best_place_genuine,本場,ほんば,honba
japanese_jlpt_n1,pump,ポンプ,ポンプ,ponpu
japanese_jlpt_n1,text_of_document_body_of_le,本文,ほんぶん,honbun
japanese_jlpt_n1,real_name,本名,ほんみょう,honmyō
japanese_jlpt_n1,mark,マーク,マーク,māku
japanese_jlpt_n1,my_one_s_own,マイ～,マイ～,mai
japanese_jlpt_n1,microphone,マイクロフォン,マイクロフォン,maikurofon
japanese_jlpt_n1,buried_property_treasure_tr,埋蔵,まいぞう,maizō
japanese_jlpt_n1,to_dance_to_flutter_about_t,舞う,まう,mau
japanese_jlpt_n1,just_above_right_overhead,真上,まうえ,maue
japanese_jlpt_n1,advance_sale_booking,前売,まえうり,maeuri
japanese_jlpt_n1,preface_introduction,前置き,まえおき,maeoki
japanese_jlpt_n1,to_entrust_to_leave_to_a_pe,任す,まかす,makasu
japanese_jlpt_n1,to_defeat,負かす,まかす,makasu
japanese_jlpt_n1,to_give_board_to_to_provide,賄う,まかなう,makanau
japanese_jlpt_n1,confusing_misleading_ambigu,紛らわしい,まぎらわしい,magirawashii
japanese_jlpt_n1,to_be_diverted_to_slip_into,紛れる,まぎれる,magireru
japanese_jlpt_n1,sincerity_devotion,真心,まごころ,magokoro
japanese_jlpt_n1,to_be_confused_to_be_fluste,まごつく,まごつく,magotsuku
japanese_jlpt_n1,truth_faith_fidelity,誠,まこと,makoto
japanese_jlpt_n1,indeed_really_very_polite_a,誠に,まことに,makoto ni
japanese_jlpt_n1,surely_no_doubt_evidently,まさしく,まさしく,masashiku
japanese_jlpt_n1,to_excel_to_surpass_to_out_,勝る,まさる,masaru
japanese_jlpt_n1,increase,～増し,～まし,mashi
japanese_jlpt_n1,to_mix_to_converse_with_to_,交える,まじえる,majieru
japanese_jlpt_n1,right_under_directly_below,真下,ました,mashita
japanese_jlpt_n1,still_more_still_less_with_,まして,まして,mashite
japanese_jlpt_n1,to_cross_to_intersect_to_mi,交わる,まじわる,majiwaru
japanese_jlpt_n1,anesthesia,麻酔,ますい,masui
japanese_jlpt_n1,to_straddle,またがる (うまを～),またがる (うまを～),matagaru (uma o~)
japanese_jlpt_n1,appointment,待ち合わせ,まちあわせ,machiawase
japanese_jlpt_n1,looking_forward_to,待ち遠しい,まちどおしい,machidooshii
japanese_jlpt_n1,to_look_anxiously_for_to_wa,待ち望む,まちのぞむ,machinuzomu
japanese_jlpt_n1,various_different,まちまち,まちまち,machimachi
japanese_jlpt_n1,deathbed_hour_of_death,末期,まっき,makki
japanese_jlpt_n1,in_two_equal_parts,真っ二つ,まっぷたつ,mapputatsu
japanese_jlpt_n1,mark_target,まと,まと,mato
japanese_jlpt_n1,conclusion_settlement_consi,纏まり,まとまり,matomari
japanese_jlpt_n1,settlement_conclusion,纏め,まとめ,matome
japanese_jlpt_n1,to_escape_from_to_be_exempt,免れる,まぬがれる,manugareru
japanese_jlpt_n1,invitation,招き,まねき,maneki
japanese_jlpt_n1,wink_twinkling_of_stars_fli,瞬き,まばたき,mabataki
japanese_jlpt_n1,paralysis_palsy_numbness,麻痺,まひ,mahi
japanese_jlpt_n1,covered_with_by_in,～まみれ,～まみれ,-mamire
japanese_jlpt_n1,eyebrow,眉,まゆ,mayu
japanese_jlpt_n1,ball,鞠,まり,mari
japanese_jlpt_n1,in_its_entirety_whole_wholl,丸ごと,まるごと,marugoto
japanese_jlpt_n1,completely_perfectly_just_a,まるっきり,まるっきり,marukkiri
japanese_jlpt_n1,completely,丸々,まるまる,marumaru
japanese_jlpt_n1,to_make_round_to_round_off_,丸める,まるめる,marumeru
japanese_jlpt_n1,full_moon,満月,まんげつ,mangetsu
japanese_jlpt_n1,unanimous_whole_audience,満場,まんじょう,manjō
japanese_jlpt_n1,right_in_front_under_the_no,真ん前,まんまえ,manmae
japanese_jlpt_n1,perfectly_circular,真ん丸い,まんまるい,manmarui
japanese_jlpt_n1,perfectly_round,真ん円い,まんまるい,manmarui
japanese_jlpt_n1,cast_sense_of_taste,～味,～み,-mi
japanese_jlpt_n1,formal_marriage_interview,見合い,みあい,mia'i
japanese_jlpt_n1,to_exchange_glances_to_post,見合わせる,みあわせる,miawaseru
japanese_jlpt_n1,to_overlook_to_fail_to_noti,見落とす,みおとす,miotosu
japanese_jlpt_n1,savage_land_backward_region,未開,みかい,mikai
japanese_jlpt_n1,taste_palate_sense_of_taste,味覚,みかく,mikaku
japanese_jlpt_n1,tree_trunk,幹,みき,miki
japanese_jlpt_n1,unsightly_ugly,見苦しい,みぐるしい,migurusii
japanese_jlpt_n1,prospects_expectation_hope,見込み,みこみ,mikomi
japanese_jlpt_n1,unmarried,未婚,みこん,mikon
japanese_jlpt_n1,inexperience_unskilled_imma,未熟,みじゅく,mijuku
japanese_jlpt_n1,particle_atom,微塵,みじん,mijin
japanese_jlpt_n1,moisture_dampness,水気,みずけ,mizuke
japanese_jlpt_n1,misprint,ミスプリント,ミスプリント,misupurinto
japanese_jlpt_n1,shabby_seedy,みすぼらしい,みすぼらしい,misuborasii
japanese_jlpt_n1,mrs,ミセス,ミセス,misesu
japanese_jlpt_n1,to_show_off_to_flaunt,見せびらかす,みせびらかす,misebirakasu
japanese_jlpt_n1,show_exhibition,見せ物,みせもの,misemono
japanese_jlpt_n1,ditch_drain_gutter_gap,溝,みぞ,mizo
japanese_jlpt_n1,to_satisfy_to_ingratiate_to,満たす,みたす,mitasu
japanese_jlpt_n1,to_throw_out_of_order_to_di,乱す,みだす,midasu
japanese_jlpt_n1,to_get_confused_to_be_disor,乱れる,みだれる,midareru
japanese_jlpt_n1,not_yet_known,未知,みち,michi
japanese_jlpt_n1,near_oneself_close_to_one_f,身近,みぢか,mijika
japanese_jlpt_n1,to_be_guided_to_be_shown,導く,みちびく,michibiku
japanese_jlpt_n1,crowd_close_formation_dense,密集,みっしゅう,misshū
japanese_jlpt_n1,connected_close_intimate,密接,みっせつ,missetsu
japanese_jlpt_n1,density,密度,みつど,mitsudo
japanese_jlpt_n1,estimation_quotation,見積もり,みつもり,mitsumori
japanese_jlpt_n1,not_yet_fixed_undecided_pen,未定,みてい,mitei
japanese_jlpt_n1,perspective_unobstructed_vi,見通し,みとおし,mitooshi
japanese_jlpt_n1,to_consider_as_to_regard,見なす,みなす,minasu
japanese_jlpt_n1,source_origin,源,みなもと,minamoto
japanese_jlpt_n1,to_follow_another_s_example,見習う,みならう,minarau
japanese_jlpt_n1,personal_appearance,身なり,みなり,minari
japanese_jlpt_n1,peak_ridge,峰,みね,mine
japanese_jlpt_n1,one_s_future_one_s_welfare_,身の上,みのうえ,minoue
japanese_jlpt_n1,to_miss_to_overlook_to_leav,見逃す,みのがす,minogasu
japanese_jlpt_n1,one_s_personal_appearance_p,身の回り,みのまわり,mimawari
japanese_jlpt_n1,to_choose_at_one_s_own_disc,見計らう,みはからう,mihakarau
japanese_jlpt_n1,view,見晴らし,みはらし,miharashi
japanese_jlpt_n1,gesture,身振り,みぶり,miburi
japanese_jlpt_n1,pulse,脈,みゃく,myaku
japanese_jlpt_n1,music,ミュージック,ミュージック,myūjikku
japanese_jlpt_n1,lingering_affection_attachm,未練,みれん,miren
japanese_jlpt_n1,to_look_out_over_to_survey_,見渡す,みわたす,miwatasu
japanese_jlpt_n1,private_house_providing_lod,民宿,みんしゅく,minshuku
japanese_jlpt_n1,people_race,民族,みんぞく,minzoku
japanese_jlpt_n1,folk_customs,民俗,みんぞく,minzoku
japanese_jlpt_n1,nonsense_no_meaning,無意味,むいみ,muimi
japanese_jlpt_n1,mood,ムード,ムード,mūdo
japanese_jlpt_n1,reticence,無口,むくち,mukuchi
japanese_jlpt_n1,son_in_law,婿,むこ,muko
japanese_jlpt_n1,invalid_no_effect_unavailab,無効,むこう,mukō
japanese_jlpt_n1,silence,無言,むごん,mugon
japanese_jlpt_n1,innocence_simple_mindedness,無邪気,むじゃき,mujaki
japanese_jlpt_n1,to_pluck_to_pick_to_tear,むしる,むしる,mushiru
japanese_jlpt_n1,ending_conclusion_union,結び,むすび,musubi
japanese_jlpt_n1,connection_relation,結び付き,むすびつき,musubitsuki
japanese_jlpt_n1,to_be_connected_or_related_,結び付く,むすびつく,musubitsuku
japanese_jlpt_n1,to_combine_to_join_to_tie_o,結び付ける,むすびつける,musubitsukeru
japanese_jlpt_n1,wireless_radio,無線,むせん,musen
japanese_jlpt_n1,waste_money_on_squander_mon,無駄遣い,むだづかい,mudazukai
japanese_jlpt_n1,without_permission_without_,無断,むだん,mudan
japanese_jlpt_n1,ignorance,無知,むち,muchi
japanese_jlpt_n1,absurd_unreasonable,無茶,むちゃ,mucha
japanese_jlpt_n1,confused_jumbled_mixed_up_u,無茶苦茶,むちゃくちゃ,Muchakucha
japanese_jlpt_n1,vacant_futile_vain,空しい,むなしい,Munashii
japanese_jlpt_n1,chagrin_regret,無念,むねん,Munen
japanese_jlpt_n1,inefficiency_incompetence,無能,むのう,Munou
japanese_jlpt_n1,unreasonably_absurdly_at_ra,無闇に,むやみに,Muyami ni
japanese_jlpt_n1,useless_needlessness_unnece,無用,むよう,Muyou
japanese_jlpt_n1,unevenness_inconsistency_ir,斑,むら,Mura
japanese_jlpt_n1,to_swarm_to_gather,群がる,むらがる,Muragaru
japanese_jlpt_n1,of_course_naturally,無論,むろん,Muron
japanese_jlpt_n1,noted_product,名産,めいさん,Meisan
japanese_jlpt_n1,name,名称,めいしょう,meishō
japanese_jlpt_n1,a_hit,命中,めいちゅう,meichū
japanese_jlpt_n1,obvious_clear,明白,めいはく,meihaku
japanese_jlpt_n1,register_of_names,名簿,めいぼ,meibo
japanese_jlpt_n1,honor_credit_prestige,名誉,めいよ,meiyo
japanese_jlpt_n1,clarity,明瞭,めいりょう,meiryō
japanese_jlpt_n1,bright_clear_cheerful,明朗,めいろう,meirō
japanese_jlpt_n1,manufacturer,メーカー,メーカー,mēkā
japanese_jlpt_n1,weight,目方,めかた,mekaza
japanese_jlpt_n1,blessing,恵み,めぐみ,megumi
japanese_jlpt_n1,to_bless_to_show_mercy_to,恵む,めぐむ,megumu
japanese_jlpt_n1,brilliant_remarkable,目覚しい,めざましい,mezamashii
japanese_jlpt_n1,to_wake_up,目覚める,めざめる,mezameru
japanese_jlpt_n1,to_call_to_send_for_to_put_,召す,めす,mesu
japanese_jlpt_n1,female_animal,雌,めす,mesu
japanese_jlpt_n1,look_expression_of_the_eyes,目付き,めつき,metsuki
japanese_jlpt_n1,downfall_collapse_destructi,滅亡,めつぼう,metsubou
japanese_jlpt_n1,media,メディア,メディア,media
japanese_jlpt_n1,goal_outlook,目途,めど,medo
japanese_jlpt_n1,scale_gradations,目盛,めもり,memori
japanese_jlpt_n1,melody,メロディー,メロディー,merodī
japanese_jlpt_n1,interview,面会,めんかい,menkai
japanese_jlpt_n1,exemption_exoneration_disch,免除,めんじょ,menjo
japanese_jlpt_n1,to_face_on_to_look_out_on_t,面する,めんする,mensuru
japanese_jlpt_n1,face_honor_reputation,面目,めんぼく,menboku
japanese_jlpt_n1,face_honor_reputation_2,面目,めんもく,menmoku
japanese_jlpt_n1,network,～網,～もう,mō
japanese_jlpt_n1,to_create_to_establish,設ける,もうける,mōkeru
japanese_jlpt_n1,to_propose_to_suggest,申し入れる,もうしいれる,mōshiireru
japanese_jlpt_n1,application_request_proposa,申込,もうしこみ,mōshikomi
japanese_jlpt_n1,request_claim_report,申出,もうしで,mōshide
japanese_jlpt_n1,to_report_to_to_tell_to_sug,申し出る,もうしでる,mōshideru
japanese_jlpt_n1,objection_shortcomings,申し分,もうしぶん,mōshibun
japanese_jlpt_n1,blind_spot,盲点,もうてん,mōten
japanese_jlpt_n1,violent_vehement_rage,猛烈,もうれつ,mōretsu
japanese_jlpt_n1,motel,モーテル,モーテル,mōteru
japanese_jlpt_n1,to_struggle_to_wriggle_to_b,もがく,もがく,mogaku
japanese_jlpt_n1,catalogue_catalog_list,目録,もくろく,mokuroku
japanese_jlpt_n1,a_plan_a_scheme_intention,目論見,もくろみ,mokuroku
japanese_jlpt_n1,model_dummy_marquette,模型,もけい,mokei
japanese_jlpt_n1,groping_for,模索,もさく,mosaku
japanese_jlpt_n1,perhaps_possibly,もしかして,もしかして,moshikashite
japanese_jlpt_n1,or_otherwise,もしくは,もしくは,moshikuha
japanese_jlpt_n1,to_bring_to_take_to_bring_a,もたらす,もたらす,motarasu
japanese_jlpt_n1,hot_topic_talk_of_the_town,持ち切り,もちきり,mochigiri
japanese_jlpt_n1,at_present_now,目下,もっか,mokka
japanese_jlpt_n1,wholly_solely_entirely,専ら,もっぱら,moppara
japanese_jlpt_n1,to_entertain_to_make_welcom,もてなす,もてなす,motenasu
japanese_jlpt_n1,to_be_well_liked_to_be_popu,もてる,もてる,moteru
japanese_jlpt_n1,computer_monitor,モニター,モニター,monitā
japanese_jlpt_n1,idle_curiosity,物好き,ものずき,monoguki
japanese_jlpt_n1,unsatisfied_unsatisfactory,物足りない,ものたりない,monotarinai
japanese_jlpt_n1,already_now,もはや,もはや,mohaya
japanese_jlpt_n1,model_example,模範,もはん,mohan
japanese_jlpt_n1,imitation_copying,模倣,もほう,mohou
japanese_jlpt_n1,to_disagree_to_dispute,もめる,もめる,momeru
japanese_jlpt_n1,thigh_femur,股,もも,momo
japanese_jlpt_n1,thigh_femur_2,腿,もも,momo
japanese_jlpt_n1,to_hold_a_meeting_to_give_a,催す,もよおす,moyoosu
japanese_jlpt_n1,to_let_leak_to_reveal,漏らす,もらす,morasu
japanese_jlpt_n1,to_rouse_to_swell_to_rise,盛り上がる,もりあがる,moriagaru
japanese_jlpt_n1,to_leak_to_run_out,漏る,もる,moru
japanese_jlpt_n1,to_leak_out_to_escape_to_fi,漏れる,もれる,moreru
japanese_jlpt_n1,brittle_fragile_tender_hear,脆い,もろい,moroi
japanese_jlpt_n1,completely_altogether_bodil,もろに,もろに,moroni
japanese_jlpt_n1,arrow,矢,や,ya
japanese_jlpt_n1,fields_outskirts_open_air_s,野外,やがい,yagai
japanese_jlpt_n1,medicine,～薬,～やく,~yaku
japanese_jlpt_n1,bedding,夜具,やぐ,yagu
japanese_jlpt_n1,post_managerial_position_of,役職,やくしょく,yakushoku
japanese_jlpt_n1,town_hall,役場,やくば,yakuba
japanese_jlpt_n1,sure_very,やけに,やけに,yakeni
japanese_jlpt_n1,mansion,屋敷,やしき,yashiki
japanese_jlpt_n1,to_rear_to_maintain_to_cult,養う,やしなう,yashinau
japanese_jlpt_n1,ambition_aspiration,野心,やしん,yashin
japanese_jlpt_n1,cheap_looking_tawdry,安っぽい,やすっぽい,yasuppoi
japanese_jlpt_n1,to_rest_to_suspend_to_give_,休める,やすめる,yasumeru
japanese_jlpt_n1,wild,野生,やせい,yasei
japanese_jlpt_n1,vulg_fellow_guy_chap,奴,やつ,yatsu
japanese_jlpt_n1,darkness_shady_illegal,闇,やみ,yami
japanese_jlpt_n1,to_fall_ill_to_be_ill,病む,やむ,yamu
japanese_jlpt_n1,puzzling_tangled_complicate,ややこしい,ややこしい,yayakoshii
japanese_jlpt_n1,to_carry_through_to_achieve,やりとおす,やりとおす,yaritoosu
japanese_jlpt_n1,to_accomplish,やりとげる,やりとげる,yaritogeru
japanese_jlpt_n1,to_soften_to_moderate_to_re,和らげる,やわらげる,yawarageru
japanese_jlpt_n1,young,ヤング,ヤング,yangu
japanese_jlpt_n1,oil,～油,～ゆ,yu
japanese_jlpt_n1,predominance_ascendancy_sup,優位,ゆうい,yuui
japanese_jlpt_n1,depression_melancholy,憂鬱,ゆううつ,yuuutsu
japanese_jlpt_n1,beneficial_profitable,有益,ゆうえき,yuueki
japanese_jlpt_n1,supremacy_predominance_bein,優越,ゆうえつ,yūetsu
japanese_jlpt_n1,bravery_heroism_gallantry,勇敢,ゆうかん,yūkan
japanese_jlpt_n1,evening_evening_twilight,夕暮れ,ゆうぐれ,yūgure
japanese_jlpt_n1,financing_loan,融資,ゆうし,yūshi
japanese_jlpt_n1,to_own_to_be_endowed_with,有する,ゆうする,yūsuru
japanese_jlpt_n1,superiority_superior_power_,優勢,ゆうせい,yūsei
japanese_jlpt_n1,preference_priority,優先,ゆうせん,yūsen
japanese_jlpt_n1,guidance_leading_inducement,誘導,ゆうどう,yūdō
japanese_jlpt_n1,adaptability_versatility_fi,融通,ゆうずう,yūzū
japanese_jlpt_n1,grace_refinement_elegance,優美,ゆうび,yūbi
japanese_jlpt_n1,good_prospects_full_of_hope,有望,ゆうぼう,yūbō
japanese_jlpt_n1,nomadism,遊牧,ゆうぼく,yūboku
japanese_jlpt_n1,sunset,夕焼け,ゆうやけ,yūyake
japanese_jlpt_n1,influence_prominence_potent,有力,ゆうりょく,yūryoku
japanese_jlpt_n1,ghost_specter_phantom,幽霊,ゆうれい,yūrei
japanese_jlpt_n1,temptation_allurement_lure,誘惑,ゆうわく,yūwaku
japanese_jlpt_n1,reason_cause_circumstances,故,ゆえ,yue
japanese_jlpt_n1,to_warp_to_be_crooked_to_be,歪む,ゆがむ,yugamu
japanese_jlpt_n1,to_shake_to_jolt_to_rock_to,揺さぶる,ゆさぶる,yusaburu
japanese_jlpt_n1,to_rinse_to_wash_out_2,濯ぐ,ゆすぐ,yusugu
japanese_jlpt_n1,reserve_affluence_time_to_s,ゆとり,ゆとり,yutori
japanese_jlpt_n1,unique,ユニーク,ユニーク,yuniiku
japanese_jlpt_n1,uniform_2,ユニフォーム,ユニフォーム,yuniformu
japanese_jlpt_n1,to_point_at,指差す,ゆびさす,yubisassu
japanese_jlpt_n1,bow,弓,ゆみ,yumi
japanese_jlpt_n1,to_swing_to_sway_to_shake,揺らぐ,ゆらぐ,yuragu
japanese_jlpt_n1,to_become_loose_to_slacken,緩む,ゆるむ,yurumu
japanese_jlpt_n1,to_loosen_to_slow_down,緩める,ゆるめる,yurumeru
japanese_jlpt_n1,lenient,緩やか,ゆるやか,yuruyaka
japanese_jlpt_n1,primary_factor_main_cause,要因,よういん,yōin
japanese_jlpt_n1,solution,溶液,ようえき,yōeki
japanese_jlpt_n1,business,用件,ようけん,yōken
japanese_jlpt_n1,protection_nursing_protecti,養護,ようご,yōgo
japanese_jlpt_n1,a_form,用紙,ようし,yōshi
japanese_jlpt_n1,style_form_pattern,様式,ようしき,yōshiki
japanese_jlpt_n1,to_demand_to_require_to_tak,要する,ようする,yōsuru
japanese_jlpt_n1,claim_demand_request_applic,要請,ようせい,yōsei
japanese_jlpt_n1,aspect,様相,ようそう,yōsō
japanese_jlpt_n1,articles_supplies_parts,用品,ようひん,yōhin
japanese_jlpt_n1,western_style,洋風,ようふう,yōfū
japanese_jlpt_n1,directions_rules_of_use,用法,ようほう,yōhō
japanese_jlpt_n1,demand_for_request,要望,ようぼう,yōbō
japanese_jlpt_n1,leisure_leisure_time_spare_,余暇,よか,yoka
japanese_jlpt_n1,presentiment_premonition,予感,よかん,yokan
japanese_jlpt_n1,side_show_entertainment,余興,よきょう,yokyō
japanese_jlpt_n1,deposit_bank_account,預金,よきん,yokin
japanese_jlpt_n1,greed_wants,欲,よく,yoku
japanese_jlpt_n1,restraint_oppression_suppre,抑圧,よくあつ,yokuatsu
japanese_jlpt_n1,bathroom_bath,浴室,よくしつ,yokushitsu
japanese_jlpt_n1,control_restraint_suppressi,抑制,よくせい,yokusei
japanese_jlpt_n1,greedy,欲深い,よくふかい,yokubukai
japanese_jlpt_n1,desire_appetite,欲望,よくぼう,yokubou
japanese_jlpt_n1,to_avoid_physical_contact_w,避ける,よける,yokeru
japanese_jlpt_n1,prediction_promise_prognost,予言,よげん,yogen
japanese_jlpt_n1,sumo_grand_champion,横綱,よこづな,yokozuna
japanese_jlpt_n1,dirt_filth_2,汚れ,よごれ,yogore
japanese_jlpt_n1,all_right,よし (かん),よし (かん),yoshikan
japanese_jlpt_n1,all_right_2,良し,よし,yoshi
japanese_jlpt_n1,good_or_bad_merits_or_demer,善し悪し,よしあし,yoshiashi
japanese_jlpt_n1,looking_away_looking_aside,余所見,よそみ,yosomi
japanese_jlpt_n1,place_room_margin,余地,よち,yochi
japanese_jlpt_n1,therefore_consequently,よって (よりどころ),よって (よりどころ),yotte (yoridokoro)
japanese_jlpt_n1,government_party_ruling_par,与党,よとう,yotō
japanese_jlpt_n1,to_flag_down,呼び止める,よびとめる,yobitomeru
japanese_jlpt_n1,staying_up_late_keeping_lat,夜更し,よふかし,yofukashi
japanese_jlpt_n1,late_at_night,夜更け,よふけ,yofuke
japanese_jlpt_n1,very_much_to_a_large_extent,余程,よほど,yohodo
japanese_jlpt_n1,to_read_out_loud_and_clearl,読み上げる,よみあげる,yomiageru
japanese_jlpt_n1,near_to_e_g_north_by_east,～寄り,～より,~yori
japanese_jlpt_n1,to_lean_against_to_recline_,寄り掛かる,よりかかる,yorikakaru
japanese_jlpt_n1,public_opinion_2,世論,よろん,yoron
japanese_jlpt_n1,to_weaken_to_be_troubled_to,弱る,よわる,yoru
japanese_jlpt_n1,attendance,来場,らいじょう,raijō
japanese_jlpt_n1,rice,ライス,ライス,raisu
japanese_jlpt_n1,dairy_farming,酪農,らくのう,rakunō
japanese_jlpt_n1,fall_drop_come_down,落下,らっか,rakka
japanese_jlpt_n1,optimism,楽観,らっかん,rakkan
japanese_jlpt_n1,lamp_ramp,ランプ,ランプ,rampu
japanese_jlpt_n1,abuse_misuse_using_to_exces,濫用,らんよう,ranyō
japanese_jlpt_n1,lead_reed,リード,リード,rīdo
japanese_jlpt_n1,theory_reason,理屈,りくつ,rikutsu
japanese_jlpt_n1,interest_bank,利子,りし,rishi
japanese_jlpt_n1,profit_returns,利潤,りじゅん,rijun
japanese_jlpt_n1,reason_sense,理性,りせい,risei
japanese_jlpt_n1,interest_bank_2,利息,りそく,risoku
japanese_jlpt_n1,solid_body,立体,りったい,rittai
japanese_jlpt_n1,cube,立方,りっぽう,rippō
japanese_jlpt_n1,legislation_lawmaking,立法,りっぽう,rippō
japanese_jlpt_n1,advantage_point_in_favor,利点,りてん,riten
japanese_jlpt_n1,pillage_looting_robbery,略奪,りゃくだつ,ryakudatsu
japanese_jlpt_n1,abbreviation_acronym,略語,りゃくご,ryakugo
japanese_jlpt_n1,circulation_of_money_or_goo,流通,りゅうつう,ryūtsū
japanese_jlpt_n1,area_territory_region,領域,りょういき,ryōiki
japanese_jlpt_n1,comprehension_consent_under,了解,りょうかい,ryōkai
japanese_jlpt_n1,territorial_waters,領海,りょうかい,ryōkai
japanese_jlpt_n1,both_extremities_north_and_,両極,りょうきょく,ryōkyoku
japanese_jlpt_n1,favorable_satisfactory,良好,りょうこう,ryōkō
japanese_jlpt_n1,good_sense,良識,りょうしき,ryōshiki
japanese_jlpt_n1,good_quality_superior_quali,良質,りょうしつ,ryōshitsu
japanese_jlpt_n1,acknowledgment_understandin,了承,りょうしょう,ryōshō
japanese_jlpt_n1,conscience,良心,りょうしん,ryōshin
japanese_jlpt_n1,territory,領地,りょうち,ryōchi
japanese_jlpt_n1,territory_possession,領土,りょうど,ryōdo
japanese_jlpt_n1,compatibility_coexistence_s,両立,りょうりつ,ryōritsu
japanese_jlpt_n1,passenger,旅客,りょかく,ryokaku
japanese_jlpt_n1,passport,旅券,りょけん,ryoken
japanese_jlpt_n1,personal_history_background,履歴,りれき,rireki
japanese_jlpt_n1,theory_2,理論,りろん,riron
japanese_jlpt_n1,forestry,林業,りんぎょう,ringyō
japanese_jlpt_n1,kind_class_family,類,るい,rui
japanese_jlpt_n1,analogy,類推,るいすい,ruisui
japanese_jlpt_n1,analogous,類似,るいじ,ruiji
japanese_jlpt_n1,loose,ルーズ,ルーズ,rūzu
japanese_jlpt_n1,cruelty_coldheartedness_rut,冷酷,れいこく,reikoku
japanese_jlpt_n1,refrigeration,冷蔵,れいぞう,reizō
japanese_jlpt_n1,coolness_indifference,冷淡,れいたん,reitan
japanese_jlpt_n1,race_lace,レース,レース,rēsu
japanese_jlpt_n1,regular,レギュラー,レギュラー,regyurā
japanese_jlpt_n1,lesson,レッスン,レッスン,ressun
japanese_jlpt_n1,lady,レディー,レディー,redī
japanese_jlpt_n1,lever_liver,レバー,レバー,rebā
japanese_jlpt_n1,love_romance,恋愛,れんあい,ren'ai
japanese_jlpt_n1,battery,バッテリー,バッテリー,batterī
japanese_jlpt_n1,bat_vat,バット,バット,batto
japanese_jlpt_n1,attack_to_become_sick,発病,はつびょう,hatsubyō
japanese_jlpt_n1,something_heard_for_the_fir,初耳,はつみみ,hatsumimi
japanese_jlpt_n1,the_end_the_extremity_the_l,果て,はて,hate
japanese_jlpt_n1,to_end_to_be_finished_to_be,果てる,はてる,hateru
japanese_jlpt_n1,to_be_exhausted_to_be_worn_,ばてる,ばてる,bateru
japanese_jlpt_n1,patrol_car,パトカー,パトカー,patokā
japanese_jlpt_n1,very_greatly_exceedingly,甚だ,はなはだ,hanahada
japanese_jlpt_n1,brilliant_magnificent_spect,華々しい,はなばなしい,hanabanashii
japanese_jlpt_n1,flower_petal,花びら,はなびら,hanabira
japanese_jlpt_n1,brilliant_gorgeous_florid,華やか,はなやか,hanayaka
japanese_jlpt_n1,to_keep_someone_from_doing_,阻む,はばむ,habamu
japanese_jlpt_n1,beach_seashore,浜,はま,hama
japanese_jlpt_n1,beach_foreshore,浜辺,はまべ,hamabe
japanese_jlpt_n1,to_get_into_to_go_into_to_f,はまる,はまる,hamaru
japanese_jlpt_n1,to_hasten_to_quicken_to_acc,早める,はやめる,hayameru
japanese_jlpt_n1,anger,腹立ち,はらだち,haradachi
japanese_jlpt_n1,open_field_empty_lot_plain,原っぱ,はらっぱ,harappa
japanese_jlpt_n1,feel_nervous,はらはら,はらはら,harahara
japanese_jlpt_n1,to_disseminate_to_scatter,ばらまく,ばらまく,baramaku
japanese_jlpt_n1,notice_poster,張り紙,はりがみ,harigami
japanese_jlpt_n1,far_far_away_distant,遥か,はるか,haruka
japanese_jlpt_n1,explosion_rupture_break_off,破裂,はれつ,haretsu
japanese_jlpt_n1,to_swell_from_inflammation_,腫れる,はれる,hareru
japanese_jlpt_n1,prospering_prosperity_flour,繁栄,はんえい,han'ei
japanese_jlpt_n1,art_print,版画,はんが,hanga
japanese_jlpt_n1,coat_hanger,ハンガー,ハンガー,hangaa
japanese_jlpt_n1,antipathy_revolt_animosity,反感,はんかん,hankan
japanese_jlpt_n1,echo_reverberation_repercus,反響,はんきょう,hankyō
japanese_jlpt_n1,puncture_bursting_punk,パンク,パンク,panku
japanese_jlpt_n1,counterattack_counteroffens,反撃,はんげき,hangeki
japanese_jlpt_n1,judicial_decision_judgment_,判決,はんけつ,hanketsu
japanese_jlpt_n1,reflection_reverberation,反射,はんしゃ,hansha
japanese_jlpt_n1,prosperity_flourishing_thri,繁盛,はんじょう,hanjō
japanese_jlpt_n1,breed_multiply_propagation,繁殖,はんしょく,hanshoku
japanese_jlpt_n1,to_be_inconsistent_with_to_,反する,はんする,hansuru
japanese_jlpt_n1,judgment_decision_award_ver,判定,はんてい,hantei
japanese_jlpt_n1,all_people_everybody_10000_,万人,ばんにん,bannin
japanese_jlpt_n1,one_s_last_years,晩年,ばんねん,bannnen
japanese_jlpt_n1,reaction_response,反応,はんのう,hannō
japanese_jlpt_n1,all_purpose_almighty_omnipo,万能,ばんのう,bannō
japanese_jlpt_n1,fragment_fraction_incomplet,半端,はんぱ,hanpa
japanese_jlpt_n1,repelling_rebound_oppose,反発,はんぱつ,hanpatsu
japanese_jlpt_n1,rebellion_revolt_uprising,反乱,はんらん,hanran
japanese_jlpt_n1,overflowing_flood,氾濫,はんらん,hanran
japanese_jlpt_n1,beauty,美,び,bi
japanese_jlpt_n1,not_only_but_also_in_additi,ひいては,ひいては,hiite wa
japanese_jlpt_n1,virus,ビールス,ビールス,bīrusu
japanese_jlpt_n1,waiting_room,控室,ひかえしつ,hikaeshitsu
japanese_jlpt_n1,to_hold_back_to_make_notes,控える,ひかえる,hikaeru
japanese_jlpt_n1,pessimism_disappointment,悲観,ひかん,hikan
japanese_jlpt_n1,to_withdraw_to_leave_to_pul,引き上げる,ひきあげる,hikiageru
japanese_jlpt_n1,to_lead_to_spearhead_a_grou,率いる,ひきいる,hikiiru
japanese_jlpt_n1,to_cause,引き起こす,ひきおこす,hikiokosu
japanese_jlpt_n1,to_pull_down_to_lower_to_re,引下げる,ひきさげる,hikisageru
japanese_jlpt_n1,to_drag_along_to_pull_to_pr,引きずる,ひきずる,hikizuru
japanese_jlpt_n1,to_take_back_to_adopt_to_le,引取る,ひきとる,hikitoru
japanese_jlpt_n1,rejection_negation_voting_d,否決,ひけつ,hiketsu
japanese_jlpt_n1,normally_habitually,日頃,ひごろ,higoro
japanese_jlpt_n1,long_long_continued_old_sto,久しい,ひさしい,hisashii
japanese_jlpt_n1,tragedy_disaster_misery_wre,悲惨,ひさん,hisan
japanese_jlpt_n1,business_2,ビジネス,ビジネス,bijinesu
japanese_jlpt_n1,specific_gravity,比重,ひじゅう,hijū
japanese_jlpt_n1,art_fine_arts,美術,びじゅつ,bijutsu
japanese_jlpt_n1,private_secretary,秘書,ひしょ,hisho
japanese_jlpt_n1,smile,微笑,びしょう,bishō
japanese_jlpt_n1,to_warp_to_be_distorted,歪む,ひずむ,hizumu
japanese_jlpt_n1,secret_private_surreptitiou,密か,ひそか,hisoka
japanese_jlpt_n1,to_soak_to_dip_to_drench,浸す,ひたす,hitasu
japanese_jlpt_n1,nothing_but_earnestly_inten,ひたすら,ひたすら,hitasura
japanese_jlpt_n1,left_handedness_sake_drinke,左利き,ひだりきき,hidarikiki
japanese_jlpt_n1,to_scratch,引っ掻く,ひっかく,hikkaku
japanese_jlpt_n1,required_subject,必修,ひっしゅう,hisshuu
japanese_jlpt_n1,wet_through_drenched,びっしょり,びっしょり,bisshori
japanese_jlpt_n1,inevitable_necessary,必然,ひつぜん,hitsuzen
japanese_jlpt_n1,comparing_with_rival_equal,匹敵,ひってき,hitteki
japanese_jlpt_n1,a_breath_a_pause_an_effort,一息,ひといき,hitoiki
japanese_jlpt_n1,man_s_shadow_soul,人影,ひとかげ,hitokage
japanese_jlpt_n1,personality_character_2,人柄,ひとがら,hitogara
japanese_jlpt_n1,sign_of_life,人気,ひとけ,hitoke
japanese_jlpt_n1,once_some_time_ago,一頃,ひところ,hitokoro
japanese_jlpt_n1,hostage,人質,ひとじち,hitojichi
japanese_jlpt_n1,a_line_earnestly_blindly_st,一筋,ひとすじ,hitosuji
japanese_jlpt_n1,glimpse_public_gaze,人目,ひとめ,hitome
japanese_jlpt_n1,fixed_date_appointed_day,日取り,ひどり,h
japanese_jlpt_n1,young_bird_chick_doll,雛,ひな,hina
japanese_jlpt_n1,girls_dolls_festival,雛祭,ひなまつり,hin
japanese_jlpt_n1,sunny_place_in_the_sun,日向,ひなた,hyūga
japanese_jlpt_n1,blame_attack_criticism,非難,ひなん,hinan
japanese_jlpt_n1,taking_refuge_finding_shelt,避難,ひなん,hinan
japanese_jlpt_n1,the_japanese_flag,日の丸,ひのまる,hinomaru
japanese_jlpt_n1,spark,火花,ひばな,hibana
japanese_jlpt_n1,crack_fissure_flaw,ひび (かべの～),ひび (かべの～),hibi (kabe no~)
japanese_jlpt_n1,shriek_scream,悲鳴,ひめい,himei
japanese_jlpt_n1,to_banter_to_make_fun_of_to,冷やかす,ひやかす,hiyakasu
japanese_jlpt_n1,sunburn,日焼け,ひやけ,hiyake
japanese_jlpt_n1,motto_slogan_catchword,標語,ひょうご,hyōgo
japanese_jlpt_n1,depiction_description_portr,描写,びょうしゃ,byōsha
japanese_jlpt_n1,possibly_accidentally,ひょっと,ひょっと,hyotto
japanese_jlpt_n1,handout_leaflet,びら,びら,bira
japanese_jlpt_n1,flat_even_level,平たい,ひらたい,hiratai
japanese_jlpt_n1,last_on_the_list_at_the_bot,びり,びり,biri
japanese_jlpt_n1,ratio_proportion_percentage,比率,ひりつ,hiritu
japanese_jlpt_n2,whole_all_of,〜 (まる) ごと,〜 (まる) ごと,maru goto
japanese_jlpt_n2,to_open_hold_an_umbrella,(かさを～) さす,(かさを～) さす,sasu
japanese_jlpt_n2,custom,〜(日本) 式,～(にほん) しき,shiki
japanese_jlpt_n2,th_place,～位,～い,i
japanese_jlpt_n2,no_1_in,～いち (にほんいち),～いち (にほんいち),ichi (nihon'ichi)
japanese_jlpt_n2,garden_especially_man_made,～園,～えん,en
japanese_jlpt_n2,end_up,～おしまい (おわり),～おしまい (おわり),oshimai (owari)
japanese_jlpt_n2,counter_for_days,～日,～か,ka
japanese_jlpt_n2,under,～下,～か,ka
japanese_jlpt_n2,action_of_making_something,～化,～か,ka
japanese_jlpt_n2,family_group_course,～科,～か,ka
japanese_jlpt_n2,song_of,～歌,～か,ka
japanese_jlpt_n2,picture_painting,～画,～が,ga
japanese_jlpt_n2,out_of,～外,～がい,gai
japanese_jlpt_n2,hard_difficult_to_do,～難い,～がたい,gatai
japanese_jlpt_n2,tend_to_do,～がち,～がち,gachi
japanese_jlpt_n2,issued_magazine_newspaper,～刊,～かん,kan
japanese_jlpt_n2,between_during,～間,～かん,kan
japanese_jlpt_n2,volume,～巻,～かん,kan
japanese_jlpt_n2,hall_building,～館,～かん,kan
japanese_jlpt_n2,feeling_sense_impression,～感,～かん,kan
japanese_jlpt_n2,age_period,～期,～き,ki
japanese_jlpt_n2,device_equipment,～器,～き,ki
japanese_jlpt_n2,machine,～機,～き,ki
japanese_jlpt_n2,slightly,～気味,～ぎみ,gimi
japanese_jlpt_n2,religion,～教,～きょう,kyō
japanese_jlpt_n2,line_row,～行,～ぎょう,gyō
japanese_jlpt_n2,type_of_business,～業,～ぎょう,gyō
japanese_jlpt_n2,nevertheless_to_carry_throu,～きる,～きる,kiru
japanese_jlpt_n2,out_of_2,～切れ,～きれ,kire
japanese_jlpt_n2,opening_entrance_exit,～口,～くち,kuchi
japanese_jlpt_n2,s_family_the_house_of,～家,～け,ke
japanese_jlpt_n2,shape_of,～形,～けい,kei
japanese_jlpt_n2,system_lineage_group,～系,～けい,kei
japanese_jlpt_n2,bloc_sphere_area,～圏,～けん,ken
japanese_jlpt_n2,counter_for_school,～校,～こう,kou
japanese_jlpt_n2,port,～港,～こう,kou
japanese_jlpt_n2,counter_for_magazine_the_na,～号,～ごう,gou
japanese_jlpt_n2,nation_of,～国,～こく,koku
japanese_jlpt_n2,every_each,～毎,～ごと,goto
japanese_jlpt_n2,the_name_of_mountain,～山,～さん,san
japanese_jlpt_n2,made_in,～産,～さん,san
japanese_jlpt_n2,history_of,～史,～し,shi
japanese_jlpt_n2,newspaper_type_of_paper,～紙,～し,shi
japanese_jlpt_n2,the_name_of_temple,～寺,～じ,ji
japanese_jlpt_n2,th_hour_th_period,～時間目,～じかんめ,jikanme
japanese_jlpt_n2,counter_for_room,～室,～しつ,shitsu
japanese_jlpt_n2,day,～日,～じつ,jitsu
japanese_jlpt_n2,car,～車,～しゃ,sha
japanese_jlpt_n2,person,～者,～しゃ,sha
japanese_jlpt_n2,counter_for_company,～社,～しゃ,sha
japanese_jlpt_n2,player_person_who_does,～手,～しゅ,shu
japanese_jlpt_n2,kind_of_alcohol,～酒,～しゅ,shu
japanese_jlpt_n2,collection_of,～集,～しゅう,shū
japanese_jlpt_n2,place,～所,～しょ,sho
japanese_jlpt_n2,place_2,～所,～じょ,jo
japanese_jlpt_n2,count_for_sisters,～女,～じょ,jo
japanese_jlpt_n2,kind_of_ministry,～省,～しょう,shō
japanese_jlpt_n2,merchant_business,～商,～しょう,shō
japanese_jlpt_n2,count_for_victory,～勝,～しょう,shō
japanese_jlpt_n2,counter_for_article,～条,～じょう,jō
japanese_jlpt_n2,kind_of_field_ground,～場,～じょう,jō
japanese_jlpt_n2,count_for_tatami_mat,～畳,～じょう,jō
japanese_jlpt_n2,kind_of_color,～色,～しょく,shoku
japanese_jlpt_n2,too_much,～過ぎる,～すぎる,sugiru
japanese_jlpt_n2,finished,～済,～ずみ,sumi
japanese_jlpt_n2,counter_for_seats,～席,～せき,seki
japanese_jlpt_n2,counter_for_ships,～船,～せん,sen
japanese_jlpt_n2,counter_for_games_matches,～戦,～せん,sen
japanese_jlpt_n2,before,～前,～ぜん,zen
japanese_jlpt_n2,along,～沿い,～そい,soi
japanese_jlpt_n2,counter_for_ships_2,～艘,～そう,sou
japanese_jlpt_n2,counter_for_shoes,～足,～そく,soku
japanese_jlpt_n2,be_full_of_be_filled_with,～だらけ,～だらけ,darake
japanese_jlpt_n2,group_corps_party,～団,～だん,dan
japanese_jlpt_n2,counter_for_clothes_finishi,～着,～ちゃく,chaku
japanese_jlpt_n2,office_agency,～庁,～ちょう,chou
japanese_jlpt_n2,trillion,～兆,～ちょう,chou
japanese_jlpt_n2,leader_head,～長,～ちょう,chou
japanese_jlpt_n2,book_notebook,～帳,～ちょう,chou
japanese_jlpt_n2,district_of_a_town_city_blo,～丁目,～ちょうめ,choume
japanese_jlpt_n2,counter_for_letters,～通,～つう,tsuu
japanese_jlpt_n2,use_of,～遣い,～づかい,tsukai
japanese_jlpt_n2,with,～付,～つき,tsuki
japanese_jlpt_n2,follow_continue_go_on,～続く,～つづく,tsuzuku
japanese_jlpt_n2,hard_to_do,～辛い,～づらい,zurai
japanese_jlpt_n2,drop,～滴,～てき,teki
japanese_jlpt_n2,counter_for_scores,～点,～てん,ten
japanese_jlpt_n2,counter_for_animals,～頭,～とう,tou
japanese_jlpt_n2,level_place,～等,～とう,tou
japanese_jlpt_n2,kind_of_islands,～島,～とう,tou
japanese_jlpt_n2,kind_of_path_road,～道,～どう,dou
japanese_jlpt_n2,in_accordance_with_followin,～通り,～とおり,toori
japanese_jlpt_n2,about_to_do,～ところ,～ところ,tokoro
japanese_jlpt_n2,inside,～内,～ない,nai
japanese_jlpt_n2,counter_for_school_year,～年生,～ねんせい,nensei
japanese_jlpt_n2,counter_for_staying_e_g_2_n,～泊,～はく,haku
japanese_jlpt_n2,counter_for_bullets,～発,～はつ,hatsu
japanese_jlpt_n2,th,～番目,～ばんめ,banme
japanese_jlpt_n2,cost_of,～費,～ひ,hi
japanese_jlpt_n2,kind_of_disease,～病,～びょう,byō
japanese_jlpt_n2,part,～部,～ぶ,bu
japanese_jlpt_n2,style,～風,～ふう,fū
japanese_jlpt_n2,after_an_interval_of,～振り,～ぶり,buri
japanese_jlpt_n2,time,～遍,～へん,hen
japanese_jlpt_n2,speech_dialect,～弁,～べん,ben
japanese_jlpt_n2,step_pace,～歩,～ほ,ho
japanese_jlpt_n2,ish,～ぽい,～ぽい,poi
japanese_jlpt_n2,in_comparison,～ほう (ひかく),～ほう (ひかく),hou (hikaku)
japanese_jlpt_n2,looks_like,～みたい,～みたい,mitai
japanese_jlpt_n2,for,～向け,～むけ,muke
japanese_jlpt_n2,counter_for_people,～名,～めい,mei
japanese_jlpt_n2,person_who_has,～もち,～もち,mochi
japanese_jlpt_n2,counter_for_questions,～問,～もん,mon
japanese_jlpt_n2,counter_for_nights,～夜,～や,ya
japanese_jlpt_n2,plural_persons,～等,～ら,ra
japanese_jlpt_n2,fashion_manner_way,～流,～りゅう,ryuu
japanese_jlpt_n2,fare_charge,～料,～りょう,ryou
japanese_jlpt_n2,territory,～領,～りょう,ryou
japanese_jlpt_n2,power_of,～力,～りょく,ryoku
japanese_jlpt_n2,theory,～論,～ろん,ron
japanese_jlpt_n2,counter_for_rabbits_birds,～羽,～わ,wa
japanese_jlpt_n2,as_usual_as_always_as_befor,相変わらず,あいかわらず,aikawarazu
japanese_jlpt_n2,idea,アイデア; アイディア,アイデア; アイディア,aidea
japanese_jlpt_n2,vague_ambiguous,あいまい,あいまい,aimai
japanese_jlpt_n2,to_fan_to_flap,扇ぐ,あおぐ,aogu
japanese_jlpt_n2,pale,青白い,あおじろい,aojiroi
japanese_jlpt_n2,to_be_shocked_to_be_appalle,呆れる,あきれる,akireru
japanese_jlpt_n2,accent,アクセント,アクセント,akusento
japanese_jlpt_n2,yawn,あくび,あくび,akubi
japanese_jlpt_n2,to_the_end_to_the_last_stub,飽くまで,あくまで,akumade
japanese_jlpt_n2,next_following,明くる～,あくる～,akuru~
japanese_jlpt_n2,dawn,明け方,あけがた,akegata
japanese_jlpt_n2,to_long_for_to_yearn_after,憧れる,あこがれる,akogareru
japanese_jlpt_n2,oversleeping_late_riser,朝寝坊,あさねぼう,asanebō
japanese_jlpt_n2,footprint,足跡,あしあと,ashiato
japanese_jlpt_n2,at_one_s_feet,足元,あしもと,ashimoto
japanese_jlpt_n2,to_taste_to_savor,味わう,あじわう,ajiwau
japanese_jlpt_n2,to_keep_in_custody_to_recei,預かる,あずかる,azukaru
japanese_jlpt_n2,to_warm_oneself,温まる,あたたまる,atatamaru
japanese_jlpt_n2,natural_reasonable_obvious_,当たり前,あたりまえ,atarimae
japanese_jlpt_n2,here_and_there,あちらこちら,あちらこちら,achirakochira
japanese_jlpt_n2,impudent_shameless,厚かましい,あつかましい,atsukama-shii
japanese_jlpt_n2,compression_condensation_pr,圧縮,あっしゅく,asshuku
japanese_jlpt_n2,address_direction,宛名,あてな,atena
japanese_jlpt_n2,to_be_applicable_to_come_un,当てはまる,あてはまる,atehamaru
japanese_jlpt_n2,to_apply_to_adapt,当てはめる,あてはめる,atehவுகளை
japanese_jlpt_n2,to_act_violently_to_rage,暴れる,あばれる,abareru
japanese_jlpt_n2,fat_tallow_lard,脂,あぶら,abura
japanese_jlpt_n2,to_scorch_to_roast,あぶる,あぶる,aburu
japanese_jlpt_n2,to_flood_to_overflow,あふれる,あふれる,afureru
japanese_jlpt_n2,sliding_storm_door,雨戸,あまど,amado
japanese_jlpt_n2,to_pamper_to_spoil,甘やかす,あまやかす,amayakasu
japanese_jlpt_n2,to_be_left_over_to_be_in_ex,余る,あまる,amaru
japanese_jlpt_n2,knitting,編み物,あみもの,amimono
japanese_jlpt_n2,knitting_web,あみもの,あみもの,amimono
japanese_jlpt_n2,to_knit,編む,あむ,amu
japanese_jlpt_n2,dangerous_critical,危うい,あやうい,ayaui
japanese_jlpt_n2,suspicious_dubious_doubtful,怪しい,あやしい,ayashii
japanese_jlpt_n2,rough_rude_wild,荒い,あらい,arai
japanese_jlpt_n2,coarse_rough,粗い,あらい,arai
japanese_jlpt_n2,outline_synopsis,粗筋,あらすじ,arasuji
japanese_jlpt_n2,to_compete_to_contest_to_co,争う,あらそう,arasou
japanese_jlpt_n2,another_time_again,改めて,あらためて,aratame te
japanese_jlpt_n2,to_change_to_reform_to_revi,改める,あらためる,aratameru
japanese_jlpt_n2,to_write_to_publish,あらわす,あらわす,arawasu
japanese_jlpt_n2,grateful_thankful_appreciat,有難い,ありがたい,arigatai
japanese_jlpt_n2,one_thing_or_another_this_a,あれこれ,あれこれ,arekore
japanese_jlpt_n2,to_be_stormy_to_be_rough_to,荒れる,あれる,areru
japanese_jlpt_n2,busy_hurried,慌ただしい,あわただしい,awatadashii
japanese_jlpt_n2,to_become_confused_disconce,慌てる,あわてる,awateru
japanese_jlpt_n2,easy_going,安易,あんい,an'i
japanese_jlpt_n2,unexpectedly_surprisingly,案外,あんがい,angai
japanese_jlpt_n2,antenna,アンテナ,アンテナ,antena
japanese_jlpt_n2,to_start_talking_to_suggest,言い出す,いいだす,iidasu
japanese_jlpt_n2,to_tell_to_order,言い付ける,いいつける,iitsukeru
japanese_jlpt_n2,meaning_significance,意義,いぎ,igi
japanese_jlpt_n2,vividly_lively,生き生き,いきいき,ikiiki
japanese_jlpt_n2,all_of_a_sudden,いきなり,いきなり,ikinari
japanese_jlpt_n2,several,幾～,いく～,iku~
japanese_jlpt_n2,childcare_nursing,育児,いくじ,ikuji
japanese_jlpt_n2,somewhat,幾分,いくぶん,ikubun
japanese_jlpt_n2,flower_arrangement,生け花,いけばな,ikebana
japanese_jlpt_n2,after_this_from_now_on_here,以後,いご,igo
japanese_jlpt_n2,equal,イコール,イコール,ikōru
japanese_jlpt_n2,on_and_after_hereafter,以降,いこう,ikō
japanese_jlpt_n2,brave_valiant,勇ましい,いさましい,isamashii
japanese_jlpt_n2,food_clothing_and_shelter,衣食住,いしょくじゅう,ishokujū
japanese_jlpt_n2,one_by_one_separately,いちいち,いちいち,ichiichi
japanese_jlpt_n2,tentatively_for_the_time_be,一応,いちおう,ichiō
japanese_jlpt_n2,by_far_greater,一段と,いちだんと,ichidan to
japanese_jlpt_n2,first_class_leading,一流,いちりゅう,ichiryū
japanese_jlpt_n2,day_before_yesterday,一昨日,いっさくじつ,issakujitsu
japanese_jlpt_n2,year_before_last,一昨年,いっさくねん,issakunen
japanese_jlpt_n2,simultaneous_all_at_once,一斉,いっせい,issei
japanese_jlpt_n2,once_for_a_moment,一旦,いったん,ittan
japanese_jlpt_n2,fixed_settled_regular,一定,いってい,ittei
japanese_jlpt_n2,have_a_nice_day_see_you,行っていらっしゃい,いっていらっしゃい,itte irasshai
japanese_jlpt_n2,lit_i_ll_go_and_come_back_i,いってきます,いってきます,ittekimasu
japanese_jlpt_n2,lit_i_ll_go_and_come_back_2,いってまいります,いってまいります,ittemairimasu
japanese_jlpt_n2,have_a_nice_day_see_you_2,行ってらっしゃい,いってらっしゃい,itte rasshai
japanese_jlpt_n2,moving_transfer,移転,いてん,iten
japanese_jlpt_n2,water_well,井戸,いど,ido
japanese_jlpt_n2,latitude_navigation,緯度,いど,ido
japanese_jlpt_n2,to_be_proud_to_swagger,威張る,いばる,ibaru
japanese_jlpt_n2,reluctant_to_dislike,嫌がる,いやがる,iyagaru
japanese_jlpt_n2,more_and_more_increasingly_,いよいよ,いよいよ,iyoiyo
japanese_jlpt_n2,to_roast,煎る,いる,iru
japanese_jlpt_n2,to_parch_to_roast,炒る,いる,iru
japanese_jlpt_n2,container_case,入れ物,いれもの,iremono
japanese_jlpt_n2,ink,インキ,インキ,inki
japanese_jlpt_n2,gravity,引力,いんりょく,inryoku
japanese_jlpt_n2,woman,ウーマン,ウーマン,ūman
japanese_jlpt_n2,wool,ウール,ウール,ūru
japanese_jlpt_n2,waitress,ウエートレス,ウエートレス,uētoresu
japanese_jlpt_n2,garden_shrubs_trees_potted_,植木,うえき,ueki
japanese_jlpt_n2,to_starve,飢える,うえる,ueru
japanese_jlpt_n2,to_float_to_rise_to_surface,浮ぶ,うかぶ,ukabu
japanese_jlpt_n2,to_float_to_express,浮かべる,うかべる,ukaberu
japanese_jlpt_n2,to_float,浮く,うく,uku
japanese_jlpt_n2,humble_to_hear_to_be_told_t,承る,うけたまわる,uketamawaru
japanese_jlpt_n2,receipt,受取,うけとり,uketori
japanese_jlpt_n2,to_take_be_in_charge_of,受け持つ,うけもつ,ukemotsu
japanese_jlpt_n2,dim_gloomy,薄暗い,うすぐらい,usugurai
japanese_jlpt_n2,to_dilute_to_water_down,薄める,うすめる,usumeru
japanese_jlpt_n2,business_meeting_previous_a,打合せ,うちあわせ,uchiawase
japanese_jlpt_n2,to_deny_to_negate,打ち消す,うちけす,uchikesu
japanese_jlpt_n2,to_be_photographed_to_be_pr,写る,うつる,utsuru
japanese_jlpt_n2,udon_noodles_japanese_tradi,うどん,うどん,udon
japanese_jlpt_n2,to_nod,うなずく,うなずく,unazuku
japanese_jlpt_n2,existence_or_nonexistence_p,有無,うむ,umu
japanese_jlpt_n2,to_bury_to_fill_up_to_fill_,埋める,うめる,umeru
japanese_jlpt_n2,to_show_respect_to_honor,敬う,うやまう,uyamau
japanese_jlpt_n2,to_turn_inside_out_to_turn_,裏返す,うらがえす,uragaesu
japanese_jlpt_n2,backdoor_rear_entrance,裏口,うらぐち,uraguchi
japanese_jlpt_n2,to_predict_to_divine,占う,うらなう,uranau
japanese_jlpt_n2,resentment,恨み,うらみ,urami
japanese_jlpt_n2,to_curse_to_feel_bitter,恨む,うらむ,uramu
japanese_jlpt_n2,to_envy,羨む,うらやむ,urayamu
japanese_jlpt_n2,amount_sold_proceeds,売上,うりあげ,uriage
japanese_jlpt_n2,amount_sold_sales_proceeds_,売り上げ,うりあげ,uriage
japanese_jlpt_n2,sold_out,売り切れ,うりきれ,urikire
japanese_jlpt_n2,to_be_sold_out,売り切れる,うりきれる,urikireru
japanese_jlpt_n2,sales,売行き,うれゆき,ureyuki
japanese_jlpt_n2,sales_demand,売れ行き,うれゆき,ureyuki
japanese_jlpt_n2,loitering_aimless_wandering,うろうろ,うろうろ,urouro
japanese_jlpt_n2,upper,上～,うわ～,uwa~
japanese_jlpt_n2,canal_waterway,運河,うんが,unga
japanese_jlpt_n2,a_great_deal_very_much,うんと,うんと,unto
japanese_jlpt_n2,sentence_in_english,英文,えいぶん,eibun
japanese_jlpt_n2,english_japanese_e_g_dictio,英和,えいわ,eiwa
japanese_jlpt_n2,let_me_see_well_er,ええと,ええと,eeto
japanese_jlpt_n2,liquid_fluid,液体,えきたい,ekitai
japanese_jlpt_n2,etiquette,エチケット,エチケット,echiketto
japanese_jlpt_n2,colors_paints,絵の具,えのぐ,enogu
japanese_jlpt_n2,apron,エプロン,エプロン,epuron
japanese_jlpt_n2,great_celebrated_remarkable,偉い,えらい,erai
japanese_jlpt_n2,party_banquet,宴会,えんかい,enkai
japanese_jlpt_n2,horticulture_gardening,園芸,えんげい,engei
japanese_jlpt_n2,play_theatrical,演劇,えんげき,engeki
japanese_jlpt_n2,circumference,円周,えんしゅう,enshuu
japanese_jlpt_n2,trip_hike_picnic,遠足,えんそく,ensoku
japanese_jlpt_n2,extension_prolongation,延長,えんちょう,enchou
japanese_jlpt_n2,chimney,煙突,えんとつ,entotsu
japanese_jlpt_n2,orchestra,オーケストラ,オーケストラ,ōkesutora
japanese_jlpt_n2,automation,オートメーション,オートメーション,ōtomēshon
japanese_jlpt_n2,to_chase_or_run_after_someo,追いかける,おいかける,oikakeru
japanese_jlpt_n2,to_pass_e_g_car_to_outdista,追い越す,おいこす,oikosu
japanese_jlpt_n2,oil,オイル,オイル,oiru
japanese_jlpt_n2,aid_assistance_help_support,応援,おうえん,ōen
japanese_jlpt_n2,princess,王女,おうじょ,ōjo
japanese_jlpt_n2,to_respond_to_comply_with,応ずる,おうずる,ōzuru
japanese_jlpt_n2,reception,応接,おうせつ,ōsetsu
japanese_jlpt_n2,receiving_dealing_with,応対,おうたい,ōtai
japanese_jlpt_n2,col_round_trip_coming_and_g,往復,おうふく,ōfuku
japanese_jlpt_n2,europe_and_america_the_west,欧米,おうべい,ōbei
japanese_jlpt_n2,application_put_to_practica,応用,おうよう,ōyō
japanese_jlpt_n2,rough_not_precise_broad_ske,おおざっぱ,おおざっぱ,ōzappa
japanese_jlpt_n2,main_street,大通り,おおどおり,ōdōri
japanese_jlpt_n2,about_approximately,大凡,おおよそ,ōyoso
japanese_jlpt_n2,return_welcome,お帰り,おかえり,okaeri
japanese_jlpt_n2,please_sit_down,おかけください,おかけください,okake kudasai
japanese_jlpt_n2,thanks_to_god_thanks_to_you,おかげさまで,おかげさまで,okagesama de
japanese_jlpt_n2,side_dish_accompaniment_for,おかず,おかず,okazu
japanese_jlpt_n2,please_don_t_fuss_over_me,おかまいなく,おかまいなく,okamai naku
japanese_jlpt_n2,to_worship_to_pray,拝む,おがむ,ogamu
japanese_jlpt_n2,second_helping_another_cup,お代わり,おかわり,okawari
japanese_jlpt_n2,to_compensate_for,補う,おぎなう,oginau
japanese_jlpt_n2,i_m_sorry_to_hear_that,お気の毒に,おきのどくに,okinodoku ni
japanese_jlpt_n2,outdoors,屋外,おくがい,okugai
japanese_jlpt_n2,part_of_word_written_in_kan,送り仮名,おくりがな,okurigana
japanese_jlpt_n2,take_care,お元気で,おげんきで,ogenki de
japanese_jlpt_n2,to_neglect_to_fail,怠る,おこたる,okotaru
japanese_jlpt_n2,to_pin_down_to_hold_down_to,押さえる,おさえる,osaeru
japanese_jlpt_n2,before_after_you,お先に,おさきに,osaki ni
japanese_jlpt_n2,humble_uncle_older_than_one,伯父,おじ,oji
japanese_jlpt_n2,uncle_younger_than_one_s_pa,叔父,おじ,oji
japanese_jlpt_n2,regrettable_disappointing,惜しい,おしい,oshii
japanese_jlpt_n2,hon_middle_aged_gentleman_u,伯父さん,おじさん,ojisan
japanese_jlpt_n2,hon_middle_aged_gentleman_2,小父さん,おじさん,ojisan
japanese_jlpt_n2,hon_middle_aged_gentleman_3,叔父さん,おじさん,ojisan
japanese_jlpt_n2,excuse_me_for_disturbing_yo,お邪魔します,おじゃまします,ojama shimasu
japanese_jlpt_n2,i_ve_been_in_your_care,お世話になりました,おせわになりました,osewa ni narimashita
japanese_jlpt_n2,take_care_of_yourself_take_,お大事に,おだいじに,odaiji ni
japanese_jlpt_n2,to_calm_down_to_settle_down,落着く,おちつく,ochitsuku
japanese_jlpt_n2,outing,お出掛け,おでかけ,odekake
japanese_jlpt_n2,maid,お手伝いさん,おてつだいさん,otetsudai-san
japanese_jlpt_n2,to_threaten_to_coerce,脅かす,おどかす,odokasu
japanese_jlpt_n2,lost_property,落し物,おとしもの,otoshimono
japanese_jlpt_n2,to_surprise_to_frighten,驚かす,おどろかす,odorokasu
japanese_jlpt_n2,please_lit_i_request,お願いします,おねがいします,onegai shimasu
japanese_jlpt_n2,each_every_either,各々,おのおの,ono'ono
japanese_jlpt_n2,humble_aunt_older_than_one_,伯母,おば,oba
japanese_jlpt_n2,aunt_younger_than_one_s_par,叔母,おば,oba
japanese_jlpt_n2,lady_woman_ma_am,小母さん,おばさん,obasan
japanese_jlpt_n2,abbr_good_morning,おはよう,おはよう,ohayou
japanese_jlpt_n2,worship_shrine_visit,お参り,おまいり,omairi
japanese_jlpt_n2,sorry_to_have_kept_you_wait,お待たせしました,おまたせしました,omatase shimashita
japanese_jlpt_n2,please_wait_a_moment,お待ちください,おまちください,omachi kudasai
japanese_jlpt_n2,sorry_to_have_kept_you_wa_2,おまちどおさま,おまちどおさま,omachidousama
japanese_jlpt_n2,happy_event_matter_for_cong,おめでたい,おめでたい,omedetai
japanese_jlpt_n2,unexpected_casual,思い掛けない,おもいがけない,omoigakenai
japanese_jlpt_n2,with_all_one_s_strength_hea,思い切り,おもいきり,omoikiri
japanese_jlpt_n2,to_be_under_impression_that,思い込む,おもいこむ,omoikomu
japanese_jlpt_n2,very_much_fully,思いっ切り,おもいっきり,omoikkiri
japanese_jlpt_n2,to_the_best_of_one_s_abilit,思いっきり,おもいっきり,omoikkiri
japanese_jlpt_n2,heavy_massive_serious,重たい,おもたい,omotai
japanese_jlpt_n2,holiday_absence_exp_good_ni,お休み,おやすみ,oyasumi
japanese_jlpt_n2,between_meal_snack_afternoo,おやつ,おやつ,oyatsu
japanese_jlpt_n2,thumb,親指,おやゆび,oyayubi
japanese_jlpt_n2,organ,オルガン,オルガン,orugan
japanese_jlpt_n2,honorific,御～,おん～,on~
japanese_jlpt_n2,blessing_benefit,恩恵,おんけい,onkei
japanese_jlpt_n2,greenhouse,温室,おんしつ,onshitsu
japanese_jlpt_n2,spa_hot_spring,温泉,おんせん,onsen
japanese_jlpt_n2,temperate_zone,温帯,おんたい,ontai
japanese_jlpt_n2,messrs,御中,おんちゅう,onchuu
japanese_jlpt_n2,woman_2,女の人,おんなのひと,onna no hito
japanese_jlpt_n2,mosquito,蚊,か,ka
japanese_jlpt_n2,curve_curve_ball_baseball,カーブ,カーブ,kaabu
japanese_jlpt_n2,shell_shellfish,貝,かい,kai
japanese_jlpt_n2,foreign_outside,外～,がい～,gai~
japanese_jlpt_n2,opening_of_a_meeting,開会,かいかい,kaikaim
japanese_jlpt_n2,meeting_hall_assembly_hall,会館,かいかん,kaikan
japanese_jlpt_n2,examination_of_tickets,改札,かいさつ,kaisatsu
japanese_jlpt_n2,breakup_dissolution,解散,かいさん,kaisan
japanese_jlpt_n2,sea_bathing_seawater_bath,海水浴,かいすいよく,kaisuiyoku
japanese_jlpt_n2,number_of_times_frequency,回数,かいすう,kaisuu
japanese_jlpt_n2,book_of_tickets,回数券,かいすうけん,kaisuuken
japanese_jlpt_n2,revision_amendment_alterati,改正,かいせい,kaisei
japanese_jlpt_n2,good_weather,快晴,かいせい,kaisei
japanese_jlpt_n2,explanation_commentary,解説,かいせつ,kaisetsu
japanese_jlpt_n2,remodeling,改造,かいぞう,kaizou
japanese_jlpt_n2,opening_open,開通,かいつう,kaitsuu
japanese_jlpt_n2,rotation_turning,回転,かいてん,kaiten
japanese_jlpt_n2,answer_solution,解答,かいとう,kaitō
japanese_jlpt_n2,reply_answer,回答,かいとう,kaitō
japanese_jlpt_n2,the_outside_external,外部,がいぶ,gaibu
japanese_jlpt_n2,release_liberation_emancipa,解放,かいほう,kaihō
japanese_jlpt_n2,open_throw_open_liberalizat,開放,かいほう,kaihō
japanese_jlpt_n2,ocean,海洋,かいよう,kaiyō
japanese_jlpt_n2,introduction_general_remark,概論,がいろん,gairon
japanese_jlpt_n2,on_the_contrary_rather,却って,かえって,kaette
japanese_jlpt_n2,house_building,家屋,かおく,kaoku
japanese_jlpt_n2,to_concern_oneself_in_to_be,係わる,かかわる,kakawaru
japanese_jlpt_n2,registered_mail,書留,かきとめ,kakitome
japanese_jlpt_n2,dictation,書取,かきとり,kakitori
japanese_jlpt_n2,hedge,垣根,かきね,kakine
japanese_jlpt_n2,limit_s_as_far_as_possible,限り,かぎり,kagiri
japanese_jlpt_n2,every_each_2,各～,かく～,kaku~
japanese_jlpt_n2,imaginary_fiction_fanciful,架空,かくう,kakuu
japanese_jlpt_n2,individual_each,各自,かくじ,kakuji
japanese_jlpt_n2,expansion,拡充,かくじゅう,kakujuu
japanese_jlpt_n2,science_learning_scholarshi,学術,がくじゅつ,gakujutsu
japanese_jlpt_n2,various_parts_of_the_countr,各地,かくち,kaku chi
japanese_jlpt_n2,expansion_extension,拡張,かくちょう,kakuchō
japanese_jlpt_n2,angle,角度,かくど,kakudo
japanese_jlpt_n2,year_in_school_grade_in_sch,学年,がくねん,gakunen
japanese_jlpt_n2,department_of_a_university_,学部,がくぶ,gakubu
japanese_jlpt_n2,exceptional,格別,かくべつ,kakubetsu
japanese_jlpt_n2,probability,確率,かくりつ,kakuritsu
japanese_jlpt_n2,scholarship_knowledge,学力,がくりょく,gakuryoku
japanese_jlpt_n2,multiplication,掛け算,かけざん,kakezan
japanese_jlpt_n2,multiplication_2,かけざん,かけざん,kakezan
japanese_jlpt_n2,approval_adoption_e_g_motio,可決,かけつ,ketsu
japanese_jlpt_n2,crater_of_a_volcano,火口,かこう,kakou
japanese_jlpt_n2,decline_descent_fall,下降,かこう,kakou
japanese_jlpt_n2,to_pile_up_to_heap_up_to_st,重ねる,かさねる,kasaneru
japanese_jlpt_n2,decoration_ornament_trimmin,飾り,かざり,kazari
japanese_jlpt_n2,volcano,火山,かざん,kazan
japanese_jlpt_n2,certainly,かしこまりました,かしこまりました,kashikomarimashita
japanese_jlpt_n2,lending_loaning,貸し出し,かしだし,kashidashi
japanese_jlpt_n2,error_mistake_negligence,過失,かしつ,kashitsu
japanese_jlpt_n2,fruit,果実,かじつ,kajitsu
japanese_jlpt_n2,room_to_let,貸間,かしま,kashima
japanese_jlpt_n2,house_for_rent,貸家,かしや,kashiya
japanese_jlpt_n2,place_point_part,箇所,かしょ,kasho
japanese_jlpt_n2,passage_place,かしょ,かしょ,kasho
japanese_jlpt_n2,excess_over,過剰,かじょう,kajō
japanese_jlpt_n2,to_chew_to_bite_at,かじる,かじる,kajiru
japanese_jlpt_n2,taxation,課税,かぜい,kazei
japanese_jlpt_n2,cassette_tape,カセット,カセット,kasetto
japanese_jlpt_n2,underline_underscore,下線,かせん,kasen
japanese_jlpt_n2,acceleration,加速,かそく,kasoku
japanese_jlpt_n2,acceleration_2,加速度,かそくど,kasokudo
japanese_jlpt_n2,katakana,かたかな,かたかな,katakana
japanese_jlpt_n2,to_put_in_order_to_dispose_,かたづく,かたづく,katazuku
japanese_jlpt_n2,lump_mass_cluster,塊,かたまり,katamari
japanese_jlpt_n2,to_harden_to_solidify_to_be,固まる,かたまる,katamaru
japanese_jlpt_n2,one_way_trip,片道,かたみち,katamichi
japanese_jlpt_n2,to_incline_toward_to_slant_,傾く,かたむく,katamuku
japanese_jlpt_n2,to_be_one_sided_to_incline_,片寄る,かたよる,katayoru
japanese_jlpt_n2,study_subject_course_of_stu,学科,がっか,gak'ka
japanese_jlpt_n2,academic_conference,学会,がっかい,gak'kai
japanese_jlpt_n2,musical_instrument,楽器,がっき,gakki
japanese_jlpt_n2,class,学級,がっきゅう,gakkyuu
japanese_jlpt_n2,to_shoulder_to_carry_on_sho,担ぐ,かつぐ,katsugu
japanese_jlpt_n2,parenthesis_brackets,括弧,かっこ,kakko
japanese_jlpt_n2,printing_type,活字,かつじ,katsuji
japanese_jlpt_n2,arbitrarily,勝手に,かってに,katte ni
japanese_jlpt_n2,activity_esp_energetic_or_s,活躍,かつやく,katsuyaku
japanese_jlpt_n2,vitality_energy,活力,かつりょく,katsuryoku
japanese_jlpt_n2,course_curriculum,課程,かてい,katei
japanese_jlpt_n2,kana,仮名,かな,kana
japanese_jlpt_n2,kana_orthography_syllabary_,仮名遣い,かなづかい,kanazukai
japanese_jlpt_n2,bell_often_a_large_hanging_,鐘,かね,kane
japanese_jlpt_n2,heating,加熱,かねつ,kanetsu
japanese_jlpt_n2,to_simultaneously_serve_two,兼ねる,かねる,kaneru
japanese_jlpt_n2,cover_e_g_book,カバー,カバー,kabā
japanese_jlpt_n2,majority,過半数,かはんすう,kahansū
japanese_jlpt_n2,mold_mildew,かび (～がはえる),かび (～がはえる),kabi (~ga haeru)
japanese_jlpt_n2,to_cover_with_something,被せる,かぶせる,kabuseru
japanese_jlpt_n2,iron_pot_kettle,釜,かま,kama
japanese_jlpt_n2,it_s_all_right_one_doesn_t_,構いません,かまいません,kamaimasen
japanese_jlpt_n2,wastepaper,紙屑,かみくず,kamikuzu
japanese_jlpt_n2,god,神様,かみさま,kamisama
japanese_jlpt_n2,razor,剃刀,かみそり,kamisori
japanese_jlpt_n2,chewing_gum,ガム,ガム,gamu
japanese_jlpt_n2,cargo_freight,貨物,かもつ,kamotsu
japanese_jlpt_n2,song_ballad,歌謡,かよう,kayō
japanese_jlpt_n2,shell_husk_hull_pod_chaff,殻,から,kara
japanese_jlpt_n2,collar_color,カラー,カラー,karā
japanese_jlpt_n2,to_ridicule_to_make_fun_of,からかう,からかう,karakau
japanese_jlpt_n2,empty_vacant_hollow,空っぽ,からっぽ,karappo
japanese_jlpt_n2,playing_cards_por_carta,かるた,かるた,karuta
japanese_jlpt_n2,to_wither_to_die_plant_to_b,枯れる,かれる,kareru
japanese_jlpt_n2,calorie,カロリー,カロリー,karorii
japanese_jlpt_n2,to_love_to_be_affectionate,可愛がる,かわいがる,kawaigaru
japanese_jlpt_n2,to_dry_clothes_etc_to_desic,乾かす,かわかす,kawakasu
japanese_jlpt_n2,money_order_exchange,為替,かわせ,kawase
japanese_jlpt_n2,roof_tile,瓦,かわら,kawara
japanese_jlpt_n2,space_interval_space_charac,間隔,かんかく,kankaku
japanese_jlpt_n2,ventilation,換気,かんき,kanki
japanese_jlpt_n2,deep_emotion_impression_ins,感激,かんげき,kangeki
japanese_jlpt_n2,south_western_half_of_japan,関西,かんさい,Kansai
japanese_jlpt_n2,new_year_s_day,元日,がんじつ,Ganjitsu
japanese_jlpt_n2,appreciation,鑑賞,かんしょう,Kanshou
japanese_jlpt_n2,to_feel_to_sense,感ずる,かんずる,Kanzuru
japanese_jlpt_n2,indirect_indirectness,間接,かんせつ,Kansetsu
japanese_jlpt_n2,dry_arid_insipid_dehydrated,乾燥,かんそう,Kansou
japanese_jlpt_n2,impressions_thoughts_feelin,感想,かんそう,Kansou
japanese_jlpt_n2,observation,観測,かんそく,Kansoku
japanese_jlpt_n2,frigid_zone,寒帯,かんたい,Kantai
japanese_jlpt_n2,misunderstanding_wrong_gues,勘違い,かんちがい,Kanchigai
japanese_jlpt_n2,government_office_authoriti,官庁,かんちょう,kanchō
japanese_jlpt_n2,canning_canned_goods,缶詰,かんづめ,kanzume
japanese_jlpt_n2,dry_cell_battery,乾電池,かんでんち,kandenchi
japanese_jlpt_n2,eastern_half_of_japan_inclu,関東,かんとう,Kantō
japanese_jlpt_n2,idea_notion_sense,観念,かんねん,kannen
japanese_jlpt_n2,cheers_a_toast,乾杯,かんぱい,kanpai
japanese_jlpt_n2,sign_signboard,看板,かんばん,kanban
japanese_jlpt_n2,nursing_a_patient,看病,かんびょう,kanbyō
japanese_jlpt_n2,crown_wreath,冠,かんむり,kanmuri
japanese_jlpt_n2,chinese_character_japanese_,漢和,かんわ,kanwa
japanese_jlpt_n2,atmospheric_pressure,気圧,きあつ,kiatsu
japanese_jlpt_n2,changing_clothes_change_of_,着替え,きがえ,kigae
japanese_jlpt_n2,to_change_one_s_clothes,着替える,きがえる,kigaeru
japanese_jlpt_n2,locomotive_engine,機関車,きかんしゃ,kikansha
japanese_jlpt_n2,famine,飢饉,ききん,kikin
japanese_jlpt_n2,instrument,器具,きぐ,kigu
japanese_jlpt_n2,term_period_time_frame_time,期限,きげん,kigen
japanese_jlpt_n2,symbol_code,記号,きごう,kigō
japanese_jlpt_n2,to_mince_to_carve_to_engrav,刻む,きざむ,kizamun
japanese_jlpt_n2,ceremony_rite_ritual,儀式,ぎしき,gishiki
japanese_jlpt_n2,standard_basis_criteria,基準,きじゅん,kijun
japanese_jlpt_n2,standard_basis_criteria_2,規準,きじゅん,kijun
japanese_jlpt_n2,rising_getting_out_of_bed,起床,きしょう,kishō
japanese_jlpt_n2,to_put_on_clothes,着せる,きせる,kiseru
japanese_jlpt_n2,foundation_basis,基礎,きそ,kiso
japanese_jlpt_n2,base,基地,きち,kichi
japanese_jlpt_n2,prompt_trigger_cue,きっかけ,きっかけ,kikkake
japanese_jlpt_n2,chance_start_cue_excuse_mot,切っ掛け,きっかけ,kikkake
japanese_jlpt_n2,tightly_fully,ぎっしり,ぎっしり,gisshiri
japanese_jlpt_n2,foundation_basis_2,基盤,きばん,kiban
japanese_jlpt_n2,guest_seating,客席,きゃくせき,kyakuseki
japanese_jlpt_n2,parlor_guest_room,客間,きゃくま,kyakuma
japanese_jlpt_n2,gang,ギャング,ギャング,gyangu
japanese_jlpt_n2,campus,キャンパス,キャンパス,kyanpasu
japanese_jlpt_n2,closure_shutdown_holiday,休業,きゅうぎょう,kyūgyō
japanese_jlpt_n2,lecture_canceled,休講,きゅうこう,kyūkō
japanese_jlpt_n2,rest_relief_relaxation,休息,きゅうそく,kyūsoku
japanese_jlpt_n2,salary,給与,きゅうよ,kyūyo
japanese_jlpt_n2,rest_break_recreation,休養,きゅうよう,kyūyō
japanese_jlpt_n2,clear_pure_noble,清い,きよい,kiyoi
japanese_jlpt_n2,strengthen_intensify_reinfo,強化,きょうか,kyōka
japanese_jlpt_n2,boundary,境界,きょうかい,kyōkai
japanese_jlpt_n2,communist,共産～,きょうさん～,kyōsan~
japanese_jlpt_n2,event_function,行事,ぎょうじ,gyōji
japanese_jlpt_n2,sorry_to_trouble,恐縮,きょうしゅく,kyōshuku
japanese_jlpt_n2,culture_education_sophistic,教養,きょうよう,kyōyō
japanese_jlpt_n2,line_procession_matrix_math,行列,ぎょうれつ,gyōretsu
japanese_jlpt_n2,fishing_industry,漁業,ぎょぎょう,gyogyō
japanese_jlpt_n2,curve,曲線,きょくせん,kyokusen
japanese_jlpt_n2,order_rules_law,規律,きりつ,kiritsu
japanese_jlpt_n2,to_behead_to_murder,斬る,きる,kiru
japanese_jlpt_n2,to_be_careful_to_pay_attent,気を付ける,きをつける,ki o tsukeru
japanese_jlpt_n2,13_string_japanese_zither,琴,きん,kin
japanese_jlpt_n2,goldfish,金魚,きんぎょ,kingyo
japanese_jlpt_n2,air_conditioner,クーラー,クーラー,kūrā
japanese_jlpt_n2,zone_district_area,区域,くいき,kuiki
japanese_jlpt_n2,empty,空～,くう～,kū~
japanese_jlpt_n2,even_number,偶数,ぐうすう,gūsū
japanese_jlpt_n2,daydream_fantasy,空想,くうそう,kūsō
japanese_jlpt_n2,sky_air,空中,くうちゅう,kūchū
japanese_jlpt_n2,nail,釘,くぎ,kugi
japanese_jlpt_n2,to_punctuate_to_cut_off_to_,区切る,くぎる,kugiru
japanese_jlpt_n2,comb,櫛,くし,kushi
japanese_jlpt_n2,sneeze,くしゃみ,くしゃみ,kushami
japanese_jlpt_n2,complaint_grievance_grumble,苦情,くじょう,kujou
japanese_jlpt_n2,pain_trouble,苦心,くしん,kushin
japanese_jlpt_n2,waste_scrap,屑,くず,kuzu
japanese_jlpt_n2,to_destroy_to_make_change_m,崩す,くずす,kuzusu
japanese_jlpt_n2,ring_finger,薬指,くすりゆび,kusuriyubi
japanese_jlpt_n2,to_collapse_to_crumble,崩れる,くずれる,kuzureru
japanese_jlpt_n2,to_break_to_smash,砕く,くだく,kudaku
japanese_jlpt_n2,to_break_to_be_broken,砕ける,くだける,kudakeru
japanese_jlpt_n2,to_get_tired_to_wear_out,くたびれる,くたびれる,kutabireru
japanese_jlpt_n2,good_for_nothing_stupid_wor,くだらない,くだらない,kudaranai
japanese_jlpt_n2,to_descend_to_go_down_to_co,下る,くだる,kudaru
japanese_jlpt_n2,lip,唇,くちびる,kuchibiru
japanese_jlpt_n2,lipstick,口紅,くちべに,kuchibeni
japanese_jlpt_n2,to_adhere_to_to_keep_close_,くっつく,くっつく,kuttsuku
japanese_jlpt_n2,to_attach,くっつける,くっつける,kuttsukeru
japanese_jlpt_n2,verbose_importunate_heavy_t,くどい,くどい,kudoi
japanese_jlpt_n2,punctuation_marks,句読点,くとうてん,kutōten
japanese_jlpt_n2,to_distribute_to_deliver,配る,くばる,kubaru
japanese_jlpt_n2,device_artifice_ingenuity,工夫,くふう,kufū
japanese_jlpt_n2,division_section_classifica,区分,くぶん,kubun
japanese_jlpt_n2,combination,組合せ,くみあわせ,kumiawase
japanese_jlpt_n2,to_assemble_to_set_up_to_co,組み立てる,くみたてる,kumitateru
japanese_jlpt_n2,to_regret_to_mourn,悔やむ,くやむ,kuyamu
japanese_jlpt_n2,cleaning_dry_cleaning_laund,クリーニング,クリーニング,kurīningu
japanese_jlpt_n2,to_be_enveloped_by_to_wrap_,くるむ,くるむ,kurumu
japanese_jlpt_n2,repeatedly_sincerely_earnes,くれぐれも,くれぐれも,kureguremo
japanese_jlpt_n2,district_county,郡,ぐん,gun
japanese_jlpt_n2,practice_training_study,稽古,けいこ,keiko
japanese_jlpt_n2,honorific_language_lit_resp,敬語,けいご,keigo
japanese_jlpt_n2,fluorescent_lamp,蛍光灯,けいこうとう,keikōtō
japanese_jlpt_n2,form_formality_format,形式,けいしき,keishiki
japanese_jlpt_n2,continuation,継続,けいぞく,keizoku
japanese_jlpt_n2,knitting_wool,毛糸,けいと,keito
japanese_jlpt_n2,longitude,経度,けいど,keido
japanese_jlpt_n2,system_genealogy,系統,けいとう,keitō
japanese_jlpt_n2,public_entertainment_perfor,芸能,げいのう,geinō
japanese_jlpt_n2,horse_racing,競馬,けいば,keiba
japanese_jlpt_n2,defense_guard_policing_secu,警備,けいび,keibi
japanese_jlpt_n2,adjective,形容詞,けいようし,keiyōshi
japanese_jlpt_n2,adjectival_noun_quasi_adjec,形容動詞,けいようどうし,keiyōdōshi
japanese_jlpt_n2,surgical_department,外科,げか,geka
japanese_jlpt_n2,fur_skin_pelt,毛皮,けがわ,kegawa
japanese_jlpt_n2,sudden_increase,激増,げきぞう,gekizō
japanese_jlpt_n2,alighting_getting_off,下車,げしゃ,gesha
japanese_jlpt_n2,month_last_third_of,下旬,げじゅん,gejun
japanese_jlpt_n2,drainage_sewage_ditch_gutte,下水,げすい,gesui
japanese_jlpt_n2,to_cut_down_little_by_littl,削る,けずる,kezuru
japanese_jlpt_n2,column_beam_digit,桁,けた,keta
japanese_jlpt_n2,japanese_footwear_wooden_cl,下駄,げた,geta
japanese_jlpt_n2,blood_pressure,血圧,けつあつ,ketsuatsu
japanese_jlpt_n2,monthly_salary,月給,げっきゅう,gekkyuu
japanese_jlpt_n2,masterpiece_best_work,傑作,けっさく,kessaku
japanese_jlpt_n2,end_of_the_month,月末,げつまつ,getsumatsu
japanese_jlpt_n2,indication_sign_hint,気配,けはい,kehai
japanese_jlpt_n2,vulgar_indecent_coarse,下品,げひん,gehin
japanese_jlpt_n2,vulgar,下品(な),げひん(な),gehin(na)
japanese_jlpt_n2,smoky,煙い,けむい,kemui
japanese_jlpt_n2,steep_rugged_severe,険しい,けわしい,kewashii
japanese_jlpt_n2,present_incumbent,現～,げん～,gen-
japanese_jlpt_n2,tour_study_by_observation,見学,けんがく,kengaku
japanese_jlpt_n2,modesty_humble,謙虚,けんきょ,kenkyo
japanese_jlpt_n2,manuscript_copy,原稿,げんこう,genkō
japanese_jlpt_n2,place_of_origin,原産,げんさん,gensan
japanese_jlpt_n2,origin_primeval,原始,げんし,genshi
japanese_jlpt_n2,training,研修,けんしゅう,kenshū
japanese_jlpt_n2,strict_severe_firm,厳重,げんじゅう,genjū
japanese_jlpt_n2,humble_humility_modesty,謙遜,けんそん,kenson
japanese_jlpt_n2,prefectural_office,県庁,けんちょう,kenchō
japanese_jlpt_n2,limit_bounds,限度,げんど,gendo
japanese_jlpt_n2,actually_really,現に,げんに,gen ni
japanese_jlpt_n2,microscope,顕微鏡,けんびきょう,kenbikyo
japanese_jlpt_n2,eagerness_strenuous,懸命,けんめい,kenmei
japanese_jlpt_n2,principle_theory_fundamenta,原理,げんり,genri
japanese_jlpt_n2,raw_materials,原料,げんりょう,genryō
japanese_jlpt_n2,go_board_game,碁,ご,go
japanese_jlpt_n2,small,小～,こ～,ko~
japanese_jlpt_n2,course,コース,コース,kōsu
japanese_jlpt_n2,chorus,コーラス,コーラス,kōrasu
japanese_jlpt_n2,dear_beloved_to_miss,恋しい,こいしい,koishii
japanese_jlpt_n2,high_level,高～,こう～,kō~
japanese_jlpt_n2,factory_worker,工員,こういん,kōin
japanese_jlpt_n2,forcible_assertive_pushy,強引,ごういん,gōin
japanese_jlpt_n2,public_nuisance_pollution,公害,こうがい,kōgai
japanese_jlpt_n2,high_class_first_rate,高級,こうきゅう,kōkyū
japanese_jlpt_n2,public_community_communal,公共,こうきょう,kōkyō
japanese_jlpt_n2,industrial_arts,工芸,こうげい,kōgei
japanese_jlpt_n2,filial_piety,孝行,こうこう,kōkō
japanese_jlpt_n2,cross,交差,こうさ,kōsa
japanese_jlpt_n2,lecturer,講師,こうし,kōshi
japanese_jlpt_n2,construction_work,工事,こうじ,kōji
japanese_jlpt_n2,formula_formality_official,公式,こうしき,kōshiki
japanese_jlpt_n2,excuse,口実,こうじつ,kōjitsu
japanese_jlpt_n2,like_this_with_this,こうして,こうして,kōshite
japanese_jlpt_n2,school_building_schoolhouse,校舎,こうしゃ,kōsha
japanese_jlpt_n2,the_public,公衆,こうしゅう,kōshū
japanese_jlpt_n2,perfume,香水,こうすい,kōsui
japanese_jlpt_n2,justice_fairness_impartiali,公正,こうせい,kōsei
japanese_jlpt_n2,achievements_merit,功績,こうせき,kōseki
japanese_jlpt_n2,beam_light_ray,光線,こうせん,kōsen
japanese_jlpt_n2,tall_high_rise,高層,こうそう,kōsō
japanese_jlpt_n2,structure_construction,構造,こうぞう,kōzō
japanese_jlpt_n2,change_relief_alteration,交替,こうたい,kōtai
japanese_jlpt_n2,alternation_change_relief_r,交代,こうたい,kōtai
japanese_jlpt_n2,arable_land,耕地,こうち,kōchi
japanese_jlpt_n2,transportation_facilities,交通機関,こうつうきかん,kōtsū kikan
japanese_jlpt_n2,school_yard,校庭,こうてい,kōtei
japanese_jlpt_n2,positive_affirmation,肯定,こうてい,kōtei
japanese_jlpt_n2,altitude_height_advanced,高度,こうど,kōdo
japanese_jlpt_n2,high_class_high_grade,高等,こうとう,kōtō
japanese_jlpt_n2,combination_incorporation,合同,ごうどう,gōdō
japanese_jlpt_n2,senior_high_school,高等学校,こうとうがっこう,kōtōgakkō
japanese_jlpt_n2,official_announcement_procl,公表,こうひょう,kōhyō
japanese_jlpt_n2,mineral,鉱物,こうぶつ,kōbutsu
japanese_jlpt_n2,official_business_public_bu,公務,こうむ,kōmu
japanese_jlpt_n2,item,項目,こうもく,kōmoku
japanese_jlpt_n2,fall_colors_of_leaves,紅葉,こうよう,kōyō
japanese_jlpt_n2,japanese_maple,こうよう もみじ,こうよう もみじ,kōyō momiji
japanese_jlpt_n2,rational,合理,ごうり,gōri
japanese_jlpt_n2,exchange_alternating_curren,交流,こうりゅう,kōryū
japanese_jlpt_n2,confluence_merge_join,合流,ごうりゅう,gōryū
japanese_jlpt_n2,effect_efficacy,効力,こうりょく,kōryoku
japanese_jlpt_n2,to_burn_to_scorch,焦がす,こがす,kogasu
japanese_jlpt_n2,king,国王,こくおう,kokuō
japanese_jlpt_n2,nationality,こくせき,こくせき,kokuseki
japanese_jlpt_n2,national,国立,こくりつ,kokuritsu
japanese_jlpt_n2,thank_you_for_your_hard_wor,ご苦労様,ごくろうさま,gokurōsama
japanese_jlpt_n2,to_burn_to_be_burned,焦げる,こげる,kogeru
japanese_jlpt_n2,to_freeze_to_be_chilled_to_,凍える,こごえる,kogoeru
japanese_jlpt_n2,having_some_knowledge_of_ha,心当たり,こころあたり,kokoroatari
japanese_jlpt_n2,to_understand_to_have_thoro,心得る,こころえる,kokoroeru
japanese_jlpt_n2,seat_bench,腰掛け,こしかけ,koshikake
japanese_jlpt_n2,seat_bench_2,腰掛,こしかけ,koshikake
japanese_jlpt_n2,to_sit_down,腰掛ける,こしかける,koshikakeru
japanese_jlpt_n2,the_japanese_syllabary,五十音,ごじゅうおん,gojūon
japanese_jlpt_n2,to_make_to_manufacture,こしらえる,こしらえる,koshiraeru
japanese_jlpt_n2,to_rub_to_chafe_to_file_to_,擦る,こする,kosuru
japanese_jlpt_n2,an_individual,個体,こたい,kotai
japanese_jlpt_n2,thank_you_for_the_meal,ごちそうさま,ごちそうさま,gochisousama
japanese_jlpt_n2,it_is_i_who_should_say_so,こちらこそ,こちらこそ,kochirakoso
japanese_jlpt_n2,pocket_money_allowance,小遣い,こづかい,kodzukai
japanese_jlpt_n2,cook_tap_cock,コック,コック,kokku
japanese_jlpt_n2,stealthily_secretly,こっそり,こっそり,kossori
japanese_jlpt_n2,classics_classic,古典,こてん,koten
japanese_jlpt_n2,to_leave_a_message,言付ける,ことづける,kotodzuke-ru
japanese_jlpt_n2,speech_expression_wording,言葉遣い,ことばづかい,kotobadzukai
japanese_jlpt_n2,the_other_day_lately_recent,こないだ,こないだ,konaide
japanese_jlpt_n2,not_writing_or_contacting_f,御無沙汰,ごぶさた,gobusata
japanese_jlpt_n2,gum_rubber,ゴム,ゴム,gomu
japanese_jlpt_n2,declining_something_pardon_,御免,ごめん,gomen
japanese_jlpt_n2,may_i_come_in_is_anyone_her,ごめんください,ごめんください,gomen kudasai
japanese_jlpt_n2,little_finger,小指,こゆび,koyubi
japanese_jlpt_n2,to_bear_to_endure_to_put_up,堪える,こらえる,koraeru
japanese_jlpt_n2,pleasure_amusement_recreati,娯楽,ごらく,goraku
japanese_jlpt_n2,hon_look_inspection_try,御覧,ごらん,goran
japanese_jlpt_n2,collection_correction,コレクション,コレクション,korekushon
japanese_jlpt_n2,to_roll,転がす,ころがす,korogasu
japanese_jlpt_n2,to_roll_to_tumble,転がる,ころがる,korogaru
japanese_jlpt_n2,navy_blue_deep_blue,紺,こん,kon
japanese_jlpt_n2,this_current,今～,こん～,kon~
japanese_jlpt_n2,contest_fre_concours,コンクール,コンクール,konkuuru
japanese_jlpt_n2,concrete,コンクリート,コンクリート,konkuriito
japanese_jlpt_n2,mixing_mixture,混合,こんごう,kongou
japanese_jlpt_n2,consent_power_outlet,コンセント,コンセント,konsento
japanese_jlpt_n2,menu,献立,こんだて,kondate
japanese_jlpt_n2,good_evening,こんばんは,こんばんは,konbanwa
japanese_jlpt_n2,circle_sports_club_e_g_at_a,サークル,サークル,saakuru
japanese_jlpt_n2,re,再～,さい～,sai~
japanese_jlpt_n2,the_most,最～,さい～,sai~
japanese_jlpt_n2,enrolled_in_school,在学,ざいがく,zaigaku
japanese_jlpt_n2,again_and_again_repeatedly,再三,さいさん,saisan
japanese_jlpt_n2,national_holiday_festival_d,祭日,さいじつ,saijitsu
japanese_jlpt_n2,demand_urge_action_press_fo,催促,さいそく,saisoku
japanese_jlpt_n2,marking_grading,採点,さいてん,saiten
japanese_jlpt_n2,calamity_misfortune,災難,さいなん,sainan
japanese_jlpt_n2,sewing,裁縫,さいほう,saihō
japanese_jlpt_n2,lumber_timber,材木,ざいもく,zaimoku
japanese_jlpt_n2,siren,サイレン,サイレン,sairen
japanese_jlpt_n2,reverse_upside_down,逆さ,さかさ,sakasa
japanese_jlpt_n2,reverse_upside_down_2,逆様,さかさま,sakasama
japanese_jlpt_n2,to_search_to_seek_to_look_f,捜す,さがす,sagasu
japanese_jlpt_n2,to_go_back_to_date_back_asc,遡る,さかのぼる,sakanoboru
japanese_jlpt_n2,bar_bar_room,酒場,さかば,sakaba
japanese_jlpt_n2,two_days_before_yesterday_t,一昨昨日,さきおととい,sakioototoi
japanese_jlpt_n2,a_little_while_ago,先程,さきほど,sakihodo
japanese_jlpt_n2,index_indices,索引,さくいん,sakuin
japanese_jlpt_n2,author_artist,作者,さくしゃ,sakusha
japanese_jlpt_n2,elimination_deletion,削除,さくじょ,sakujo
japanese_jlpt_n2,creation_preparation_to_mak,作成,さくせい,sakusei
japanese_jlpt_n2,manufacture_production,作製,さくせい,sakusei
japanese_jlpt_n2,to_search_to_look_for_inves,探る,さぐる,saguru
japanese_jlpt_n2,to_whisper_to_murmur,囁く,ささやく,sasayaku
japanese_jlpt_n2,to_stick_to_be_stuck,刺さる,ささる,sasararu
japanese_jlpt_n2,spoon,匙,さじ,saji
japanese_jlpt_n2,tatami_room,座敷,ざしき,zashiki
japanese_jlpt_n2,hindrance_impediment,差し支え,さしつかえ,sashitsukae
japanese_jlpt_n2,deduction_balance,差し引き,さしひき,sashihiki
japanese_jlpt_n2,sliced_raw_fish,刺身,さしみ,sashimi
japanese_jlpt_n2,to_pierce_to_stab_to_prick_,刺す,さす,sasu
japanese_jlpt_n2,indeed_truly_as_one_would_e,流石,さすが,sasuga
japanese_jlpt_n2,photographing,撮影,さつえい,satsuei
japanese_jlpt_n2,noise_jarring_grating,雑音,ざつおん,zatsuon
japanese_jlpt_n2,quickly,さっさと,さっさと,sassato
japanese_jlpt_n2,at_once_immediately_promptl,早速,さっそく,sassoku
japanese_jlpt_n2,rust_color,錆,さび,sabi
japanese_jlpt_n2,to_rust_to_become_rusty,錆びる,さびる,sabiru
japanese_jlpt_n2,cushion_japanese,座布団,ざぶとん,zabuton
japanese_jlpt_n2,to_disturb_to_prevent,妨げる,さまたげる,samatageru
japanese_jlpt_n2,good_bye,さようなら,さようなら,sayounara
japanese_jlpt_n2,salaryman_company_employee,サラリーマン,サラリーマン,sararimaan
japanese_jlpt_n2,noisy,騒がしい,さわがしい,sawagashii
japanese_jlpt_n2,fresh_refreshing,さわやか,さわやか,sawayaka
japanese_jlpt_n2,triangle_triangular,三角,さんかく,sankaku
japanese_jlpt_n2,arithmetic,算数,さんすう,sansuu
japanese_jlpt_n2,acidity_acidic,酸性,さんせい,sansei
japanese_jlpt_n2,producing_area,産地,さんち,sanchi
japanese_jlpt_n2,sample,サンプル,サンプル,sanpuru
japanese_jlpt_n2,mountain_forest,山林,さんりん,sanrin
japanese_jlpt_n2,season_sporting,シーズン,シーズン,shiizun
japanese_jlpt_n2,sheet,シーツ,シーツ,shiitsu
japanese_jlpt_n2,to_be_finished,仕上がる,しあがる,shiagaru
japanese_jlpt_n2,two_days_after_tomorrow,明明後日,しあさって,shiasatte
japanese_jlpt_n2,temple,寺院,じいん,jiin
japanese_jlpt_n2,silent_as_the_grave_deathly,しいんと (する),しいんと (する),shiinto
japanese_jlpt_n2,self_defense,自衛,じえい,jie
japanese_jlpt_n2,salty_taste,塩辛,しおから,shiokara
japanese_jlpt_n2,salty_taste_2,塩辛い,しおからい,shiokarai
japanese_jlpt_n2,host_chairperson,司会,しかい,shikai
japanese_jlpt_n2,square,しかく しかくい,しかく しかくい,shikaku shikkaku i
japanese_jlpt_n2,square_2,四角い,しかくい,shikkaku i
japanese_jlpt_n2,it_can_t_be_helped_it_s_ine,仕方がない,しかたがない,shikata ga nai
japanese_jlpt_n2,timetable_schedule,時間割,じかんわり,jikanwari
japanese_jlpt_n2,four_seasons,四季,しき,shiki
japanese_jlpt_n2,site,敷地,しきち,shikichi
japanese_jlpt_n2,to_spread_out_to_lay_out,敷く,しく,shiku
japanese_jlpt_n2,to_grow_thick,茂る,しげる,shigeru
japanese_jlpt_n2,bringing_taking_carrying,持参,じさん,jisan
japanese_jlpt_n2,magnet,磁石,じしゃく,jishaku
japanese_jlpt_n2,rounding_up_fractions,四捨五入,ししゃごにゅう,shishagonyū
japanese_jlpt_n2,continuously_always_constan,始終,しじゅう,shijū
japanese_jlpt_n2,self_study,自習,じしゅう,jishū
japanese_jlpt_n2,to_quieten_down_to_calm_dow,静まる,しずまる,shizumaru
japanese_jlpt_n2,attitude_posture,姿勢,しせい,shisei
japanese_jlpt_n2,natural_science,自然科学,しぜんかがく,shizenkagaku
japanese_jlpt_n2,speed_per_hour,時速,じそく,jisoku
japanese_jlpt_n2,descendant_offspring,子孫,しそん,shison
japanese_jlpt_n2,corpse,死体,したい,shitai
japanese_jlpt_n2,rough_copy_draft,下書き,したがき,shitagaki
japanese_jlpt_n2,one_s_own_home_same_as,自宅,じたく,jitaku
japanese_jlpt_n2,old_parts_of_town,下町,したまち,shitamachi
japanese_jlpt_n2,self_government_autonomy,自治,じち,jichi
japanese_jlpt_n2,room,室～,しつ～,shitsu~
japanese_jlpt_n2,feelings_realization,実感,じっかん,jikkan
japanese_jlpt_n2,moisture_humidity_dampness,湿気,しっき,shikkei
japanese_jlpt_n2,insistent_obstinate,しつこい,しつこい,shitsukoi
japanese_jlpt_n2,practice_training,実習,じっしゅう,jisshuu
japanese_jlpt_n2,achievements_actual_results,実績,じっせき,jisseki
japanese_jlpt_n2,level_of_humidity,湿度,しつど,shitsudo
japanese_jlpt_n2,writing,執筆,しっぴつ,shippitsu
japanese_jlpt_n2,an_actual_thing,実物,じつぶつ,jitsubutsu
japanese_jlpt_n2,tail_animal,しっぽ,しっぽ,shippo
japanese_jlpt_n2,practical_use_utility,実用,じつよう,jitsuyou
japanese_jlpt_n2,real_ability_true_strength_,実力,じつりょく,jitsuryoku
japanese_jlpt_n2,example_instance,実例,じつれい,jitsurei
japanese_jlpt_n2,excuse_me_i_m_sorry,しつれいしました (かん),しつれいしました (かん),shitsurei shimashita (kan)
japanese_jlpt_n2,broken_heart_unrequited_lov,失恋,しつれん,shitsuren
japanese_jlpt_n2,designation_specification_a,指定,してい,shitei
japanese_jlpt_n2,private_railway,私鉄,してつ,shitetsu
japanese_jlpt_n2,children_juvenile,児童,じどう,jidō
japanese_jlpt_n2,to_tie_to_bind,縛る,しばる,shibaru
japanese_jlpt_n2,the_ground,地盤,じばん,jiban
japanese_jlpt_n2,to_become_numb,しびれる,しびれる,shibireru
japanese_jlpt_n2,paper_money_notes_bills,紙幣,しへい,shihei
japanese_jlpt_n2,to_wither_to_shrivel,しぼむ,しぼむ,shibomu
japanese_jlpt_n2,to_wither_of_flowers_dreams,萎む,しぼむ,shibomu
japanese_jlpt_n2,to_press_to_wring_to_squeez,絞る,しぼる,shiboru
japanese_jlpt_n2,stripe,縞,しま,shima
japanese_jlpt_n2,plain_simple_subdued_sober,地味,じみ,jimi
japanese_jlpt_n2,keenly_deeply_heartily,しみじみ,しみじみ,shimijimi
japanese_jlpt_n2,full_name,氏名,しめい,shimei
japanese_jlpt_n2,deadline,締切,しめきり,shimekiri
japanese_jlpt_n2,deadline_closing_cut_off_en,締め切り,しめきり,shimekiri
japanese_jlpt_n2,to_close_cancel,締め切る,しめきる,shimekiru
japanese_jlpt_n2,i_ve_got_it_all_right_fine,しめた (かん),しめた (かん),shimeta (kan)
japanese_jlpt_n2,to_be_wet_to_become_wet_to_,しめる,しめる,shimeru
japanese_jlpt_n2,ground_earth_s_surface,地面,じめん,jimen
japanese_jlpt_n2,journalist,ジャーナリスト,ジャーナリスト,jānaristo
japanese_jlpt_n2,social_science,社会科学,しゃかいかがく,shakaikagaku
japanese_jlpt_n2,to_squat,しゃがむ,しゃがむ,shagamu
japanese_jlpt_n2,faucet_tap,蛇口,じゃぐち,jaguchi
japanese_jlpt_n2,weak_point_weakness,弱点,じゃくてん,jakuten
japanese_jlpt_n2,garage_car_shed,車庫,しゃこ,shako
japanese_jlpt_n2,train_conductor,車掌,しゃしょう,shashō
japanese_jlpt_n2,sketching_drawing_from_natu,写生,しゃせい,shasei
japanese_jlpt_n2,editorial,社説,しゃせつ,shasetsu
japanese_jlpt_n2,hiccough_hiccup,しゃっくり,しゃっくり,shakkuri
japanese_jlpt_n2,shutter,シャッター,シャッター,shattā
japanese_jlpt_n2,to_suck_to_chew,しゃぶる,しゃぶる,shaburu
japanese_jlpt_n2,car_wheel,車輪,しゃりん,sharin
japanese_jlpt_n2,joke_pun_witticism,洒落,しゃれ,share
japanese_jlpt_n2,rock_scissors_paper_game,じゃんけん,じゃんけん,janken
japanese_jlpt_n2,heavy,重～,じゅう～,jū~
japanese_jlpt_n2,meeting_assembly,集会,しゅうかい,shūkai
japanese_jlpt_n2,dwelling_house_residence_ad,住居,じゅうきょ,jūkyo
japanese_jlpt_n2,money_collection,集金,しゅうきん,shūkin
japanese_jlpt_n2,gathering_assembly,集合,しゅうごう,shūgō
japanese_jlpt_n2,penmanship,習字,しゅうじ,shūji
japanese_jlpt_n2,repair_mending,修繕,しゅうぜん,shūzen
japanese_jlpt_n2,serious_condition_critical_,重体,じゅうたい,jūtai
japanese_jlpt_n2,carpet,じゅうたん (カーペット),じゅうたん (カーペット),jūtan (kāpetto)
japanese_jlpt_n2,terminus_last_stop_e_g_trai,終点,しゅうてん,shūten
japanese_jlpt_n2,important_point_lay_stress_,重点,じゅうてん,jūten
japanese_jlpt_n2,inauguration_assumption_of_,就任,しゅうにん,shūnin
japanese_jlpt_n2,circumference_peripheral,周辺,しゅうへん,shūhen
japanese_jlpt_n2,director_high_executive,重役,じゅうやく,jūyaku
japanese_jlpt_n2,end_close_termination,終了,しゅうりょう,shūryō
japanese_jlpt_n2,heavyweight,重量,じゅうりょう,jūryō
japanese_jlpt_n2,gravity_2,重力,じゅうりょく,jūryoku
japanese_jlpt_n2,idiom_kanji_compound,熟語,じゅくご,jukugo
japanese_jlpt_n2,national_holiday,祝日,しゅくじつ,shukujitsu
japanese_jlpt_n2,reduction_curtailment,縮小,しゅくしょう,shukushō
japanese_jlpt_n2,taking_an_examination,受験,じゅけん,juken
japanese_jlpt_n2,gram_subject,主語,しゅご,shugo
japanese_jlpt_n2,one_s_own_husband,主人,しゅじん,shujin
japanese_jlpt_n2,going_to_work_at_work,出勤,しゅっきん,shukkin
japanese_jlpt_n2,predicate,述語,じゅつご,jutsugo
japanese_jlpt_n2,official_tour_business_trip,出張,しゅっちょう,shutchō
japanese_jlpt_n2,life_span,寿命,じゅみょう,jumyou
japanese_jlpt_n2,leading_part,主役,しゅやく,shuyaku
japanese_jlpt_n2,telephone_receiver,受話器,じゅわき,juwaki
japanese_jlpt_n2,circulation_rotation_cycle,循環,じゅんかん,junkan
japanese_jlpt_n2,policeman,巡査,じゅんさ,junsa
japanese_jlpt_n2,in_order_in_turn,順々,じゅんじゅん,junjun
japanese_jlpt_n2,order_sequence_procedure,順序,じゅんじょ,junjo
japanese_jlpt_n2,pure_heart,純情,じゅんじょう,junjou
japanese_jlpt_n2,pure_genuine_unmixed,純粋,じゅんすい,junsui
japanese_jlpt_n2,first,初～,しょ～,sho~
japanese_jlpt_n2,various,諸～,しょ～,sho～
japanese_jlpt_n2,things_done_by_women,女～,じょ～,jo～
japanese_jlpt_n2,economizing,省～,しょう～,shō～
japanese_jlpt_n2,digestion,消化,しょうか,shōka
japanese_jlpt_n2,elementary_school_pupil,小学生,しょうがくせい,shōgakusei
japanese_jlpt_n2,it_is_not_worth,しょうがない,しょうがない,shōganai
japanese_jlpt_n2,japanese_chess,将棋,しょうぎ,shōgi
japanese_jlpt_n2,steam_vapor,蒸気,じょうき,jōki
japanese_jlpt_n2,measuring_ruler,定規,じょうぎ,jōgi
japanese_jlpt_n2,advanced_level_high_grade_s,上級,じょうきゅう,jōkyū
japanese_jlpt_n2,commerce_trade_business,商業,しょうぎょう,shōgyō
japanese_jlpt_n2,passive,消極的,しょうきょくてき,shōkyokuteki
japanese_jlpt_n2,prize_monetary_award,賞金,しょうきん,shōkin
japanese_jlpt_n2,high_and_low_up_and_down,上下,じょうげ,jōge
japanese_jlpt_n2,paper_sliding_door,障子,しょうじ,shōji
japanese_jlpt_n2,trading_company,商社,しょうしゃ,shōsha
japanese_jlpt_n2,taking_a_train_entraining,乗車,じょうしゃ,jōsha
japanese_jlpt_n2,first_10_days_of_month,上旬,じょうじゅん,jōjun
japanese_jlpt_n2,fraction_part_of_decimal,小数,しょうすう,shōsū
japanese_jlpt_n2,to_cause_to_arise_to_be_gen,生ずる,しょうずる,shōzuru
japanese_jlpt_n2,shop_business_firm,商店,しょうてん,shōten
japanese_jlpt_n2,focus_point,焦点,しょうてん,shōten
japanese_jlpt_n2,disinfection,消毒,しょうどく,shōdoku
japanese_jlpt_n2,victory_or_defeat_issue_of_,勝敗,しょうはい,shōhai
japanese_jlpt_n2,evaporation_unexplained_dis,蒸発,じょうはつ,jōhatsu
japanese_jlpt_n2,prize_trophy,賞品,しょうひん,shōhin
japanese_jlpt_n2,refined_elegant_well_manner,上品,じょうひん,jōhin
japanese_jlpt_n2,victory_or_defeat_game,勝負,しょうぶ,shōbu
japanese_jlpt_n2,col_urine_piss,小便,しょうべん,shōben
japanese_jlpt_n2,fire_station,消防署,しょうぼうしょ,shōbōsho
japanese_jlpt_n2,net_weight,正味,しょうみ,shōmi
japanese_jlpt_n2,front,正面,しょうめん,shōmen
japanese_jlpt_n2,exhaustion_consumption,消耗,しょうもう,shōmō
japanese_jlpt_n2,omission_abbreviation_abrid,省略,しょうりゃく,shōryaku
japanese_jlpt_n2,elementary_level,初級,しょきゅう,shokyū
japanese_jlpt_n2,assistant_professor,助教授,じょきょうじゅ,jokyōju
japanese_jlpt_n2,table_salt,食塩,しょくえん,shokuen
japanese_jlpt_n2,artisan_craftsman,職人,しょくにん,shokunin
japanese_jlpt_n2,workplace,職場,しょくば,shokuba
japanese_jlpt_n2,first_10_days_of_the_month,初旬,しょじゅん,shojun
japanese_jlpt_n2,book_publication,書籍,しょせき,shoseki
japanese_jlpt_n2,tableware,食器,しょっき,shokki
japanese_jlpt_n2,a_shop,ショップ,ショップ,shoppu
japanese_jlpt_n2,bookshop,書店,しょてん,shoten
japanese_jlpt_n2,calligraphy,書道,しょどう,shodō
japanese_jlpt_n2,elements_rudiments,初歩,しょほ,shoho
japanese_jlpt_n2,white_or_grey_hair_trendy_h,白髪,しらが,shiraga
japanese_jlpt_n2,series,シリーズ,シリーズ,shirīzu
japanese_jlpt_n2,acquaintance,知り合い,しりあい,shiriai
japanese_jlpt_n2,private_establishment,私立,しりつ,shiritsu
japanese_jlpt_n2,materials_data,資料,しりょう,shiryō
japanese_jlpt_n2,juice_soup,汁,しる,shiru
japanese_jlpt_n2,layman_amateur_novice,素人,しろうと,shirōto
japanese_jlpt_n2,wrinkles_creases,しわ (かおの～),しわ (かおの～),shiwa (kao no~)
japanese_jlpt_n2,core_heart_wick,芯,しん,shin
japanese_jlpt_n2,shinkansen_bullet_train,新幹線,しんかんせん,Shinkansen
japanese_jlpt_n2,vacuum,真空,しんくう,shinkū
japanese_jlpt_n2,human_resources_personnel_m,人事,じんじ,jinji
japanese_jlpt_n2,mind_and_body,心身,しんしん,shinshin
japanese_jlpt_n2,to_believe,信ずる,しんずる,shinzuru
japanese_jlpt_n2,application_request_petitio,申請,しんせい,shinsei
japanese_jlpt_n2,man_made_synthetic_artifici,人造,じんぞう,jinzō
japanese_jlpt_n2,bed,寝台,しんだい,shindai
japanese_jlpt_n2,diagnosis,診断,しんだん,shindan
japanese_jlpt_n2,invasion_raid_trespass,侵入,しんにゅう,shinnyū
japanese_jlpt_n2,social_sciences_humanities,人文科学,じんぶんかがく,jinbun kagaku
japanese_jlpt_n2,human_life,人命,じんめい,jinmei
japanese_jlpt_n2,late_at_night,深夜,しんや,shinya
japanese_jlpt_n2,forest_woods,森林,しんりん,shinrin
japanese_jlpt_n2,relative_s_same_as,親類,しんるい,shinrui
japanese_jlpt_n2,course_direction,針路,しんろ,shinro
japanese_jlpt_n2,myth_legend,神話,しんわ,shinwa
japanese_jlpt_n2,vinegar,酢,す,su
japanese_jlpt_n2,marine_products_fisheries,水産,すいさん,suisan
japanese_jlpt_n2,cooking,炊事,すいじ,suiji
japanese_jlpt_n2,water_vapor_steam,水蒸気,すいじょうき,suijōki
japanese_jlpt_n2,hydrogen,水素,すいそ,suiso
japanese_jlpt_n2,vertical_perpendicular,垂直,すいちょく,suichoku
japanese_jlpt_n2,presumption_assumption_esti,推定,すいてい,suitei
japanese_jlpt_n2,drop_of_water,水滴,すいてき,suiteki
japanese_jlpt_n2,canteen_flask_water_bottle,水筒,すいとう,suitou
japanese_jlpt_n2,essays_miscellaneous_writin,随筆,ずいひつ,zuihitsu
japanese_jlpt_n2,moisture,水分,すいぶん,suibun
japanese_jlpt_n2,level_horizontal,水平,すいへい,suihei
japanese_jlpt_n2,horizon,水平線,すいへいせん,suiheisen
japanese_jlpt_n2,water_s_surface,水面,すいめん,suimen
japanese_jlpt_n2,wednesday,水曜,すいよう,suiyou
japanese_jlpt_n2,impudent_shameless_2,図々しい,ずうずうしい,zuuzuushii
japanese_jlpt_n2,all_the_time_all_the_way,ずうっと,ずうっと,zuutto
japanese_jlpt_n2,youngest_child,末っ子,すえっこ,suekko
japanese_jlpt_n2,scarf,スカーフ,スカーフ,sukāfu
japanese_jlpt_n2,picture_book,図鑑,ずかん,zukan
japanese_jlpt_n2,unguarded_moment_chance,隙,すき,suki
japanese_jlpt_n2,japanese_cedar,杉,すぎ,sugi
japanese_jlpt_n2,likes_and_dislikes_taste,好き嫌い,すききらい,sukikirai
japanese_jlpt_n2,matter_of_taste,好き好き,すきずき,sukizuki
japanese_jlpt_n2,to_be_come_transparent,透き通る,すきとおる,sukitooru
japanese_jlpt_n2,crack_gap_opening,隙間,すきま,sukima
japanese_jlpt_n2,school,スクール,スクール,sukūru
japanese_jlpt_n2,at_least,少なくとも,すくなくとも,sukunakutomo
japanese_jlpt_n2,figure,図形,ずけい,zukei
japanese_jlpt_n2,bell,鈴,すず,suzu
japanese_jlpt_n2,to_cool_oneself_to_cool_off,涼む,すずむ,suzumu
japanese_jlpt_n2,start,スタート,スタート,sutāto
japanese_jlpt_n2,stewardess,スチュワーデス,スチュワーデス,suchuwādesu
japanese_jlpt_n2,shapely_clear_neat,すっきり,すっきり,sukkiri
japanese_jlpt_n2,stage_performance,ステージ,ステージ,sutēji
japanese_jlpt_n2,stockings,ストッキング,ストッキング,sutokkingu
japanese_jlpt_n2,stop,ストップ,ストップ,sutoppu
japanese_jlpt_n2,obedient_meek_docile,素直,すなお,sunao
japanese_jlpt_n2,head_brains_intellect,頭脳,ずのう,zunou
japanese_jlpt_n2,speaker,スピーカー,スピーカー,supiikaa
japanese_jlpt_n2,chart_diagram_graph,図表,ずひょう,zuhyou
japanese_jlpt_n2,smart_stylish_slim,スマート,スマート,sumāto
japanese_jlpt_n2,dwelling_house,住まい,すまい,sumai
japanese_jlpt_n2,sorry_phrase,すまない,すまない,sumanai
japanese_jlpt_n2,sumo_wrestling,相撲,すもう,sumou
japanese_jlpt_n2,slide,スライド,スライド,suraido
japanese_jlpt_n2,to_put_off_to_delay,ずらす,ずらす,zurasu
japanese_jlpt_n2,in_a_line_in_a_row,ずらり,ずらり,zurari
japanese_jlpt_n2,slippers,スリッパ,スリッパ,surippa
japanese_jlpt_n2,to_print,する,する,suru
japanese_jlpt_n2,sly_cunning,狡い,ずるい,zurui
japanese_jlpt_n2,measurement_size_dimension,寸法,すんぽう,sunpou
japanese_jlpt_n2,surname_family_name,姓,せい,sei
japanese_jlpt_n2,customs,税関,ぜいかん,zeikan
japanese_jlpt_n2,manufacture_production_2,製作,せいさく,seisaku
japanese_jlpt_n2,work_e_g_film_book,制作,せいさく,seisaku
japanese_jlpt_n2,nature_property_disposition,性質,せいしつ,seishitsu
japanese_jlpt_n2,clean_copy,清書,せいしょ,seisho
japanese_jlpt_n2,youth_young_person,青少年,せいしょうねん,seishōnen
japanese_jlpt_n2,integer,整数,せいすう,seisū
japanese_jlpt_n2,cleaning,清掃,せいそう,seisō
japanese_jlpt_n2,existence_being_survival,生存,せいぞん,seizon
japanese_jlpt_n2,growth_of_a_plant,生長,せいちょう,seichō
japanese_jlpt_n2,member_of_political_party,政党,せいとう,seitō
japanese_jlpt_n2,date_of_birth,生年月日,せいねんがっぴ,seinengappi
japanese_jlpt_n2,ability_capability,性能,せいのう,seinō
japanese_jlpt_n2,maintenance_overhaul,整備,せいび,seibi
japanese_jlpt_n2,ingredient_component_compos,成分,せいぶん,seibun
japanese_jlpt_n2,sex_gender,性別,せいべつ,seibetsu
japanese_jlpt_n2,square_3,正方形,せいほうけい,seihōkei
japanese_jlpt_n2,main_gate_main_entrance,正門,せいもん,seimon
japanese_jlpt_n2,formation_establishment_com,成立,せいりつ,seiritsu
japanese_jlpt_n2,christian_era_after_christ_,西暦,せいれき,seireki
japanese_jlpt_n2,to_be_burdened_with_to_carr,背負う,せおう,seou
japanese_jlpt_n2,equator,赤道,せきどう,sekidō
japanese_jlpt_n2,with_trouble_at_great_pains,折角,せっかく,sekkaku
japanese_jlpt_n2,getting_closer_drawing_near,接近,せっきん,sekkin
japanese_jlpt_n2,to_attend_to_someone_to_ass,接する,せっする,sessuru
japanese_jlpt_n2,busily_away,せっせと,せっせと,sesseto
japanese_jlpt_n2,connection_union_join_link_,接続,せつぞく,setsuzoku
japanese_jlpt_n2,earthenware_crockery_china,瀬戸物,せともの,setomono
japanese_jlpt_n2,by_all_means_with_sense_of_,ぜひとも,ぜひとも,zehitomo
japanese_jlpt_n2,to_draw_near_to_press,迫る,せまる,semaru
japanese_jlpt_n2,seminar,ゼミ,ゼミ,zemi
japanese_jlpt_n2,at_least_2,せめて,せめて,semete
japanese_jlpt_n2,to_attack_to_assault_to_ass,攻める,せめる,semeru
japanese_jlpt_n2,cement,セメント,セメント,semento
japanese_jlpt_n2,speech_words_one_s_lines_re,台詞,せりふ,serifu
japanese_jlpt_n2,stopper_cork_stopcock,栓,せん,sen
japanese_jlpt_n2,former_late_past,前～,ぜん～,zen
japanese_jlpt_n2,front_and_back_before_and_a,前後,ぜんご,zengo
japanese_jlpt_n2,detergent_cleanser_cleaning,洗剤,せんざい,senzai
japanese_jlpt_n2,complete_works,全集,ぜんしゅう,zenshū
japanese_jlpt_n2,whole_body_full_length_e_g_,全身,ぜんしん,zenshin
japanese_jlpt_n2,folding_fan,扇子,せんす,sensu
japanese_jlpt_n2,despotism_autocracy,専制,せんせい,sensei
japanese_jlpt_n2,month_before_last,先々月,せんせんげつ,sensengetsu
japanese_jlpt_n2,2_weeks_before,先々週,せんせんしゅう,sensenshū
japanese_jlpt_n2,ancestor,先祖,せんぞ,senzo
japanese_jlpt_n2,pointed_end_tip,先端,せんたん,sentan
japanese_jlpt_n2,centimeter,センチ,センチ,senchi
japanese_jlpt_n2,publicity_advertisement_adv,宣伝,せんでん,senden
japanese_jlpt_n2,head_lead_vanguard,先頭,せんとう,sentō
japanese_jlpt_n2,the_whole_general,全般,ぜんぱん,zenpan
japanese_jlpt_n2,electric_fan,扇風機,せんぷうき,senpūki
japanese_jlpt_n2,wash_up_one_s_face_have_a_w,洗面,せんめん,senmen
japanese_jlpt_n2,all_one_s_power_whole_energ,全力,ぜんりょく,zenryoku
japanese_jlpt_n2,line_track_roadbed,線路,せんろ,senro
japanese_jlpt_n2,gross_general_entire,総～,そう～,sō~
japanese_jlpt_n2,difference_discrepancy_vari,相違,そうい,sōi
japanese_jlpt_n2,which_reminds_me,そういえば,そういえば,sōieba
japanese_jlpt_n2,house_cloth_dust_cloth,雑巾,ぞうきん,zōkin
japanese_jlpt_n2,increase_and_decrease_fluct,増減,ぞうげん,zōgen
japanese_jlpt_n2,storehouse_warehouse,倉庫,そうこ,sōko
japanese_jlpt_n2,mutual_reciprocal,相互,そうご,sōgo
japanese_jlpt_n2,production_creation_work,創作,そうさく,sōsaku
japanese_jlpt_n2,funeral,葬式,そうしき,sōshiki
japanese_jlpt_n2,shipbuilding,造船,ぞうせん,zōsen
japanese_jlpt_n2,noisy_boisterous,騒々しい,そうぞうしい,sōzōshii
japanese_jlpt_n2,increase_growth,増大,ぞうだい,zōdai
japanese_jlpt_n2,softly_cautiously_gently,そうっと,そうっと,sōtto
japanese_jlpt_n2,farewell_send_off,送別,そうべつ,sōbetsu
japanese_jlpt_n2,japanese_sandals_footwear,草履,ぞうり,zōri
japanese_jlpt_n2,prime_minister,総理大臣,そうりだいじん,sōridaijin
japanese_jlpt_n2,postage_carriage,送料,そうりょう,sōryō
japanese_jlpt_n2,to_belong_to_to_come_under,属する,ぞくする,zokusuru
japanese_jlpt_n2,successively_one_after_anot,続々,ぞくぞく,zokuzoku
japanese_jlpt_n2,express_special_delivery,速達,そくたつ,sōkutatsu
japanese_jlpt_n2,measurement,測定,そくてい,sokutei
japanese_jlpt_n2,measurement_surveying,測量,そくりょう,sokuryō
japanese_jlpt_n2,speed,速力,そくりょく,sokuryoku
japanese_jlpt_n2,talent_capability,素質,そしつ,soshitsu
japanese_jlpt_n2,ancestor_s,祖先,そせん,so-sen
japanese_jlpt_n2,careless_thoughtless,そそっかしい,そそっかしい,sosokkashī
japanese_jlpt_n2,frank_candid_honest,卒直,そっちょく,socchoku
japanese_jlpt_n2,frank_candid_straightforwar,率直,そっちょく,socchoku
japanese_jlpt_n2,in_those_days_at_that_time_,そのころ,そのころ,sonokoro
japanese_jlpt_n2,hence_for_that_reason,そのため,そのため,sonotame
japanese_jlpt_n2,besides,その他,そのほか,sono hoka
japanese_jlpt_n2,soba_buckwheat_noodles,そば,そば,soba
japanese_jlpt_n2,to_shave,剃る,そる,soru
japanese_jlpt_n2,though_although,それなのに,それなのに,sore nano ni
japanese_jlpt_n2,if_that_s_the_case_if_so_th,それなら,それなら,sorara
japanese_jlpt_n2,that_s_not_good,それはいけませんね (かん),それはいけませんね (かん),sore wa ikemasen ne (kan)
japanese_jlpt_n2,to_stray_turn_from_subject_,逸れる,それる,soreru
japanese_jlpt_n2,to_collect_to_gather_to_get,揃える,そろえる,soroeru
japanese_jlpt_n2,abacus,算盤,そろばん,soroban
japanese_jlpt_n2,humble_to_know,存じる,ぞんじる,zonjiru
japanese_jlpt_n2,humble_to_know_2,存ずる,ぞんずる,zonzuru
japanese_jlpt_n2,loss_and_gain_advantage_and,損得,そんとく,sontoku
japanese_jlpt_n2,th_2,第～,だい～,dai~
japanese_jlpt_n2,tire_tyre,タイア,タイア,taia
japanese_jlpt_n2,first_foremost_nbsp_nbsp_1,だいいち (とりわけ),だいいち (とりわけ),daiichi (toriwake)
japanese_jlpt_n2,graduate_school,大学院,だいがくいん,daigakuin
japanese_jlpt_n2,carpenter,大工,だいく,daiku
japanese_jlpt_n2,system_organization,体系,たいけい,taikei
japanese_jlpt_n2,drum_tambourine,太鼓,たいこ,taiko
japanese_jlpt_n2,counter_plan_counter_measur,対策,たいさく,taisaku
japanese_jlpt_n2,not_so_much_not_very,大して,たいして,taishite
japanese_jlpt_n2,contrast_antithesis_compari,対照,たいしょう,taishō
japanese_jlpt_n2,size,大小,だいしょう,daishō
japanese_jlpt_n2,order_system_structure,体制,たいせい,taisei
japanese_jlpt_n2,capacity_volume,体積,たいせき,taiseki
japanese_jlpt_n2,very_much_greatly,大層,たいそう,taisō
japanese_jlpt_n2,gymnastics_physical_exercis,体操,たいそう,taisō
japanese_jlpt_n2,considerably_greatly_a_lot,大分,だいぶん,daibun
japanese_jlpt_n2,large_tree,大木,たいぼく,taiboku
japanese_jlpt_n2,title_caption_heading,題名,だいめい,daimei
japanese_jlpt_n2,pronoun,代名詞,だいめいし,daimeishi
japanese_jlpt_n2,diagram,ダイヤグラム,ダイヤグラム,daiyaguramu
japanese_jlpt_n2,diamond,ダイヤモンド,ダイヤモンド,daiyamondo
japanese_jlpt_n2,dial,ダイヤル,ダイヤル,daiyaru
japanese_jlpt_n2,confrontation_opposition_an,対立,たいりつ,tairitsu
japanese_jlpt_n2,rice_planting,田植え,たうえ,taue
japanese_jlpt_n2,constantly,絶えず,たえず,taezu
japanese_jlpt_n2,ellipse,楕円,だえん,daen
japanese_jlpt_n2,to_raise_to_lift_to_boost_t,高める,たかめる,takameru
japanese_jlpt_n2,to_till_to_plow_to_cultivat,耕す,たがやす,tagayasu
japanese_jlpt_n2,waterfall,滝,たき,taki
japanese_jlpt_n2,to_save_to_store_to_lay_in_,蓄える,たくわえる,takuwaeru
japanese_jlpt_n2,bamboo,竹,たけ,take
japanese_jlpt_n2,here_i_am_i_m_home,ただいま,ただいま,tadaima
japanese_jlpt_n2,but_however_provided_that,但し,ただし,tadashi
japanese_jlpt_n2,to_fold_e_g_clothes_umbrell,畳む,たたむ,tatamu
japanese_jlpt_n2,to_stop_to_halt_to_stand_st,立ち止まる,たちどまる,tachidomaru
japanese_jlpt_n2,instantly_suddenly_all_at_o,たちまち,たちまち,tachimachi
japanese_jlpt_n2,to_be_erected_to_be_built,建つ,たつ,tatsu
japanese_jlpt_n2,derailment_digression,脱線,だっせん,dassen
japanese_jlpt_n2,proper_appropriate,妥当,だとう,datou
japanese_jlpt_n2,to_compare_to_liken,例える,たとえる,tatoeru
japanese_jlpt_n2,reliable_promising,頼もしい,たのもしい,tanomoshii
japanese_jlpt_n2,tabi_japanese_socks_with_sp,足袋,たび,tabi
japanese_jlpt_n2,double,ダブル,ダブル,daburu
japanese_jlpt_n2,dam,ダム,ダム,damu
japanese_jlpt_n2,a_sigh,溜息,ためいき,tameiki
japanese_jlpt_n2,to_be_hesitant,ためらう,ためらう,tamerau
japanese_jlpt_n2,slovenly_loose_a_slut,だらしない,だらしない,darashinai
japanese_jlpt_n2,to_be_sufficient_to_be_enou,足る,たる,taru
japanese_jlpt_n2,short,短～,たん～,tan-
japanese_jlpt_n2,gradation_grade_stage,段階,だんかい,dankai
japanese_jlpt_n2,short_term,短期,たんき,tanki
japanese_jlpt_n2,coal_mine_coal_pit,炭鉱,たんこう,tankō
japanese_jlpt_n2,defect_weak_point_disadvant,短所,たんしょ,tansho
japanese_jlpt_n2,chest_of_drawers,たんす,たんす,tansu
japanese_jlpt_n2,fresh_water,淡水,たんすい,tansi
japanese_jlpt_n2,water_outage,断水,だんすい,dansui
japanese_jlpt_n2,singular_number,単数,たんすう,tansū
japanese_jlpt_n2,housing_complex,団地,だんち,danchi
japanese_jlpt_n2,conclusion_decision,断定,だんてい,dantei
japanese_jlpt_n2,short_e_g_story_film,短編,たんぺん,tanpen
japanese_jlpt_n2,paddy_field_farm,田ぼ,たんぼ,tanbo
japanese_jlpt_n2,to_swear_to_vow,誓う,ちかう,chikau
japanese_jlpt_n2,underground_water,地下水,ちかすい,chikasui
japanese_jlpt_n2,soon_before_long,近々,ちかぢか,chikajika
japanese_jlpt_n2,to_bring_near_to_put_close_,近付ける,ちかづける,chikazukeru
japanese_jlpt_n2,to_approach_to_draw_near,近寄る,ちかよる,chikayoru
japanese_jlpt_n2,powerful_strong_vigorous,力強い,ちからづよい,chikaradzuyoi
japanese_jlpt_n2,to_cut_up_fine_to_pick_frui,ちぎる,ちぎる,chigiru
japanese_jlpt_n2,geological_features,地質,ちしつ,chishitsu
japanese_jlpt_n2,friend_acquaintance,知人,ちじん,chijin
japanese_jlpt_n2,area_zone,地帯,ちたい,chitai
japanese_jlpt_n2,to_shrink_to_be_contracted,縮む,ちぢむ,chijimu
japanese_jlpt_n2,to_shorten_to_reduce_to_shr,縮める,ちぢめる,chijimeru
japanese_jlpt_n2,to_be_wavy_to_be_curled,縮れる,ちぢれる,chijireru
japanese_jlpt_n2,gratuity_tip_chip,チップ,チップ,chippu
japanese_jlpt_n2,site_point_on_a_map,地点,ちてん,chiten
japanese_jlpt_n2,place_name,地名,ちめい,chimei
japanese_jlpt_n2,brown,茶色い,ちゃいろい,chairoi
japanese_jlpt_n2,steadily,着々,ちゃくちゃく,chaku chaku
japanese_jlpt_n2,middle_midway_interim,中間,ちゅうかん,chūkan
japanese_jlpt_n2,second_third_of_a_month,中旬,ちゅうじゅん,chūjun
japanese_jlpt_n2,abstract,抽象,ちゅうしょう,chūshō
japanese_jlpt_n2,middle_ages_medieval_times,中世,ちゅうせい,chūsei
japanese_jlpt_n2,neuter_gender_neutral,中性,ちゅうせい,chūsei
japanese_jlpt_n2,in_the_middle_half_way,中途,ちゅうと,chūto
japanese_jlpt_n2,middle_aged,中年,ちゅうねん,chūnen
japanese_jlpt_n2,chalk,チョーク,チョーク,chōku
japanese_jlpt_n2,long,長～,ちょう～,chō~
japanese_jlpt_n2,excess_being_more_than,超過,ちょうか,chōka
japanese_jlpt_n2,carving_engraving_sculpture,彫刻,ちょうこく,chōkoku
japanese_jlpt_n2,strong_point_merit_advantag,長所,ちょうしょ,chōsho
japanese_jlpt_n2,eldest_daughter,長女,ちょうじょ,chōjo
japanese_jlpt_n2,regulation_adjustment_tunin,調整,ちょうせい,chōsei
japanese_jlpt_n2,regulation_adjustment_contr,調節,ちょうせつ,chōsetsu
japanese_jlpt_n2,length_long_and_short,長短,ちょうたん,chōtan
japanese_jlpt_n2,top_summit,頂点,ちょうてん,chōten
japanese_jlpt_n2,eldest_son,長男,ちょうなん,chōnan
japanese_jlpt_n2,rectangle_oblong,長方形,ちょうほうけい,chōhōkei
japanese_jlpt_n2,condiment_seasoning,調味料,ちょうみりょう,chōmiryō
japanese_jlpt_n2,immediately_following,直後,ちょくご,chokugo
japanese_jlpt_n2,straight_line,直線,ちょくせん,chokusen
japanese_jlpt_n2,just_before,直前,ちょくぜん,chokuzen
japanese_jlpt_n2,direct_connection,直通,ちょくつう,chokutsū
japanese_jlpt_n2,direct_current,直流,ちょくりゅう,chokuryū
japanese_jlpt_n2,storage_preservation,貯蔵,ちょぞう,chozō
japanese_jlpt_n2,right_angle,直角,ちょっかく,chokkaku
japanese_jlpt_n2,diameter,直径,ちょっけい,chokkei
japanese_jlpt_n2,to_scatter_around_to_leave_,散らかす,ちらかす,chirakasu
japanese_jlpt_n2,to_be_in_disorder,散らかる,ちらかる,chirakaru
japanese_jlpt_n2,tissue_paper_toilet_paper,塵紙,ちりがみ,chirigami
japanese_jlpt_n2,addition_supplement_appendi,追加,ついか,tsuika
japanese_jlpt_n2,opportunity_occasion,ついで,ついで,tsuide
japanese_jlpt_n2,currency,つうか,つうか,tsūka
japanese_jlpt_n2,commuting_to_work,通勤,つうきん,tsūkin
japanese_jlpt_n2,to_lead_to_run_to_open,通ずる,つうずる,tsūzuru
japanese_jlpt_n2,notice_notification,通知,つうち,tsuuchi
japanese_jlpt_n2,bankbook,通帳,つうちょう,tsūchō
japanese_jlpt_n2,interpretation_i_e_oral_tra,通訳,つうやく,tsūyaku
japanese_jlpt_n2,popular_use_circulation,通用,つうよう,tsūyō
japanese_jlpt_n2,passage_pathway,通路,つうろ,tsūro
japanese_jlpt_n2,end_e_g_of_street,突き当たり,つきあたり,tsukiatari
japanese_jlpt_n2,to_run_into_to_collide_with,突き当たる,つきあたる,tsukiataru
japanese_jlpt_n2,time_years_days,月日,つきひ,tsukihi
japanese_jlpt_n2,to_follow_to_come_after_to_,次ぐ,つぐ,tsugu
japanese_jlpt_n2,to_spread_of_a_rumor_news_e,伝わる,つたわる,tsutawaru
japanese_jlpt_n2,to_plunge_into_to_stick_int,突っ込む,つっこむ,tsukkomu
japanese_jlpt_n2,to_serve_to_act,務める,つとめる,tsutomeru
japanese_jlpt_n2,to_try_to_aim,努める,つとめる,tsutomeru
japanese_jlpt_n2,rope,綱,つな,tsuna
japanese_jlpt_n2,connection_link_relationshi,繋がり,つながり,tsunagari
japanese_jlpt_n2,to_be_tied_together_to_be_c,繋がる,つながる,tsunagaru
japanese_jlpt_n2,grain,粒,つぶ,tsubu
japanese_jlpt_n2,to_smash_to_waste,潰す,つぶす,tsubusu
japanese_jlpt_n2,to_be_smashed_to_go_bankrup,潰れる,つぶれる,tsubureru
japanese_jlpt_n2,to_stumble_to_trip,つまずく,つまずく,tsumazuku
japanese_jlpt_n2,to_trip_over_to_stumble,躓く,つまずく,tsumazuku
japanese_jlpt_n2,to_be_blocked_to_be_packed,詰まる,つまる,tsumaru
japanese_jlpt_n2,to_pile_up_to_stack,積む,つむ,tsumu
japanese_jlpt_n2,fingernail_or_toenail,爪,つめ,tsume
japanese_jlpt_n2,gloss_glaze,艶,つや,tsuya
japanese_jlpt_n2,firm_strong,強気,つよき,tsuyoki
japanese_jlpt_n2,to_balance_to_be_in_harmony,釣り合う,つりあう,tsuriau
japanese_jlpt_n2,to_hang,吊る,つる,tsuru
japanese_jlpt_n2,to_hang_2,吊す,つるす,tsurusu
japanese_jlpt_n2,theme_project_topic_ger_the,テーマ,テーマ,tēma
japanese_jlpt_n2,restroom_lavatory,手洗い,てあらい,tearai
japanese_jlpt_n2,low,低～,てい～,tei～
japanese_jlpt_n2,fixed_number_of_regular_per,定員,ていいん,teiin
japanese_jlpt_n2,established_price,定価,ていか,teika
japanese_jlpt_n2,fall_decline,低下,ていか,teika
japanese_jlpt_n2,commuter_pass_season_ticket,定期券,ていきけん,teikiken
japanese_jlpt_n2,regular_holiday,定休日,ていきゅうび,teikyuubi
japanese_jlpt_n2,suspension_interruption_sto,停止,ていし,teishi
japanese_jlpt_n2,stopping_e_g_train,停車,ていしゃ,teisha
japanese_jlpt_n2,power_outage_electricity_ou,停電,ていでん,teiden
japanese_jlpt_n2,in_and_out_coming_and_going,出入り,でいり,deiri
japanese_jlpt_n2,exit_and_entrance,出入口,でいりぐち,deiriguchi
japanese_jlpt_n2,exit_and_entrance_2,出入り口,でいりぐち,deiriguchi
japanese_jlpt_n2,repairs_maintenance,手入れ,ていれ,teire
japanese_jlpt_n2,be_finished_ready,出来上がり,できあがり,dekiagari
japanese_jlpt_n2,to_be_finished_to_be_ready,出来上がる,できあがる,dekiagaru
japanese_jlpt_n2,precise_accurate,的確,てきかく,tekikaku
japanese_jlpt_n2,precise_accurate_2,適確,てきかく,tekikaku
japanese_jlpt_n2,wrist,手首,てくび,tekubi
japanese_jlpt_n2,unevenness_roughness_rugged,凸凹,でこぼこ,dekoboko
japanese_jlpt_n2,moderate_handy,手頃,てごろ,te-goro
japanese_jlpt_n2,handy_convenient_suitable_r,手ごろ,てごろ,te-goro
japanese_jlpt_n2,pupil_disciple_apprentice,弟子,でし,deshi
japanese_jlpt_n2,irresponsible_utterance_non,でたらめ,でたらめ,detarame
japanese_jlpt_n2,notebook,手帳,てちょう,techō
japanese_jlpt_n2,iron_bridge,鉄橋,てっきょう,tekkyō
japanese_jlpt_n2,procedure_legal_process_for,手続き,てつづき,tetsuzuki
japanese_jlpt_n2,gun,鉄砲,てっぽう,teppō
japanese_jlpt_n2,tennis_court,テニスコート,テニスコート,tenisukōto
japanese_jlpt_n2,hand_towel,手拭い,てぬぐい,tenugui
japanese_jlpt_n2,before_this_side,手前,てまえ,temae
japanese_jlpt_n2,meeting_reception,出迎え,でむかえ,demukae
japanese_jlpt_n2,to_meet_to_greet,出迎える,でむかえる,demukaeru
japanese_jlpt_n2,to_shine_on_to_illuminate,照らす,てらす,terasu
japanese_jlpt_n2,to_shine,照る,てる,teru
japanese_jlpt_n2,develop_expansion_opposite_,展開,てんかい,tenkai
japanese_jlpt_n2,biography_life_story,伝記,でんき,denki
japanese_jlpt_n2,light_bulb,電球,でんきゅう,denkyuu
japanese_jlpt_n2,marks_points_score,点数,てんすう,tensuu
japanese_jlpt_n2,contagion,伝染,でんせん,densen
japanese_jlpt_n2,battery,電池,でんち,denchi
japanese_jlpt_n2,telephone_pole_telegraph_po,電柱,でんちゅう,denchuu
japanese_jlpt_n2,here_and_there_little_by_li,点々,てんてん,tenten
japanese_jlpt_n2,from_one_to_another,転々,てんてん,ten ten
japanese_jlpt_n2,emperor_of_japan,天皇,てんのう,tennō
japanese_jlpt_n2,electro_magnetic_wave,電波,でんぱ,denpa
japanese_jlpt_n2,tempo,テンポ,テンポ,tenpo
japanese_jlpt_n2,electric_current,電流,でんりゅう,denryū
japanese_jlpt_n2,electric_power,電力,でんりょく,denryoku
japanese_jlpt_n2,inquiry,問い合わせ,といあわせ,toiawase
japanese_jlpt_n2,copper,銅,どう,dō
japanese_jlpt_n2,same,同～,どう～,dō~
japanese_jlpt_n2,you_are_welcome_don_t_menti,どういたしまして (かん),どういたしまして (かん),dō itashimashite (kan)
japanese_jlpt_n2,unity_consolidation_uniform,統一,とういつ,tōitsu
japanese_jlpt_n2,the_same_rank_equality_appo,同格,どうかく,dōkaku
japanese_jlpt_n2,ridge_mountain_pass_difficu,峠,とうげ,tōge
japanese_jlpt_n2,statistics,統計,とうけい,tōkei
japanese_jlpt_n2,action_movements_motions,動作,どうさ,dōsa
japanese_jlpt_n2,east_and_west_whole_country,東西,とうざい,tōzai
japanese_jlpt_n2,appointed_day_very_day,当日,とうじつ,tōjitsu
japanese_jlpt_n2,letter_to_the_editor_letter,投書,とうしょ,tōsho
japanese_jlpt_n2,entry_on_stage,登場,とうじょう,tōjō
japanese_jlpt_n2,anyhow_in_any_case_at_any_r,どうせ,どうせ,dōse
japanese_jlpt_n2,lighthouse,灯台,とうだい,tōdai
japanese_jlpt_n2,theft_robbery,盗難,とうなん,tōnan
japanese_jlpt_n2,being_on_duty,当番,とうばん,tōban
japanese_jlpt_n2,division_into_equal_parts,等分,とうぶん,tōbun
japanese_jlpt_n2,transparency_cleanness,透明,とうめい,tōmei
japanese_jlpt_n2,lamp_oil_kerosene,灯油,とうゆ,tōyu
japanese_jlpt_n2,the_east_the_orient,東洋,とうよう,tōyō
japanese_jlpt_n2,fairy_tale,童話,どうわ,dōwa
japanese_jlpt_n2,to_happen_to_pass_by,通り掛かる,とおりかかる,tōrikakaru
japanese_jlpt_n2,to_melt_to_dissolve,溶かす,とかす,tokasu
japanese_jlpt_n2,to_taper_to_a_point_to_beco,尖る,とがる,togakru
japanese_jlpt_n2,throb_beat_fast,どきどき,どきどき,dokidoki
japanese_jlpt_n2,special_unique,特殊,とくしゅ,tokushu
japanese_jlpt_n2,characteristic_feature,特色,とくしょく,tokushoku
japanese_jlpt_n2,specific_special_particular,特定,とくてい,tokutei
japanese_jlpt_n2,special_sale,特売,とくばい,tokubai
japanese_jlpt_n2,to_melt_into_to_become_a_pa,溶け込む,とけこむ,tokekomu
japanese_jlpt_n2,intransitive_to_melt_to_tha,溶ける,とける,tokeru
japanese_jlpt_n2,to_dislodge_to_put_somethin,退ける,どける,dokeru
japanese_jlpt_n2,alcove,床の間,とこのま,tokonoma
japanese_jlpt_n2,here_and_there_some_parts_o,所々,ところどころ,tokorodokoro
japanese_jlpt_n2,heart_of_city,都心,としん,toshin
japanese_jlpt_n2,cupboard_cabinet,戸棚,とだな,todana
japanese_jlpt_n2,long_ago_already_a_long_tim,とっくに,とっくに,tokkuni
japanese_jlpt_n2,suddenly,どっと,どっと,dotto
japanese_jlpt_n2,to_be_prepared_to_be_in_ord,整う,ととのう,totonou
japanese_jlpt_n2,to_be_fixed_to_abide_to_sta,留まる,とどまる,todomaru
japanese_jlpt_n2,to_shout_to_yell,怒鳴る,どなる,donaru
japanese_jlpt_n2,mister_mostly_in_addressing,殿,どの,dono
japanese_jlpt_n2,to_jump_in_to_leap_in_to_pl,飛び込む,とびこむ,tobikomu
japanese_jlpt_n2,to_be_fixed_to_abide_to_s_2,留まる,とまる,tomaru
japanese_jlpt_n2,to_give_shelter_to_to_lodge,泊める,とめる,tomeru
japanese_jlpt_n2,anyhow_at_any_rate_anyway,ともかく,ともかく,tomokaku
japanese_jlpt_n2,to_seize_to_capture_to_arre,捕える,とらえる,toraeru
japanese_jlpt_n2,to_harvest_to_take_in_to_ad,取り入れる,とりいれる,toriireru
japanese_jlpt_n2,to_cancel,取り消す,とりけす,torikesu
japanese_jlpt_n2,to_take_out_to_pick_out,取り出す,とりだす,toridasu
japanese_jlpt_n2,to_adopt_measure_proposal_t,採る,とる,toru
japanese_jlpt_n2,to_take_to_catch_fish,捕る,とる,toru
japanese_jlpt_n2,porcelain_bowl_bowl_of_rice,丼,どんぶり,donburi
japanese_jlpt_n2,internist_clinic_internal_m,内科,ないか,naika
japanese_jlpt_n2,phone_extension,内線,ないせん,naisen
japanese_jlpt_n2,nylon,ナイロン,ナイロン,nairon
japanese_jlpt_n2,long_2,長～,なが～,nā
japanese_jlpt_n2,reconciliation_make_peace_w,仲直り,なかなおり,nakanāori
japanese_jlpt_n2,to_be_prolonged_to_drag_on,長引く,ながびく,nagabiku
japanese_jlpt_n2,contents_interior_filling_s,中身,なかみ,nakami
japanese_jlpt_n2,middle_finger,中指,なかゆび,nakayubi
japanese_jlpt_n2,intimate_friend_bosom_buddy,仲良し,なかよし,nakayoshi
japanese_jlpt_n2,to_comfort_to_console,慰める,なぐさめる,nagusameru
japanese_jlpt_n2,to_strike_to_hit_to_beat_to,殴る,なぐる,naguru
japanese_jlpt_n2,to_accomplish_to_do,為す,なす,nasu
japanese_jlpt_n2,riddle,謎謎,なぞなぞ,nazonazo
japanese_jlpt_n2,gradual_gentle,傾らか,なだらか,nadaraka
japanese_jlpt_n2,dear_desired_missed,懐かしい,なつかしい,natsukashii
japanese_jlpt_n2,to_brush_gently_to_stroke,撫でる,なでる,naderu
japanese_jlpt_n2,diagonal_oblique,斜め,ななめ,naname
japanese_jlpt_n2,at_any_rate_in_any_case,なにしろ,なにしろ,nani shiro
japanese_jlpt_n2,in_any_case_at_any_rate_any,何しろ,なにしろ,nani shiro
japanese_jlpt_n2,such_and_such_what,何々,なになに,nani nani
japanese_jlpt_n2,by_all_means_please,何分,なにぶん,nanpun
japanese_jlpt_n2,impertinent_impudent,生意気,なまいき,namaiki
japanese_jlpt_n2,impertinent_saucy_cheeky_im,生意気な,なまいきな,namaiki na
japanese_jlpt_n2,roadside_tree_row_of_trees,並木,なみき,namiki
japanese_jlpt_n2,to_imitate_to_follow_to_emu,倣う,ならう,narau
japanese_jlpt_n2,to_bear_fruit,生る,なる,naru
japanese_jlpt_n2,south_pole_antarctic,南極,なんきょく,nankyoku
japanese_jlpt_n2,somehow_or_other_for_some_r,なんとなく,なんとなく,nantono k u
japanese_jlpt_n2,nothing_with_neg_verb_quite,なんとも,なんとも,nantomo
japanese_jlpt_n2,really_very_extremely_terri,何とも,なんとも,nantomo
japanese_jlpt_n2,number,ナンバー,ナンバー,nanbā
japanese_jlpt_n2,south_america,南米,なんべい,Nanbei
japanese_jlpt_n2,south_and_north,南北,なんぼく,Nanboku
japanese_jlpt_n2,to_be_fragrant_to_smell,匂う,におう,niou
japanese_jlpt_n2,to_let_loose_to_set_free_to,逃がす,にがす,nigasu
japanese_jlpt_n2,hateful_abominable_detestab,憎い,にくい,nikui
japanese_jlpt_n2,to_hate_to_detest,憎む,にくむ,nikumu
japanese_jlpt_n2,odious_hateful,憎らしい,にくらしい,nikurashii
japanese_jlpt_n2,smile_sweetly_smiley,にこにこ,にこにこ,niko niko
japanese_jlpt_n2,to_become_muddy_to_get_clou,濁る,にごる,nigoru
japanese_jlpt_n2,rainbow,虹,にじ,niji
japanese_jlpt_n2,date_and_time,日時,にちじ,nichiji
japanese_jlpt_n2,daily_necessities,日用品,にちようひん,nichiyouhin
japanese_jlpt_n2,daily_work_daily_routine,日課,にっか,nikka
japanese_jlpt_n2,schedule,日程,にってい,nittei
japanese_jlpt_n2,dull_e_g_a_knife_thickheade,鈍い,にぶい,nibui
japanese_jlpt_n2,entry_to_a_company,入社,にゅうしゃ,nyuusha
japanese_jlpt_n2,wife,女房,にょうぼう,nyoubou
japanese_jlpt_n2,to_glare_at_to_stare_to_kee,睨む,にらむ,niramu
japanese_jlpt_n2,to_boil_to_simmer_to_stew_s,煮る,にる,niru
japanese_jlpt_n2,sudden_abrupt_unexpected,俄,にわか,niwaka
japanese_jlpt_n2,to_sew,縫う,ぬう,nuu
japanese_jlpt_n2,a_screw,ねじ,ねじ,neji
japanese_jlpt_n2,to_twist,捩る,ねじる,nejiru
japanese_jlpt_n2,necklace,ネックレス,ネックレス,necklace
japanese_jlpt_n2,to_heat,熱する,ねっする,nessuru
japanese_jlpt_n2,sleep_wear_pajamas,寝間着,ねまき,nemaki
japanese_jlpt_n2,sleep_wear_pajamas_2,寝巻,ねまき,nemaki
japanese_jlpt_n2,aim,狙い,ねらい,nerai
japanese_jlpt_n2,to_aim_at,狙う,ねらう,nerau
japanese_jlpt_n2,year_fiscal_year,年度,ねんど,nendo
japanese_jlpt_n2,agricultural_produce,農産物,のうさんぶつ,nōsanbutsu
japanese_jlpt_n2,agricultural_community,農村,のうそん,nōson
japanese_jlpt_n2,concentration_density,濃度,のうど,nōdo
japanese_jlpt_n2,agricultural_chemicals,農薬,のうやく,nōyaku
japanese_jlpt_n2,efficiency,能率,のうりつ,nōritsu
japanese_jlpt_n2,saw,のこぎり,のこぎり,nokogiri
japanese_jlpt_n2,completely_without_exceptio,残らず,のこらず,nokorazu
japanese_jlpt_n2,up_train_going_to_tokyo_asc,上り,のぼり,nobori
japanese_jlpt_n2,glue_paste_starch,糊,のり,nori
japanese_jlpt_n2,a_transfer_e_g_trains_buses,乗換,のりかえ,norikae
japanese_jlpt_n2,n_transfer_trains_buses_etc,乗り換え,のりかえ,norikae
japanese_jlpt_n2,riding_past_one_s_station,乗り越し,のりこし,norikoshi
japanese_jlpt_n2,dull_e_g_a_knife_slow_oppos,鈍い,のろい,noroi
japanese_jlpt_n2,slowly_sluggishly,のろのろ,のろのろ,noronoro
japanese_jlpt_n2,carefree_optimistic_careles,呑気,のんき,nonki
japanese_jlpt_n2,yes,はい (かん),はい (かん),haikan
japanese_jlpt_n2,grey_ashen,灰色,はいいろ,haiiro
japanese_jlpt_n2,haiku_poetry,俳句,はいく,haiku
japanese_jlpt_n2,shop_stand,売店,ばいてん,baiten
japanese_jlpt_n2,bye_bye,バイバイ,バイバイ,baibai
japanese_jlpt_n2,trade_buying_and_selling,売買,ばいばい,baibai
japanese_jlpt_n2,to_creep_to_crawl,這う,はう,hau
japanese_jlpt_n2,to_tear_off_to_peel_off_to_,剥す,はがす,hagasu
japanese_jlpt_n2,to_tear_off_to_peel_off_t_2,剥がす,はがす,hagasu
japanese_jlpt_n2,absurd,ばからしい,ばからしい,bakarashii
japanese_jlpt_n2,scales_weighing_machine,秤,はかり,hakari
japanese_jlpt_n2,nausea_sickness_in_the_stom,吐き気,はきけ,hakike
japanese_jlpt_n2,clearly,はきはき,はきはき,hakihaki
japanese_jlpt_n2,to_sweep_to_brush_to_gather,掃く,はく,haku
japanese_jlpt_n2,gear_cog_wheel,歯車,はぐるま,haguruma
japanese_jlpt_n2,bucket_pail,バケツ,バケツ,baketsu
japanese_jlpt_n2,to_get_between_to_be_caught,挟まる,はさまる,hasamaru
japanese_jlpt_n2,to_pinch_to_hold_between_to,挟む,はさむ,hasamu
japanese_jlpt_n2,ladder_stairs,梯子,はしご,hashigo
japanese_jlpt_n2,to_begin_with_first_of_all,始めに,はじめに,hajime ni
japanese_jlpt_n2,to_begin_with_first_of_al_2,初めに,はじめに,hajime ni
japanese_jlpt_n2,how_do_you_do_i_am_glad_to_,はじめまして,はじめまして,hajimemashite
japanese_jlpt_n2,diagonal,斜,はす,hasu
japanese_jlpt_n2,to_be_disconnected_to_get_o,外れる,はずれる,hazureru
japanese_jlpt_n2,pattern,パターン,パターン,patān
japanese_jlpt_n2,underwear,肌着,はだぎ,hadagi
japanese_jlpt_n2,as_was_expected_really,果して,はたして,hatashite
japanese_jlpt_n2,as_was_expected_just_as_one,果たして,はたして,hatashite
japanese_jlpt_n2,a_bowl_a_pot,鉢,はち,hachi
japanese_jlpt_n2,to_depart_e_g_on_a_plane_tr,発,はつ,hatsu
japanese_jlpt_n2,cross_2,×,ばつ,batsu
japanese_jlpt_n2,exhibition_demonstration_di,発揮,はっき,hakki
japanese_jlpt_n2,back,バック,バック,bakku
japanese_jlpt_n2,idea_way_of_thinking_same_a,発想,はっそう,hassō
japanese_jlpt_n2,generation_e_g_power,発電,はつでん,hatsuden
japanese_jlpt_n2,sale,発売,はつばい,hatsubai
japanese_jlpt_n2,showy_loud_flashy_gaudy,派手,はで,hade
japanese_jlpt_n2,discussion_talk,話合い,はなしあい,hanashiai
japanese_jlpt_n2,discussion_talk_conference,話し合い,はなしあい,hanashiai
japanese_jlpt_n2,to_accost_a_person_to_talk_,話し掛ける,はなしかける,hanashikakeru
japanese_jlpt_n2,while_talking_the_line_is_b,話中,はなしちゅう,hanashichuu
japanese_jlpt_n2,extreme_excessive_terrible,甚だしい,はなはだしい,hanahadashii
japanese_jlpt_n2,fireworks,花火,はなび,hanabi
japanese_jlpt_n2,bride,花嫁,はなよめ,hanayome
japanese_jlpt_n2,spring_e_g_coil_leaf,ばね,ばね,bane
japanese_jlpt_n2,to_jump_to_leap,跳ねる,はねる,haneru
japanese_jlpt_n2,fragment_broken_piece,破片,はへん,hahen
japanese_jlpt_n2,toothbrushing_toothpaste,歯磨き,はみがき,hamigaki
japanese_jlpt_n2,col_to_get_in_to_insert_to_,はめる,はめる,hameru
japanese_jlpt_n2,fast_talking,早口,はやくち,hayakuchi
japanese_jlpt_n2,to_deposit_to_pay_in,払い込む,はらいこむ,haraikomu
japanese_jlpt_n2,to_repay_to_pay_back,払い戻す,はらいもどす,haraimodosu
japanese_jlpt_n2,wire,針金,はりがね,harigane
japanese_jlpt_n2,to_be_in_high_spirits_to_be,張り切る,はりきる,harikiru
japanese_jlpt_n2,anti_counter,反～,はん～,han-
japanese_jlpt_n2,reflection_influence,反映,はんえい,han'ei
japanese_jlpt_n2,radius,半径,はんけい,hanke
japanese_jlpt_n2,seal_used_for_signature,判子,はんこ,hanko
japanese_jlpt_n2,banzai_long_live,万歳,ばんざい,banzai
japanese_jlpt_n2,judge_justice,判事,はんじ,hanji
japanese_jlpt_n2,reflection_reconsideration,反省,はんせい,hansei
japanese_jlpt_n2,house_number_address,番地,ばんち,banchi
japanese_jlpt_n2,underpants,パンツ,パンツ,pantsu
japanese_jlpt_n2,band,バンド,バンド,bando
japanese_jlpt_n2,peninsula,半島,はんとう,hantō
japanese_jlpt_n2,handle_steering_wheel,ハンドル,ハンドル,handoru
japanese_jlpt_n2,anti_counter_an_non,非～,ひ～,hi~
japanese_jlpt_n2,exposure_to_the_sun_sunny_p,日当たり,ひあたり,hiatari
japanese_jlpt_n2,day_trip,日帰り,ひがえり,higaeri
japanese_jlpt_n2,comparatively_relatively,比較的,ひかくてき,hikakuteki
japanese_jlpt_n2,shadow,日陰,ひかげ,hikage
japanese_jlpt_n2,glitter_sparkle,ぴかぴか,ぴかぴか,pikapika
japanese_jlpt_n2,to_undertake_to_take_up_to_,引受る,ひきうける,hikiukeru
japanese_jlpt_n2,to_turn_back_to_go_back_rev,引き返す,ひきかえす,hikikaesu
japanese_jlpt_n2,subtraction,引算,ひきざん,hikizan
japanese_jlpt_n2,to_pull_out_to_take_out_to_,引き出す,ひきだす,hikidasu
japanese_jlpt_n2,to_keep_back_to_prevent_to_,引き止める,ひきとめる,hikitomeru
japanese_jlpt_n2,cowardice_meanness_unfairne,卑怯,ひきょう,hikyō
japanese_jlpt_n2,a_draw_in_competition_tie_g,引分け,ひきわけ,hikiwake
japanese_jlpt_n2,draw_in_competition_tie_gam,引き分け,ひきわけ,hikiwake
japanese_jlpt_n2,sunlight_rays_of_the_sun,陽射,ひざし,hizashi
japanese_jlpt_n2,sunlight,日差し,ひざし,hizashi
japanese_jlpt_n2,elbow,肘,ひじ,hiji
japanese_jlpt_n2,pistol,ピストル,ピストル,pisutoru
japanese_jlpt_n2,vitamin,ビタミン,ビタミン,bitamin
japanese_jlpt_n2,exactly_close_fitting,ぴたり,ぴたり,pitari
japanese_jlpt_n2,to_be_caught_in_to_be_stuck,引っ掛かる,ひっかかる,hikkakaru
japanese_jlpt_n2,note_taking_writing,筆記,ひっき,hikki
japanese_jlpt_n2,to_turn_over_to_overturn_to,引っ繰り返す,ひっくりかえす,hikkurikaesu
japanese_jlpt_n2,to_be_overturned_to_be_upse,引っ繰り返る,ひっくりかえる,hikkurikaeru
japanese_jlpt_n2,moving_dwelling_office_etc_,引っ越し,ひっこし,hikkoshi
japanese_jlpt_n2,to_draw_back_to_sink_to_cav,引っ込む,ひっこむ,hikkomu
japanese_jlpt_n2,writer_author,筆者,ひっしゃ,hissha
japanese_jlpt_n2,necessities_essential,必需品,ひつじゅひん,hitsujuhin
japanese_jlpt_n2,one,一～,ひと～,hito~
japanese_jlpt_n2,index_finger,人差指,ひとさしゆび,hitosashiyubi
japanese_jlpt_n2,general_briefly,一通り,ひととおり,hito-toori
japanese_jlpt_n2,pedestrian_traffic,人通り,ひとどおり,hitodōri
japanese_jlpt_n2,for_the_present_once_for_th,ひとまず,ひとまず,hitomazu
japanese_jlpt_n2,pupil_of_eye,瞳,ひとみ,hitomi
japanese_jlpt_n2,a_rest,一休み,ひとやすみ,hitoyasumi
japanese_jlpt_n2,a_soliloquy_a_monologue_spe,独り言,ひとりごと,hitorigoto
japanese_jlpt_n2,by_itself_automatically_nat,ひとりでに,ひとりでに,hitorideni
japanese_jlpt_n2,vinyl,ビニール,ビニール,binīru
japanese_jlpt_n2,cynicism_sarcasm,皮肉,ひにく,hiniku
japanese_jlpt_n2,date,日日,ひにち,hinichi
japanese_jlpt_n2,date_of_a_planned_event_act,日にち,ひにち,hinichi
japanese_jlpt_n2,to_twist_to_turn,捻る,ひねる,hineru
japanese_jlpt_n2,sunset,日の入り,ひのいり,hinono'iri
japanese_jlpt_n2,sunrise,日の出,ひので,hinono'de
japanese_jlpt_n2,echo_sound,響き,ひびき,hibiki
japanese_jlpt_n2,to_resound_to_affect,響く,ひびく,hibiku
japanese_jlpt_n2,skin,皮膚,ひふ,hifu
japanese_jlpt_n2,to_cool_from_room_temperatu,冷やす,ひやす,hiyasu
japanese_jlpt_n2,encyclopedia,ひゃっかじてん,ひゃっかじてん,hyakkajiten
japanese_jlpt_n2,encyclopedia_2,百科事典,ひゃっかじてん,hyakkajiten
japanese_jlpt_n2,beauty_of_figure_or_form,美容,びよう,biyō
japanese_jlpt_n2,front_cover_binding,表紙,ひょうし,hyōshi
japanese_jlpt_n2,sign_mark,標識,ひょうしき,hyōshiki
japanese_jlpt_n2,standard_level,標準,ひょうじゅん,hyōjun
japanese_jlpt_n2,example_specimen,標本,ひょうほん,hyōhon
japanese_jlpt_n2,criticism_critique,評論,ひょうろん,hyōron
japanese_jlpt_n2,building,ビルディング,ビルディング,birudingu
japanese_jlpt_n2,nap_at_home_siesta,昼寝,ひるね,hirune
japanese_jlpt_n2,to_spread_to_extend_to_expa,広げる,ひろげる,hirogeru
japanese_jlpt_n2,extent,広さ,ひろさ,hirosa
japanese_jlpt_n2,plaza,広場,ひろば,hiroba
japanese_jlpt_n2,extensive_spacious,広々,ひろびろ,hirobiro
japanese_jlpt_n2,pink,ピンク,ピンク,pinku
japanese_jlpt_n2,writing_paper_stationery,便箋,びんせん,binsen
japanese_jlpt_n2,bottling_bottled,瓶詰,びんづめ,binzume
japanese_jlpt_n2,fastener_zipper,ファスナー,ファスナー,fasunā
japanese_jlpt_n2,balloon,風船,ふうせん,fūsen
japanese_jlpt_n2,unlucky_misfortune_bad_luck,不運,ふうん,fuun
japanese_jlpt_n2,to_deepen_to_heighten_to_in,深まる,ふかまる,fukumaru
japanese_jlpt_n2,irregularity_unsteadiness,不規則,ふきそく,fukisoku
japanese_jlpt_n2,diffusion_spread,普及,ふきゅう,fukyuu
japanese_jlpt_n2,neighborhood_vicinity,付近,ふきん,fukin
japanese_jlpt_n2,vice,副～,ふく～,fuku-
japanese_jlpt_n2,adverb,副詞,ふくし,fukushi
japanese_jlpt_n2,copy_duplicate,複写,ふくしゃ,fukusha
japanese_jlpt_n2,plural_multiple,複数,ふくすう,fukusuu
japanese_jlpt_n2,to_include_to_instruct_to_m,ふくめる,ふくめる,fukumeru
japanese_jlpt_n2,to_swell_to_expand_to_infla,膨らます,ふくらます,fukaramasu
japanese_jlpt_n2,to_expand_to_swell_out_to_b,膨らむ,ふくらむ,fukuramu
japanese_jlpt_n2,unclean_dirty,不潔,ふけつ,fuketsu
japanese_jlpt_n2,to_get_late_to_wear_on,更ける,ふける,fukeru
japanese_jlpt_n2,sign_mark_symbol,符号,ふごう,fugou
japanese_jlpt_n2,man_and_wife_married_couple,夫妻,ふさい,fusai
japanese_jlpt_n2,to_be_plugged_up_to_be_shut,塞がる,ふさがる,fusagaru
japanese_jlpt_n2,to_stuff_to_close_up_to_blo,塞ぐ,ふさぐ,fusagu
japanese_jlpt_n2,to_romp_to_gambol_to_frolic,ふざける,ふざける,fuzakeru
japanese_jlpt_n2,neglecting_to_stay_in_conta,無沙汰,ぶさた,busata
japanese_jlpt_n2,warrior_samurai,武士,ぶし,bushi
japanese_jlpt_n2,radical_of_a_kanji_characte,部首,ぶしゅ,bushu
japanese_jlpt_n2,to_steam_food_towel_etc_to_,蒸す,ふす,musu
japanese_jlpt_n2,sliding_screen,襖,ふすま,fusuma
japanese_jlpt_n2,attached_belonging_affiliat,附属,ふぞく,fuzoku
japanese_jlpt_n2,being_attached_to_being_aff,付属,ふぞく,fuzoku
japanese_jlpt_n2,cover_lid_cap,蓋,ふた,futa
japanese_jlpt_n2,suspension_interruption_s_2,不通,ふつう,futsuu
japanese_jlpt_n2,dangerous_disturbed_insecur,物騒,ぶっそう,bussou
japanese_jlpt_n2,grumbling_complaining_in_a_,ぶつぶつ,ぶつぶつ,butsubutsu
japanese_jlpt_n2,surface_mail_ship,船便,ふなびん,funabin
japanese_jlpt_n2,parts_accessories,部品,ぶひん,buhin
japanese_jlpt_n2,snow_storm,吹雪,ふぶき,fubuki
japanese_jlpt_n2,father_and_mother_parents,父母,ふぼ,fubo
japanese_jlpt_n2,railway_crossing_level_cros,踏切,ふみきり,fumikiri
japanese_jlpt_n2,the_foot_the_bottom_the_bas,麓,ふもと,fumoto
japanese_jlpt_n2,fry_pan_frying_pan,フライパン,フライパン,furai pan
japanese_jlpt_n2,blouse,ブラウス,ブラウス,burausu
japanese_jlpt_n2,to_hang_to_suspend_to_swing,ぶらさげる,ぶらさげる,burasageru
japanese_jlpt_n2,brush,ブラシ,ブラシ,burashi
japanese_jlpt_n2,platform,プラットホーム,プラットホーム,purattohōmu
japanese_jlpt_n2,free,フリー,フリー,furii
japanese_jlpt_n2,pronunciation_key,振り仮名,ふりがな,furigana
japanese_jlpt_n2,to_turn_one_s_face_to_turn_,振り向く,ふりむく,furimuku
japanese_jlpt_n2,print_handout,プリント,プリント,purinto
japanese_jlpt_n2,old,古～,ふる～,furu~
japanese_jlpt_n2,home_town_birthplace,故郷,ふるさと,furusato
japanese_jlpt_n2,home_town_birthplace_2,古里,ふるさと,furusato
japanese_jlpt_n2,to_behave_to_conduct,振舞う,ふるまう,furumau
japanese_jlpt_n2,brooch,ブローチ,ブローチ,buroochi
japanese_jlpt_n2,program,プログラム,プログラム,puroguramu
japanese_jlpt_n2,wrapping_cloth_cloth_wrappe,風呂敷,ふろしき,furoshiki
japanese_jlpt_n2,light_soft,ふわふわ,ふわふわ,fuwafuwa
japanese_jlpt_n2,eruption,噴火,ふんか,funka
japanese_jlpt_n2,analysis_disassembly,分解,ぶんかい,bunkai
japanese_jlpt_n2,literature_art_and_literatu,文芸,ぶんげい,bungei
japanese_jlpt_n2,literature_books_reference,文献,ぶんけん,bunken
japanese_jlpt_n2,water_fountain,噴水,ふんすい,funsui
japanese_jlpt_n2,fraction_in_math,分数,ぶんすう,bunsuu
japanese_jlpt_n2,literary_style,文体,ぶんたい,buntai
japanese_jlpt_n2,distribution,分布,ぶんぷ,bunpu
japanese_jlpt_n2,stationery,文房具,ぶんぼうぐ,bunbōgu
japanese_jlpt_n2,context,文脈,ぶんみゃく,bunmyaku
japanese_jlpt_n2,amount_quantity,分量,ぶんりょう,bunryō
japanese_jlpt_n2,classification,分類,ぶんるい,bunrui
japanese_jlpt_n2,closure,閉会,へいかい,heikai
japanese_jlpt_n2,coolness_calmness_unconcern,平気,へいき,heiki
japanese_jlpt_n2,going_side_by_side_concurre,並行,へいこう,heikō
japanese_jlpt_n2,weekday,平日,へいじつ,heijitsu
japanese_jlpt_n2,soldier,兵隊,へいたい,heitai
japanese_jlpt_n2,common_ordinary,平凡,へいぼん,heibon
japanese_jlpt_n2,plain_open_field,平野,へいや,heiya
japanese_jlpt_n2,to_be_dented_to_be_indented,凹む,へこむ,hekomu
japanese_jlpt_n2,navel_belly_button,へそ,へそ,heso
japanese_jlpt_n2,to_be_shut_out,隔てる,へだてる,hedatareru
japanese_jlpt_n2,villa_vacation_home_summer_,別荘,べっそう,bessou
japanese_jlpt_n2,separately_individually,別々,べつべつ,betsubetsu
japanese_jlpt_n2,veteran,ベテラン,ベテラン,beteran
japanese_jlpt_n2,helicopter,ヘリコプター,ヘリコプター,herikoputaa
japanese_jlpt_n2,editing_compilation_editori,編集,へんしゅう,henshuu
japanese_jlpt_n2,toilet_lavatory,便所,べんじょ,benjo
japanese_jlpt_n2,pliers_lit_pinchers,ペンチ,ペンチ,penchi
japanese_jlpt_n2,bonus,ボーナス,ボーナス,bōnasu
japanese_jlpt_n2,prevention,防～,ぼう～,bō~
japanese_jlpt_n2,telescope,望遠鏡,ぼうえんきょう,bōenkyō
japanese_jlpt_n2,direction_way,方角,ほうがく,hōgaku
japanese_jlpt_n2,broom,箒,ほうき,hōki
japanese_jlpt_n2,dialect,方言,ほうげん,hōgen
japanese_jlpt_n2,buddhist_priest_monk,坊さん,ぼうさん,bōsan
japanese_jlpt_n2,prevention_check,防止,ぼうし,bōshi
japanese_jlpt_n2,objective_plan_policy,方針,ほうしん,hōshin
japanese_jlpt_n2,packing_wrapping,包装,ほうそう,hōsō
japanese_jlpt_n2,law_rule,法則,ほうそく,hōsoku
japanese_jlpt_n2,bandage,包帯,ほうたい,hōtai
japanese_jlpt_n2,enormous_extensive,膨大,ぼうだい,bōdai
japanese_jlpt_n2,kitchen_knife_carving_knife,包丁,ほうちょう,hōchō
japanese_jlpt_n2,equation,方程式,ほうていしき,hōteishiki
japanese_jlpt_n2,prevention_of_crime,防犯,ぼうはん,bōhan
japanese_jlpt_n2,direction_area,方面,ほうめん,hōmen
japanese_jlpt_n2,boy,坊や,ぼうや,bōya
japanese_jlpt_n2,to_let_go,放る,ほうる,hōru
japanese_jlpt_n2,bright_cheerful_melodious,朗らか,ほがらか,hogaraka
japanese_jlpt_n2,cheerful_merry_bright_sky_d,朗らか(な),ほがらか(な),hogaraka(na)
japanese_jlpt_n2,farm_livestock_pasture_land,牧場,ぼくじょう,bokujou
japanese_jlpt_n2,stock_farming,牧畜,ぼくちく,bokuchiku
japanese_jlpt_n2,health_preservation_hygiene,保健,ほけん,hoken
japanese_jlpt_n2,recruitment,募集,ぼしゅう,boshuu
japanese_jlpt_n2,to_air_to_dry_to_drink_up,干す,ほす,hosu
japanese_jlpt_n2,poster,ポスター,ポスター,posutaa
japanese_jlpt_n2,north_pole,北極,ほっきょく,hokkyoku
japanese_jlpt_n2,son_of_others,坊っちゃん,ぼっちゃん,bocchan
japanese_jlpt_n2,to_unfasten,解く,ほどく,hodoku
japanese_jlpt_n2,to_dig_to_excavate,掘る,ほる,horu
japanese_jlpt_n2,to_carve_to_chisel,彫る,ほる,horu
japanese_jlpt_n2,rag_tattered_clothes,ぼろ,ぼろ,boro
japanese_jlpt_n2,festival_of_the_dead_tray,盆,ぼん,bon
japanese_jlpt_n2,basin_e_g_between_mountains,盆地,ぼんち,bonchi
japanese_jlpt_n2,mere_just,ほんの～,ほんの～,honno~
japanese_jlpt_n2,headquarters,本部,ほんぶ,honbu
japanese_jlpt_n2,essentially_naturally_by_na,本来,ほんらい,honrai
japanese_jlpt_n2,okay_so_so_decent,まあまあ,まあまあ,maamaa
japanese_jlpt_n2,every,毎～,まい～,mai~
japanese_jlpt_n2,the_number_of_flat_things,枚数,まいすう,maisuu
japanese_jlpt_n2,each_time_common_service_se,毎度,まいど,maido
japanese_jlpt_n2,to_wind_to_coil_to_roll,まく,まく,maku
japanese_jlpt_n2,pillow,枕,まくら,makura
japanese_jlpt_n2,to_bend_to_crook_to_lean,曲げる,まげる,mageru
japanese_jlpt_n2,confused_be_at_a_loss,まごまご,まごまご,magomago
japanese_jlpt_n2,friction_rubbing_chafe,摩擦,まさつ,masatsu
japanese_jlpt_n2,to_be_mixed_to_be_blended_w,まざる,まざる,mazaru
japanese_jlpt_n2,to_be_mixed_to_be_blended_2,まじる,まじる,majiru
japanese_jlpt_n2,mask,マスク,マスク,masuku
japanese_jlpt_n2,to_mix_to_stir,まぜる,まぜる,mazeru
japanese_jlpt_n2,to_straddle,またぐ,またぐ,matagu
japanese_jlpt_n2,to_step_over_across_to_stri,跨ぐ,またぐ,matagu
japanese_jlpt_n2,waiting_room,待合室,まちあいしつ,machiaishitsu
japanese_jlpt_n2,to_rendezvous_to_meet_at_a_,待ち合わせる,まちあわせる,machiawaseru
japanese_jlpt_n2,street_corner,街角,まちかど,machikado
japanese_jlpt_n2,total_darkness,真っ暗,まっくら,makkura
japanese_jlpt_n2,pitch_black,真っ黒,まっくろ,makkuro
japanese_jlpt_n2,deep_blue_ghastly_pale,真っ青,まっさお,massaō
japanese_jlpt_n2,foremost_beginning,真っ先,まっさき,massaki
japanese_jlpt_n2,pure_white,真っ白,まっしろ,masshiro
japanese_jlpt_n2,to_deify_to_enshrine,祭る,まつる,matsuru
japanese_jlpt_n2,ticket_window,窓口,まどぐち,madoguchi
japanese_jlpt_n2,to_mimic_to_imitate,真似る,まねる,maneru
japanese_jlpt_n2,eyelids,まぶた,まぶた,mabuta
japanese_jlpt_n2,a_winter_scarf,マフラー,マフラー,mafuraa
japanese_jlpt_n2,soon_in_a_short_time,間も無く,まもなく,mamonaku
japanese_jlpt_n2,soon_shortly_before_long_in,間もなく,まもなく,mamonaku
japanese_jlpt_n2,marathon,マラソン,マラソン,marason
japanese_jlpt_n2,rare_seldom,稀,まれ,mare
japanese_jlpt_n2,detour,回り道,まわりみち,mawarimichi
japanese_jlpt_n2,full_house_no_vacancy_sold_,満員,まんいん,man'in
japanese_jlpt_n2,multistory_apartment_house_,マンション,マンション,manshon
japanese_jlpt_n2,perfect_score,満点,まんてん,manten
japanese_jlpt_n2,not_yet,未～,み～,mi~
japanese_jlpt_n2,to_look_up_at_to_admire,見上げる,みあげる,miageru
japanese_jlpt_n2,to_see_off_to_escort_to_let,見送る,みおくる,miokuru
japanese_jlpt_n2,to_overlook_to_look_down_on,見下ろす,みおろす,miorosu
japanese_jlpt_n2,outward_appearance,見掛け,みかけ,mikake
japanese_jlpt_n2,crescent_moon,三日月,みかづき,mikazuki
japanese_jlpt_n2,cape_on_coast,岬,みさき,misaki
japanese_jlpt_n2,sad_pitiful_wretched,みじめ,みじめ,mijime
japanese_jlpt_n2,miserable_wretched_unhappy_,惨めな,みじめな,mijime na
japanese_jlpt_n2,sewing_machine,ミシン,ミシン,mishin
japanese_jlpt_n2,for_one_s_self_personally,自ら,みずから,mizukara
japanese_jlpt_n2,bathing_suit_woman_s,水着,みずぎ,mizugi
japanese_jlpt_n2,store_shop,店屋,みせや,miseya
japanese_jlpt_n2,heading_index,見出し,みだし,midashi
japanese_jlpt_n2,itinerary_route,道順,みちじゅん,michijun
japanese_jlpt_n2,shameful_indecent,みっともない,みっともない,mittomonai
japanese_jlpt_n2,to_stare_at_to_gaze_at,見詰める,みつめる,mitsumeru
japanese_jlpt_n2,to_look_over_again_to_revie,見直す,みなおす,minaosu
japanese_jlpt_n2,to_become_used_to_seeing_to,見慣れる,みなれる,minareru
japanese_jlpt_n2,ugly,醜い,みにくい,minikui
japanese_jlpt_n2,to_bear_fruit_to_ripen,実る,みのる,minoru
japanese_jlpt_n2,position_status,身分,みぶん,mibun
japanese_jlpt_n2,sample_2,見本,みほん,mihon
japanese_jlpt_n2,to_ask_after_health_to_visi,見舞う,みまう,mimau
japanese_jlpt_n2,less_than_insufficient,未満,みまん,miman
japanese_jlpt_n2,surname_family_name_2,名字,みょうじ,myōji
japanese_jlpt_n2,milli,ミリ (メートル),ミリ (メートル),miri (mētoru)
japanese_jlpt_n2,to_examine_medically,診る,みる,miru
japanese_jlpt_n2,private_civilian,民間,みんかん,minkan
japanese_jlpt_n2,democratic,民主～,みんしゅ～,minshu~
japanese_jlpt_n2,folk_song_popular_song,民謡,みんよう,min'yō
japanese_jlpt_n2,infinite,無限,むげん,mugen
japanese_jlpt_n2,plain,無地,むじ,muji
japanese_jlpt_n2,humid_sultry,蒸し暑い,むしあつい,mushiatsui
japanese_jlpt_n2,contradiction_inconsistency,矛盾,むじゅん,mujun
japanese_jlpt_n2,countless_number_infinite_n,無数,むすう,musuu
japanese_jlpt_n2,purple_color_violet,紫,むらさき,murasaki
japanese_jlpt_n2,crowd_flock_herd,群れ,むれ,mure
japanese_jlpt_n2,niece,姪,めい,mei
japanese_jlpt_n2,famous,名～,めい～,mei~
japanese_jlpt_n2,masterpiece,名作,めいさく,meisaku
japanese_jlpt_n2,noun,名詞,めいし,meishi
japanese_jlpt_n2,business_card,名刺,めいし,meishi
japanese_jlpt_n2,famous_place,名所,めいしょ,meisho
japanese_jlpt_n2,superstition,迷信,めいしん,meishin
japanese_jlpt_n2,to_command_to_appoint,命ずる,めいずる,meisuru
japanese_jlpt_n2,famous_product_special_prod,名物,めいぶつ,meibutsu
japanese_jlpt_n2,each_individual,銘々,めいめい,meimei
japanese_jlpt_n2,to_be_blessed_with_to_be_ri,恵まれる,めぐまれる,megumareru
japanese_jlpt_n2,to_go_around,巡る,めぐる,meguru
japanese_jlpt_n2,to_aim_at_to_have_an_eye_on,目指す,めざす,mezaru
japanese_jlpt_n2,alarm_clock,目覚し,めざまし,mezamashi
japanese_jlpt_n2,at_present_now,目下,めした,meshita
japanese_jlpt_n2,mark_sign_landmark,目印,めじるし,mejirushi
japanese_jlpt_n2,to_be_conspicuous_to_stand_,目立つ,めだつ,medatsu
japanese_jlpt_n2,absurd_messed_up_wrecked,めちゃくちゃ,めちゃくちゃ,mechakucha
japanese_jlpt_n2,remarkably,めっきり,めっきり,mekkiri
japanese_jlpt_n2,happy_propitious_joyous,めでたい,めでたい,medetai
japanese_jlpt_n2,menu_2,メニュー,メニュー,menyuu
japanese_jlpt_n2,dizziness_giddiness,めまい,めまい,memai
japanese_jlpt_n2,criterion_aim,目安,めやす,meyasu
japanese_jlpt_n2,tax_exemption,免税,めんぜい,menzei
japanese_jlpt_n2,area,面積,めんせき,menseki
japanese_jlpt_n2,interview,面接,めんせつ,mensetsu
japanese_jlpt_n2,bother_to_do_tiresome,面倒臭い,めんどうくさい,mendoukutsukai
japanese_jlpt_n2,motor,モーター,モーター,motā
japanese_jlpt_n2,to_be_profitable_to_yield_a,儲かる,もうかる,mōkaru
japanese_jlpt_n2,to_earn_to_have_bear_beget_,儲ける,もうける,mōkeru
japanese_jlpt_n2,inexcusable_i_am_sorry,申し訳ない,もうしわけない,mōshiwakenai
japanese_jlpt_n2,lumber_timber_wood,木材,もくざい,mokuzai
japanese_jlpt_n2,table_of_contents,目次,もくじ,mokuji
japanese_jlpt_n2,to_dive_to_pass_through_to_,潜る,もぐる,moguru
japanese_jlpt_n2,perhaps_maybe_by_some_chanc,もしかしたら,もしかしたら,moshikashitara
japanese_jlpt_n2,to_lean_against_to_lean_on,もたれる,もたれる,motareru
japanese_jlpt_n2,to_lean_against_to_lean_on_,凭れる,もたれる,motareru
japanese_jlpt_n2,modern,モダン,モダン,modan
japanese_jlpt_n2,sticky_rice_cake,餅,もち,mochi
japanese_jlpt_n2,a_fashion_model,モデル,モデル,moderu
japanese_jlpt_n2,originally_by_nature_from_t,元々,もともと,motomoto
japanese_jlpt_n2,storage_room,物置,ものおき,mono'oki
japanese_jlpt_n2,to_tell_to_indicate,物語る,ものがたる,monogatōru
japanese_jlpt_n2,ruler_measure,物差し,ものさし,monosashi
japanese_jlpt_n2,earth_shattering_staggering,物凄い,ものすごい,monosugoi
japanese_jlpt_n2,monorail,モノレール,モノレール,monorēru
japanese_jlpt_n2,japanese_maple_2,紅葉,もみじ,momiji
japanese_jlpt_n2,to_rub_to_crumple_up_to_wri,揉む,もむ,momu
japanese_jlpt_n2,to_burn,もやす,もやす,moyasu
japanese_jlpt_n2,event_festivities_function,催し,もよおし,moyōshi
japanese_jlpt_n2,to_serve_food_to_fill_up_to,盛る,もる,moru
japanese_jlpt_n2,questions_and_answers_dialo,問答,もんどう,mondō
japanese_jlpt_n2,to_be_fussy_to_be_overly_cr,やかましい,やかましい,yaka-ma-shi-i
japanese_jlpt_n2,noisy_loud_clamorous_boiste,喧しい,やかましい,yaka-ma-shi-i
japanese_jlpt_n2,at_night_nighttime,夜間,やかん,yakan
japanese_jlpt_n2,kettle,やかん,やかん,yakan
japanese_jlpt_n2,kettle_2,やかん,やかん,yakan
japanese_jlpt_n2,actor,役者,やくしゃ,yakusha
japanese_jlpt_n2,government_office_public_of,役所,やくしょ,yakusho
japanese_jlpt_n2,government_official,役人,やくにん,yakunin
japanese_jlpt_n2,medicine_s_chemical_s,薬品,やくひん,yakuhin
japanese_jlpt_n2,duty_business,役目,やくめ,yakume
japanese_jlpt_n2,burn_scald,火傷,やけど,yakado
japanese_jlpt_n2,night_train_night_travel,夜行,やこう,yakō
japanese_jlpt_n2,directing_arrow,矢印,やじるし,yajirushi
japanese_jlpt_n2,randomly_recklessly_blindly,やたらに,やたらに,yatara ni
japanese_jlpt_n2,pharmacy_drugstore,薬局,やっきょく,yappyoku
japanese_jlpt_n2,to_attack_an_enemy_to_beat_,やっつける,やっつける,yattsukeru
japanese_jlpt_n2,after_all_anyway,やっぱり,やっぱり,yappari
japanese_jlpt_n2,landlord,家主,やぬし,yanushi
japanese_jlpt_n2,to_tear,破く,やぶく,yabuku
japanese_jlpt_n2,cannot_be_helped_unavoidabl,やむをえない,やむをえない,yamuoenai
japanese_jlpt_n2,soft_tender_limp,軟らかい,やわらかい,yawaraka-i
japanese_jlpt_n2,amusement_park,遊園地,ゆうえんち,yuuenchi
japanese_jlpt_n2,evening_paper,夕刊,ゆうかん,yuukan
japanese_jlpt_n2,friendship,友好,ゆうこう,yuukou
japanese_jlpt_n2,mailing,郵送,ゆうそう,yuusou
japanese_jlpt_n2,sudden_evening_shower_rain,夕立,ゆうだち,yūdachi
japanese_jlpt_n2,in_the_evening_sun_setting_,夕日,ゆうひ,yūhi
japanese_jlpt_n2,quiet_calm_leisurely,悠々,ゆうゆう,yūyū
japanese_jlpt_n2,admission_paid_toll,有料,ゆうりょう,yūryō
japanese_jlpt_n2,bathrobe_informal_summer_ki,浴衣,ゆかた,yukata
japanese_jlpt_n2,one_s_whereabouts,行方,ゆくえ,yukue
japanese_jlpt_n2,steam,湯気,ゆげ,yuge
japanese_jlpt_n2,blood_transfusion,輸血,ゆけつ,yuketsu
japanese_jlpt_n2,transport_transportation,輸送,ゆそう,yusō
japanese_jlpt_n2,negligence_unpreparedness,油断,ゆだん,yudan
japanese_jlpt_n2,teacup,湯飲み,ゆのみ,yunomi
japanese_jlpt_n2,teacup_2,湯飲,ゆのみ,yunomi
japanese_jlpt_n2,loose_lenient_slow,緩い,ゆるい,yurui
japanese_jlpt_n2,lava,溶岩,ようがん,yōgan
japanese_jlpt_n2,container_receptacle_vessel,容器,ようき,yōki
japanese_jlpt_n2,term_terminology,用語,ようご,yōgo
japanese_jlpt_n2,gist_essentials_summary,要旨,ようし,yōshi
japanese_jlpt_n2,infant_baby_child,幼児,ようじ,yōji
japanese_jlpt_n2,capacity_volume_2,容積,ようせき,yōseki
japanese_jlpt_n2,infancy_childish_infantile,幼稚,ようち,yōchi
japanese_jlpt_n2,kindergarten,幼稚園,ようちえん,yōchien
japanese_jlpt_n2,use_usefulness,用途,ようと,yōto
japanese_jlpt_n2,clothes_store,洋品店,ようひんてん,yōhinten
japanese_jlpt_n2,nourishment_nutrient,養分,ようぶん,yōbun
japanese_jlpt_n2,wool_2,羊毛,ようもう,yōmō
japanese_jlpt_n2,at_last_finally_hardly,漸く,ようやく,yōyaku
japanese_jlpt_n2,gist_essentials_outline,要領,ようりょう,yōryō
japanese_jlpt_n2,next,翌～,よく～,yoku~
japanese_jlpt_n2,greedy,欲張り,よくばり,yokubari
japanese_jlpt_n2,too_much_unnecessary_abunda,余計,よけい,yokei
japanese_jlpt_n2,to_send_to_forward_to_hand_,よこす,よこす,yokosu
japanese_jlpt_n2,1_to_disgrace_to_dishonour_,よごす,よごす,yogosu
japanese_jlpt_n2,to_come_near_to_let_someone,寄せる,よせる,yoseru
japanese_jlpt_n2,another_place_somewhere_els,余所,よそ,yoso
japanese_jlpt_n2,four_corners_crossroads,四つ角,よつかど,yotsukado
japanese_jlpt_n2,drunkard,酔っ払い,よっぱらい,yopparai
japanese_jlpt_n2,preparation_spare,予備,よび,yobi
japanese_jlpt_n2,to_call_out_to_to_accost_to,呼び掛ける,よびかける,yobikakeru
japanese_jlpt_n2,to_summon_to_call_e_g_phone,呼び出す,よびだす,yobidasu
japanese_jlpt_n2,to_be_resurrected_to_be_rev,蘇る,よみがえる,yomigaeru
japanese_jlpt_n2,to_be_delighted_to_be_glad,慶ぶ,よろこぶ,yorokobu
japanese_jlpt_n2,coming_to_japan_visit_to_ja,来日,らいにち,rainichi
japanese_jlpt_n2,failure_dropping_out_of_a_c,落第,らくだい,raku-dai
japanese_jlpt_n2,rush_hour,ラッシュアワー,ラッシュアワー,rasshu awā
japanese_jlpt_n2,column_of_text_e_g_as_in_a_,欄,らん,ran
japanese_jlpt_n2,lunch,ランチ,ランチ,ranchi
japanese_jlpt_n2,running_tank_top,ランニング,ランニング,ranningu
japanese_jlpt_n2,rude_violent_rough,乱暴,らんぼう,ranbō
japanese_jlpt_n2,science,理科,りか,rika
japanese_jlpt_n2,advantages_and_disadvantage,利害,りがい,rigai
japanese_jlpt_n2,rhythm,リズム,リズム,rizumu
japanese_jlpt_n2,liter,リットル,リットル,rittoru
japanese_jlpt_n2,report_paper,リポート,リポート,ripōto
japanese_jlpt_n2,ribbon,リボン,リボン,ribon
japanese_jlpt_n2,to_abbreviate,略す,りゃくす,ryakusu
japanese_jlpt_n2,river_basin,流域,りゅういき,ryūiki
japanese_jlpt_n2,hostel_dormitory,寮,りょう,ryō
japanese_jlpt_n2,both,両～,りょう～,ryō~
japanese_jlpt_n2,both_sides,両側,りょうがわ,ryōgawa
japanese_jlpt_n2,fisherman,漁師,りょうし,ryōshi
japanese_jlpt_n2,consul,領事,りょうじ,ryōji
japanese_jlpt_n2,receipt_voucher,領収,りょうしゅう,ryōshū
japanese_jlpt_n2,temporary_special_extraordi,臨時,りんじ,rinji
japanese_jlpt_n2,care_taking_caretaker_house,留守番,るすばん,rusuban
japanese_jlpt_n2,exception,例外,れいがい,reigai
japanese_jlpt_n2,zero_no_marks,零点,れいてん,reiten
japanese_jlpt_n2,freezing_cold_storage_refri,冷凍,れいとう,reitō
japanese_jlpt_n2,raincoat,レインコート,レインコート,reinkōto
japanese_jlpt_n2,recreation,レクリェーション,レクリェーション,rekuriēshon
japanese_jlpt_n2,leisure,レジャー,レジャー,rejā
japanese_jlpt_n2,chain_of_islands,列島,れっとう,rettō
japanese_jlpt_n2,brick,煉瓦,れんが,renga
japanese_jlpt_n2,union_alliance,連合,れんごう,rengō
japanese_jlpt_n2,lens,レンズ,レンズ,renzu
japanese_jlpt_n2,romanization_roman_letters_,ローマ字,ローマじ,rōmaji
japanese_jlpt_n2,candle,ろうそく,ろうそく,rōsoku
japanese_jlpt_n2,audio_recording,録音,ろくおん,rokuon
japanese_jlpt_n2,locker,ロッカー,ロッカー,rokkā
japanese_jlpt_n2,lobby,ロビー,ロビー,robī
japanese_jlpt_n2,to_argue_to_discuss,論ずる,ろんずる,ron zuru
japanese_jlpt_n2,japanese_style,和～,わ～,wa~
japanese_jlpt_n2,japanese_english,和英,わえい,waei
japanese_jlpt_n2,our,我～,わが～,waga~
japanese_jlpt_n2,to_branch_to_fork_to_diverg,分かれる,わかれる,wakareru
japanese_jlpt_n2,youthful_young,若々しい,わかわかしい,wakawakashii
japanese_jlpt_n2,to_apologize,詫びる,わびる,wabiru
japanese_jlpt_n2,japanese_clothes,和服,わふく,wafuku
japanese_jlpt_n2,relatively_comparatively,割合に,わりあいに,wari-ai ni
japanese_jlpt_n2,division_math,割算,わりざん,warizan
japanese_jlpt_n2,relatively_comparatively_2,割と,わりと,wari-to
japanese_jlpt_n2,discount,割引,わりびき,waribiki
japanese_jlpt_n2,one_piece_dress,ワンピース,ワンピース,wanpiisu
japanese_jlpt_n3,manners_etiquette_propriety,作法,さほう,sahou
japanese_jlpt_n3,varied_various,様々,さまざま,samazama
japanese_jlpt_n3,to_cool_to_let_cool,冷ます,さます,samasu
japanese_jlpt_n3,to_awaken,覚ます,さます,samasu
japanese_jlpt_n3,to_become_cool_to_wear_off,冷める,さめる,sameru
japanese_jlpt_n3,to_wake_to_wake_up,覚める,さめる,sameru
japanese_jlpt_n3,left_and_right_influence,左右,さゆう,sayuu
japanese_jlpt_n3,plate_dish,皿,さら,sara
japanese_jlpt_n3,furthermore_moreover,更に,さらに,sarani
japanese_jlpt_n3,to_leave_to_go_away,去る,さる,saru
japanese_jlpt_n3,monkey,猿,さる,saru
japanese_jlpt_n3,uproar_disturbance,騒ぎ,さわぎ,sawagi
japanese_jlpt_n3,participation,参加,さんか,sanka
japanese_jlpt_n3,reference_consultation,参考,さんこう,sankou
japanese_jlpt_n3,approval_agreement,賛成,さんせい,sansei
japanese_jlpt_n3,acidity,酸性,さんせい,sansei
japanese_jlpt_n3,oxygen,酸素,さんそ,sanso
japanese_jlpt_n3,family_name_lineage,氏,し,shi
japanese_jlpt_n3,poem_poetry,詩,し,shi
japanese_jlpt_n3,happiness_blessing,幸せ,しあわせ,shiawase
japanese_jlpt_n3,jeans,ジーンズ,ジーンズ,jīnzu
japanese_jlpt_n3,jet_plane,ジェット機,ジェットき,jetto ki
japanese_jlpt_n3,square,四角,しかく,shikaku
japanese_jlpt_n3,immediately_readily_directl,直に,じかに,jikani
japanese_jlpt_n3,moreover_furthermore_beside,しかも,しかも,shikamo
japanese_jlpt_n3,four_seasons,四季,しき,shiki
japanese_jlpt_n3,immediately_soon_shortly,直,じき,jiki
japanese_jlpt_n3,time_season_period,時期,じき,jiki
japanese_jlpt_n3,payment_allowance,支給,しきゅう,shikyuu
japanese_jlpt_n3,urgent_pressing,至急,しきゅう,shikyuu
japanese_jlpt_n3,frequently_repeatedly_eager,しきりに,しきりに,shikiri ni
japanese_jlpt_n3,stimulus_impetus_incentive,刺激,しげき,shigeki
japanese_jlpt_n3,resources,資源,しげん,shigen
japanese_jlpt_n3,event_affair_incident,事件,じけん,jiken
japanese_jlpt_n3,time_hour,時刻,じこく,jikoku
japanese_jlpt_n3,suicide,自殺,じさつ,jisatsu
japanese_jlpt_n3,fact_truth_reality,事実,じじつ,jijitsu
japanese_jlpt_n3,expenditure_expenses,支出,ししゅつ,shishutsu
japanese_jlpt_n3,circumstances_situation_rea,事情,じじょう,jijō
japanese_jlpt_n3,poet,詩人,しじん,shijin
japanese_jlpt_n3,oneself,自身,じしん,jishin
japanese_jlpt_n3,to_sink_to_feel_depressed,沈む,しずむ,shizumu
japanese_jlpt_n3,nature_spontaneous,自然,しぜん,shizen
japanese_jlpt_n3,thought_idea,思想,しそう,shisō
japanese_jlpt_n3,tongue,舌,した,shita
japanese_jlpt_n3,order_circumstances_immedia,次第,しだい,shidai
japanese_jlpt_n3,to_abide_by_the_rules_to_ob,従う,したがう,shitagau
japanese_jlpt_n3,therefore_consequently,したがって,したがって,shitagatte
japanese_jlpt_n3,intimate_close_e_g_friend,親しい,したしい,shitashii
japanese_jlpt_n3,quality_nature_of_person,質,しつ,shitsu
japanese_jlpt_n3,unemployment,失業,しつぎょう,shitsugyō
japanese_jlpt_n3,moisture_humidity_dampness,湿気,しっけ,shikke
japanese_jlpt_n3,lab_work_experiment,実験,じっけん,jikken
japanese_jlpt_n3,implementation_materializat,実現,じつげん,jitsugen
japanese_jlpt_n3,practice_execution_e_g_prog,実行,じっこう,jikkō
japanese_jlpt_n3,in_fact_in_actuality,実際,じっさい,jissai
japanese_jlpt_n3,enforcement_carry_out_opera,実施,じっし,jisshi
japanese_jlpt_n3,humidity,湿度,しつど,shitsudo
japanese_jlpt_n3,patiently_quietly,じっと,じっと,jitto
japanese_jlpt_n3,indeed_truly_surely,実に,じつに,jitsu ni
japanese_jlpt_n3,actually_in_fact,実は,じつは,jitsu wa
japanese_jlpt_n3,disappointment_despair,失望,しつぼう,shitsubō
japanese_jlpt_n3,ability_force,実力,じつりょく,jitsuryoku
japanese_jlpt_n3,branch_store_office,支店,してん,shiten
japanese_jlpt_n3,leadership_guidance_coachin,指導,しどう,shidō
japanese_jlpt_n3,automatic_self_motion,自動,じどう,jidō
japanese_jlpt_n3,children_juvenile,児童,じどう,jidō
japanese_jlpt_n3,thing_article_goods,品,しな,shina
japanese_jlpt_n3,rule_control_direction,支配,しはい,shihai
japanese_jlpt_n3,play_drama,芝居,しばい,shibai
japanese_jlpt_n3,often_again_and_again_frequ,しばしば,しばしば,shibashiba
japanese_jlpt_n3,lawn,芝生,しばふ,shibafu
japanese_jlpt_n3,payment,支払,しはらい,shiharai
japanese_jlpt_n3,to_pay,支払う,しはらう,shiharau
japanese_jlpt_n3,death,死亡,しぼう,shibou
japanese_jlpt_n3,funds_capital,資本,しほん,shihon
japanese_jlpt_n3,sisters,姉妹,しまい,shimai
japanese_jlpt_n3,damn_it,しまった (かん),しまった (かん),shimatta (kan)
japanese_jlpt_n3,pride_boast,自慢,じまん,jiman
japanese_jlpt_n3,quiet_plain_conservative,地味,じみ,jimi
japanese_jlpt_n3,to_show_to_indicate,示す,しめす,shimesu
japanese_jlpt_n3,to_take_up_to_account_for,占める,しめる,shimeru
japanese_jlpt_n3,to_be_wet_to_be_damp,湿る,しめる,shimeru
japanese_jlpt_n3,under_below_beneath,下,しも,shimo
japanese_jlpt_n3,frost,霜,しも,shimo
japanese_jlpt_n3,debt_loan_liabilities,借金,しゃっきん,shakkin
japanese_jlpt_n3,to_talk_to_chat_to_chatter_,しゃべる,しゃべる,shaberu
japanese_jlpt_n3,week,週,しゅう,shuu
japanese_jlpt_n3,state_province,州,しゅう,shū
japanese_jlpt_n3,gun,銃,じゅう,jū
japanese_jlpt_n3,surroundings_circumference_,周囲,しゅうい,shūi
japanese_jlpt_n3,harvest_crop_ingathering,収穫,しゅうかく,shūkaku
japanese_jlpt_n3,religion,宗教,しゅうきょう,shūkyō
japanese_jlpt_n3,importance_stress,重視,じゅうし,jūshi
japanese_jlpt_n3,finding_employment,就職,しゅうしょく,shūshoku
japanese_jlpt_n3,juice_soft_drink_deuce,ジュース,ジュース,jūsu
japanese_jlpt_n3,amendment_correction,修正,しゅうせい,shūsei
japanese_jlpt_n3,seriously_ill_critical_stat,重体,じゅうたい,jūtai
japanese_jlpt_n3,congestion_e_g_traffic_dela,渋滞,じゅうたい,jūtai
japanese_jlpt_n3,serious_important,重大,じゅうだい,jūdai
japanese_jlpt_n3,resident_housing,住宅,じゅうたく,jūtaku
japanese_jlpt_n3,group_mass,集団,しゅうだん,shūdan
japanese_jlpt_n3,concentration_focusing_the_,集中,しゅうちゅう,shūchū
japanese_jlpt_n3,income_revenue,収入,しゅうにゅう,shūnyū
japanese_jlpt_n3,inhabitants_residents,住民,じゅうみん,jūmin
japanese_jlpt_n3,important_essential,重要,じゅうよう,jūyō
japanese_jlpt_n3,repairing_mending,修理,しゅうり,shūri
japanese_jlpt_n3,doctrine_cause_principle,主義,しゅぎ,shugi
japanese_jlpt_n3,lodging,宿泊,しゅくはく,shukuhaku
japanese_jlpt_n3,surgical_operation,手術,しゅじゅつ,shujutsu
japanese_jlpt_n3,prime_minister,首相,しゅしょう,shushou
japanese_jlpt_n3,means_way_measure,手段,しゅだん,shudan
japanese_jlpt_n3,claim_insistence_assertion,主張,しゅちょう,shuchou
japanese_jlpt_n3,participation_2,出場,しゅつじょう,shutsujou
japanese_jlpt_n3,come_from,出身,しゅっしん,shusshin
japanese_jlpt_n3,publication,出版,しゅっぱん,shuppan
japanese_jlpt_n3,capital_city,首都,しゅと,shuto
japanese_jlpt_n3,housewife,主婦,しゅふ,shufu
japanese_jlpt_n3,chief_main,主要,しゅよう,shuyō
japanese_jlpt_n3,demand,需要,じゅよう,juyō
japanese_jlpt_n3,variety_kind,種類,しゅるい,shurui
japanese_jlpt_n3,order_turn,順,じゅん,jun
japanese_jlpt_n3,moment_second,瞬間,しゅんかん,shunkan
japanese_jlpt_n3,doing_well,順調,じゅんちょう,junchō
japanese_jlpt_n3,turn_in_line_order_of_thing,順番,じゅんばん,junban
japanese_jlpt_n3,use_same_as_application_emp,使用,しよう,shiyō
japanese_jlpt_n3,small,小,しょう,shō
japanese_jlpt_n3,chapter_section_medal,章,しょう,shō
japanese_jlpt_n3,prize_award,賞,しょう,shō
japanese_jlpt_n3,first_volume_superior_quali,上,じょう,jō
japanese_jlpt_n3,obstacle_impediment,障害,しょうがい,shōgai
japanese_jlpt_n3,scholarship,奨学金,しょうがくきん,shōgakukin
japanese_jlpt_n3,passenger,乗客,じょうきゃく,jōkyaku
japanese_jlpt_n3,proceeding_to_the_capital_t,上京,じょうきょう,jōkyō
japanese_jlpt_n3,state_of_affairs_situation,状況,じょうきょう,jōkyō
japanese_jlpt_n3,conditions_terms,条件,じょうけん,jōken
japanese_jlpt_n3,noon_mid_day,正午,しょうご,shōgo
japanese_jlpt_n3,honesty_integrity_frankness,正直,しょうじき,shōjiki
japanese_jlpt_n3,common_sense,常識,じょうしき,jōshiki
japanese_jlpt_n3,young_girl,少女,しょうじょ,shōjo
japanese_jlpt_n3,a_little_short_time_formal_,少々,しょうしょう,shōshō
japanese_jlpt_n3,symptoms_condition,症状,しょうじょう,shōjō
japanese_jlpt_n3,to_occur_to_arise_to_be_gen,生じる,しょうじる,shōjiru
japanese_jlpt_n3,condition_situation,状態,じょうたい,jōtai
japanese_jlpt_n3,improvement_advance,上達,じょうたつ,jōtatsu
japanese_jlpt_n3,a_joke,冗談,じょうだん,jōdan
japanese_jlpt_n3,first_class_very_good,上等,じょうとう,jōtō
japanese_jlpt_n3,collision_conflict,衝突,しょうとつ,shōtotsu
japanese_jlpt_n3,trader_shopkeeper_merchant,商人,しょうにん,shōnin
japanese_jlpt_n3,recognition_approval,承認,しょうにん,shōnin
japanese_jlpt_n3,boys_juveniles,少年,しょうねん,shōnen
japanese_jlpt_n3,trade_business_commerce,商売,しょうばい,shōbai
japanese_jlpt_n3,consumption_expenditure,消費,しょうひ,shōhi
japanese_jlpt_n3,commodity_merchandise,商品,しょうひん,shōhin
japanese_jlpt_n3,prize_trophy,賞品,しょうひん,shōhin
japanese_jlpt_n3,fire_fighting_fire_departme,消防,しょうぼう,shōbō
japanese_jlpt_n3,information_military_intell,情報,じょうほう,jōhō
japanese_jlpt_n3,proof_verification,証明,しょうめい,shōmei
japanese_jlpt_n3,omission_abbreviation_abrid,省略,しょうりゃく,shōryaku
japanese_jlpt_n3,queen,女王,じょおう,joō
japanese_jlpt_n3,employment,職,しょく,shoku
japanese_jlpt_n3,occupation_business,職業,しょくぎょう,shokugyō
japanese_jlpt_n3,dining_table,食卓,しょくたく,shokutaku
japanese_jlpt_n3,foodstuff,食品,しょくひん,shokuhin
japanese_jlpt_n3,plant_vegetation,植物,しょくぶつ,shokubutsu
japanese_jlpt_n3,food_foodstuff,食物,しょくもつ,shokumotsu
japanese_jlpt_n3,appetite_for_food,食欲,しょくよく,shokuyoku
japanese_jlpt_n3,food,食料,しょくりょう,shokuryō
japanese_jlpt_n3,provisions_rations,食糧,しょくりょう,shokuryō
japanese_jlpt_n3,study_den,書斎,しょさい,shosai
japanese_jlpt_n3,woman_girl,女子,じょし,joshi
japanese_jlpt_n3,helper_assistant,助手,じょしゅ,joshu
japanese_jlpt_n3,slowly_little_by_little,徐々に,じょじょに,jojoni
japanese_jlpt_n3,signature,署名,しょめい,shomei
japanese_jlpt_n3,books,書物,しょもつ,shomotsu
japanese_jlpt_n3,actress,女優,じょゆう,joyū
japanese_jlpt_n3,processing_treatment_dispos,処理,しょり,shori
japanese_jlpt_n3,documents_official_papers,書類,しょるい,shorui
japanese_jlpt_n3,notice,知らせ,しらせ,shirase
japanese_jlpt_n3,buttocks_bottom,尻,しり,shiri
japanese_jlpt_n3,acquaintance,知合い,しりあい,shiriai
japanese_jlpt_n3,mark_symbol_evidence,印,しるし,shirushi
japanese_jlpt_n3,castle,城,しろ,shiro
japanese_jlpt_n3,going_on_to_university,進学,しんがく,shingaku
japanese_jlpt_n3,nerve_sensitivity,神経,しんけい,shinkei
japanese_jlpt_n3,seriousness_earnestness,真剣,しんけん,shinken
japanese_jlpt_n3,religious_faith_belief,信仰,しんこう,shinkou
japanese_jlpt_n3,traffic_lights_signal_semap,信号,しんごう,shingou
japanese_jlpt_n3,artificial_man_made_human_w,人工,じんこう,jinkō
japanese_jlpt_n3,serious,深刻,しんこく,shinkoku
japanese_jlpt_n3,medical_examination_of_a_pa,診察,しんさつ,shinsatsu
japanese_jlpt_n3,race_of_people,人種,じんしゅ,jinshu
japanese_jlpt_n3,to_believe,信じる,しんじる,shinjiru
japanese_jlpt_n3,human_life_e_g_conception_t,人生,じんせい,jinsei
japanese_jlpt_n3,relative_s,親戚,しんせき,shinseki
japanese_jlpt_n3,fresh,新鮮,しんせん,shinsen
japanese_jlpt_n3,heart,心臓,しんぞう,shinzō
japanese_jlpt_n3,the_body,身体,しんたい,shintai
japanese_jlpt_n3,height_of_body_stature,身長,しんちょう,shinchō
japanese_jlpt_n3,careful_prudent_cautious,慎重,しんちょう,shinchō
japanese_jlpt_n3,umpire_referee_judgment,審判,しんぱん,shinpan
japanese_jlpt_n3,character_personality_talen,人物,じんぶつ,jinbutsu
japanese_jlpt_n3,improvement_progress_develo,進歩,しんぽ,shinpo
japanese_jlpt_n3,close_friend_buddy,親友,しんゆう,shīnyū
japanese_jlpt_n3,confidence_dependence,信用,しんよう,shinyō
japanese_jlpt_n3,reliance_trust_confidence,信頼,しんらい,shinrai
japanese_jlpt_n3,mentality,心理,しんり,shinri
japanese_jlpt_n3,mankind_humanity,人類,じんるい,jinrui
japanese_jlpt_n3,nest_breeding_place,巣,す,su
japanese_jlpt_n3,vinegar,酢,す,su
japanese_jlpt_n3,figure_drawing_illustration,図,ず,zu
japanese_jlpt_n3,level_standard,水準,すいじゅん,suijun
japanese_jlpt_n3,recommendation,推薦,すいせん,suisen
japanese_jlpt_n3,switch,スイッチ,スイッチ,suicchi
japanese_jlpt_n3,sleep,睡眠,すいみん,suimin
japanese_jlpt_n3,number_figure,数,すう,sū
japanese_jlpt_n3,numeral_figure,数字,すうじ,sūji
japanese_jlpt_n3,western_soup,スープ,スープ,sūpu
japanese_jlpt_n3,the_end_of_powder,末,すえ,sue
japanese_jlpt_n3,figure_shape_appearance,姿,すがた,sugata
japanese_jlpt_n3,ski,スキー,スキー,sukī
japanese_jlpt_n3,to_rescue_from_to_help_out_,救う,すくう,sukū
japanese_jlpt_n3,at_least,すくなくとも,すくなくとも,sukunakutomo
japanese_jlpt_n3,to_surpass_to_outstrip_to_e,優れる,すぐれる,sugureru
japanese_jlpt_n3,skate_s_skating,スケート,スケート,sukēto
japanese_jlpt_n3,schedule,スケジュール,スケジュール,sukejūru
japanese_jlpt_n3,anything_of_not_one_bit,少しも,すこしも,sukoshi mo
japanese_jlpt_n3,to_pass_to_spend_time,過ごす,すごす,sugosu
japanese_jlpt_n3,muscle_string_line,筋,すじ,suji
japanese_jlpt_n3,to_advance_to_promote_to_ha,進める,すすめる,susumeru
japanese_jlpt_n3,to_urge_someone_to_do_somet,勧める,すすめる,susumeru
japanese_jlpt_n3,star,スター,スター,sutā
japanese_jlpt_n3,style,スタイル,スタイル,sutairu
japanese_jlpt_n3,stand,スタンド,スタンド,sutando
japanese_jlpt_n3,headache,頭痛,ずつう,zutsuu
japanese_jlpt_n3,for_a_long_time_all_the_tim,ずっと,ずっと,zutto
japanese_jlpt_n3,sour_acid,すっぱい,すっぱい,suppai
japanese_jlpt_n3,lovely_great,すてき,すてき,suteki
japanese_jlpt_n3,already_same_as,既に,すでに,sudeni
japanese_jlpt_n3,that_is_namely_e_g,すなわち,すなわち,sunawachi
japanese_jlpt_n3,speech,スピーチ,スピーチ,supīchi
japanese_jlpt_n3,all_the_whole_entirely,全て,すべて,subete
japanese_jlpt_n3,to_be_finished,済ませる,すませる,sumaseru
japanese_jlpt_n3,corner,角,すみ,sumi
japanese_jlpt_n3,ink,墨,すみ,sumi
japanese_jlpt_n3,sorry_excuse_me,すみません (かん),すみません (かん),sumimasen (kan)
japanese_jlpt_n3,to_clear_e_g_weather_to_bec,澄む,すむ,sumu
japanese_jlpt_n3,to_clear_e_g_weather_to_b_2,清む,すむ,sumu
japanese_jlpt_n3,to_print,刷る,する,suru
japanese_jlpt_n3,to_do_to_attempt,為る,する,suru
japanese_jlpt_n3,pointed_sharp,鋭い,するどい,surudoi
japanese_jlpt_n3,to_pass_by_one_another,すれ違う,すれちがう,surechigau
japanese_jlpt_n3,move_off_the_point,ずれる,ずれる,zureru
japanese_jlpt_n3,logical_true_regular,正,せい,sei
japanese_jlpt_n3,birth,生,せい,sei
japanese_jlpt_n3,sex_gender,性,せい,sei
japanese_jlpt_n3,surname_family_name,姓,せい,sei
japanese_jlpt_n3,cause_reason_fault,所為,せい,sei
japanese_jlpt_n3,tax,税,ぜい,zei
japanese_jlpt_n3,character_personality,性格,せいかく,seikaku
japanese_jlpt_n3,accurate_punctuality_exact,正確,せいかく,seikaku
japanese_jlpt_n3,century,世紀,せいき,seiki
japanese_jlpt_n3,claim_demand_request,請求,せいきゅう,seikyū
japanese_jlpt_n3,tax_duty,税金,ぜいきん,zeikin
japanese_jlpt_n3,clean,清潔,せいけつ,seiketsu
japanese_jlpt_n3,restriction_restraint_limit,制限,せいげん,seigen
japanese_jlpt_n3,success_hit,成功,せいこう,seikō
japanese_jlpt_n3,official_formal,正式,せいしき,seishiki
japanese_jlpt_n3,nature_property_disposition,性質,せいしつ,seishitsu
japanese_jlpt_n3,mind_soul_spirit,精神,せいしん,seishin
japanese_jlpt_n3,adult,成人,せいじん,seijin
japanese_jlpt_n3,at_the_most_at_best,精々,せいぜい,seizei
japanese_jlpt_n3,grade_i_e_on_a_test_academi,成績,せいせき,seiseki
japanese_jlpt_n3,manufacture_production,製造,せいぞう,seizō
japanese_jlpt_n3,luxury_extravagance,贅沢,ぜいたく,zeitaku
japanese_jlpt_n3,growth,成長,せいちょう,seichō
japanese_jlpt_n3,growth_2,生長,せいちょう,seichō
japanese_jlpt_n3,system_institution,制度,せいど,seido
japanese_jlpt_n3,youth_young_man,青年,せいねん,seinen
japanese_jlpt_n3,birth_date,生年月日,せいねんがっぴ,seinengappi
japanese_jlpt_n3,manufactured_goods_finished,製品,せいひん,seihin
japanese_jlpt_n3,government_administration,政府,せいふ,seifu
japanese_jlpt_n3,living_thing_organism,生物,せいぶつ,seibutsu
japanese_jlpt_n3,life,生命,せいめい,seimei
japanese_jlpt_n3,sorting_arrangement,整理,せいり,seiri
japanese_jlpt_n3,cough,咳,せき,seki
japanese_jlpt_n3,coal,石炭,せきたん,sekitan
japanese_jlpt_n3,duty_responsibility,責任,せきにん,sekinin
japanese_jlpt_n3,oil_petroleum_kerosene,石油,せきゆ,sekiyu
japanese_jlpt_n3,world_society,世間,せけん,seken
japanese_jlpt_n3,theory,説,せつ,setsu
japanese_jlpt_n3,positive_active_proactive,積極的,せっきょくてき,sekkyokuteki
japanese_jlpt_n3,plan_design,設計,せっけい,sekkei
japanese_jlpt_n3,definitely_without_fail_abs,絶対,ぜったい,zettai
japanese_jlpt_n3,set,セット,セット,setto
japanese_jlpt_n3,love,愛,あい,ai
japanese_jlpt_n3,as_ever_as_usual,相変わらず,あいかわらず,aikawarazu
japanese_jlpt_n3,love_affection,愛情,あいじょう,aijou
japanese_jlpt_n3,sign_signal,合図,あいず,aizu
japanese_jlpt_n3,ice_cream,アイスクリーム,アイスクリーム,aisukurīmu
japanese_jlpt_n3,to_love,愛する,あいする,aisuru
japanese_jlpt_n3,partner_addressee_the_perso,相手,あいて,aite
japanese_jlpt_n3,unfortunately,あいにく,あいにく,ainiku
japanese_jlpt_n3,to_meet_to_encounter_undesi,遭う,あう,au
japanese_jlpt_n3,out,アウト,アウト,auto
japanese_jlpt_n3,lamplight_light_in_general,明かり,あかり,akari
japanese_jlpt_n3,vacancy_opening_space,空き,あき,aki
japanese_jlpt_n3,obvious_clear,明らか,あきらか,akiraka
japanese_jlpt_n3,to_give_up_to_abandon,諦める,あきらめる,akirameru
japanese_jlpt_n3,to_get_tired_of_to_lose_int,飽きる,あきる,akiru
japanese_jlpt_n3,handshake,握手,あくしゅ,akushu
japanese_jlpt_n3,devil_demon_evil_spirit,悪魔,あくま,akuma
japanese_jlpt_n3,to_dawn_to_become_daylight,明ける,あける,akeru
japanese_jlpt_n3,to_lift_to_fry,揚げる,あげる,ageru
japanese_jlpt_n3,to_raise_to_list_to_cite,挙げる,あげる,ageru
japanese_jlpt_n3,to_keep_something_for_someo,預かる,あずかる,azukaru
japanese_jlpt_n3,to_give_into_custody_to_dep,預ける,あずける,azukeru
japanese_jlpt_n3,sweat_perspiration,汗,あせ,ase
japanese_jlpt_n3,to_give,与える,あたえる,ataeru
japanese_jlpt_n3,warm,温かい,あたたかい,atatakai
japanese_jlpt_n3,to_warm_up,暖まる,あたたまる,atatamaru
japanese_jlpt_n3,to_warm_oneself_to_get_warm,温まる,あたたまる,atatamaru
japanese_jlpt_n3,to_warm_up_to_someone_somet,暖める,あたためる,atatameru
japanese_jlpt_n3,to_warm_to_heat,温める,あたためる,atatameru
japanese_jlpt_n3,vicinity_nearby,辺り,あたり,atari
japanese_jlpt_n3,usual_common_obvious,当たり前,あたりまえ,atarimae
japanese_jlpt_n3,to_be_hit_to_be_successful,当たる,あたる,ataru
japanese_jlpt_n3,here_and_there,あちこち,あちこち,achikochi
japanese_jlpt_n3,to_treat_to_handle_to_deal_,扱う,あつかう,atsukau
japanese_jlpt_n3,gathering_meeting_collectio,集まり,あつまり,atsumari
japanese_jlpt_n3,to_hit_to_apply_to,当てる,あてる,ateru
japanese_jlpt_n3,trace_remains_scar,跡,あと,ato
japanese_jlpt_n3,hole,穴,あな,ana
japanese_jlpt_n3,oil,油,あぶら,abura
japanese_jlpt_n3,fat,脂,あぶら,abura
japanese_jlpt_n3,error,誤り,あやまり,ayamari
japanese_jlpt_n3,defect_flaw_fault,粗,あら,ara
japanese_jlpt_n3,storm,嵐,あらし,arashi
japanese_jlpt_n3,to_dispute_to_argue_to_figh,争う,あらそう,arasou
japanese_jlpt_n3,new_fresh,新た,あらた,arata
japanese_jlpt_n3,all_every,あらゆる,あらゆる,arayuru
japanese_jlpt_n3,to_express_to_show,表す,あらわす,arawasu
japanese_jlpt_n3,to_show_to_appear_to_reveal,現す,あらわす,arawasu
japanese_jlpt_n3,to_write_to_publish,著す,あらわす,arawasu
japanese_jlpt_n3,expression_indication_sign,現れ,あらわれ,araware
japanese_jlpt_n3,to_appear_v_i_to_become_vis,現れる,あらわれる,arawareru
japanese_jlpt_n3,thank_you,ありがとう,ありがとう,arigatou
japanese_jlpt_n3,to_live_to_be_to_exist,在る; 有る,ある,aru
japanese_jlpt_n3,a_certain_some,或,ある,aru
japanese_jlpt_n3,or_perhaps,あるいは,あるいは,aruiwa
japanese_jlpt_n3,album,アルバム,アルバム,arubamu
japanese_jlpt_n3,bubble_foam,泡,あわ,awa
japanese_jlpt_n3,to_combine,合わせる,あわせる,awaseru
japanese_jlpt_n3,to_become_confused_to_panic,慌てる,あわてる,awateru
japanese_jlpt_n3,helpless_pity_pathetic,哀れ,あわれ,aware
japanese_jlpt_n3,plan_scheme_proposal,案,あん,an
japanese_jlpt_n3,unexpectedly,案外,あんがい,angai
japanese_jlpt_n3,memorization_learning_by_he,暗記,あんき,anki
japanese_jlpt_n3,stability_equilibrium,安定,あんてい,antei
japanese_jlpt_n3,to_that_extent_to_that_degr,あんなに,あんなに,anna ni
japanese_jlpt_n3,not_very_not_much,あんまり,あんまり,anmari
japanese_jlpt_n3,stomach,胃,い,i
japanese_jlpt_n3,committee_member,委員,いいん,iin
japanese_jlpt_n3,unexpected_surprising,意外,いがい,igai
japanese_jlpt_n3,going,行き,いき,iki
japanese_jlpt_n3,going_2,行き,ゆき,yuki
japanese_jlpt_n3,breath,息,いき,iki
japanese_jlpt_n3,force_vigor_momentum,勢い,いきおい,ikioi
japanese_jlpt_n3,living_thing_creature,生き物,いきもの,ikimono
japanese_jlpt_n3,must_not_do_bad_wrong,いけない,いけない,ikenai
japanese_jlpt_n3,doctor_physician,医師,いし,ishi
japanese_jlpt_n3,intention_purpose,意思,いし,ishi
japanese_jlpt_n3,will_volition,意志,いし,ishi
japanese_jlpt_n3,maintenance_preservation,維持,いじ,iji
japanese_jlpt_n3,consciousness_senses,意識,いしき,ishiki
japanese_jlpt_n3,strangeness_abnormality_dis,異常,いじょう,ijō
japanese_jlpt_n3,malicious_mean_unkind,意地悪,いじわる,ijiwaru
japanese_jlpt_n3,spring_fountain,泉,いずみ,izumi
japanese_jlpt_n3,where_which_who,いずれ,いずれ,izure
japanese_jlpt_n3,in_the_past_before,以前,いぜん,izen
japanese_jlpt_n3,board_plank,板,いた,ita
japanese_jlpt_n3,greatness,偉大,いだい,idai
japanese_jlpt_n3,to_hold_v_t_written_express,抱く,いだく,idaku
japanese_jlpt_n3,trick_practical_joke,いたずら,いたずら,itazura
japanese_jlpt_n3,expression_of_gratitude_bef,いただきます,いただきます,itadakimasu
japanese_jlpt_n3,pain_ache_sore,痛み,いたみ,itami
japanese_jlpt_n3,to_come_to_arrive,至る,いたる,itaru
japanese_jlpt_n3,market_fair,市,いち,ichi
japanese_jlpt_n3,place_position,位置,いち,ichi
japanese_jlpt_n3,for_a_time_temporarily,一時,いちじ,ichiji
japanese_jlpt_n3,all_at_once,一度に,いちどに,ichido ni
japanese_jlpt_n3,market_bazaar,市場,いちば,ichiba
japanese_jlpt_n3,sometime_one_day,いつか,いつか,itsuka
japanese_jlpt_n3,family_clan,一家,いっか,ikka
japanese_jlpt_n3,a_species_a_kind_a_variety,一種,いっしゅ,isshu
japanese_jlpt_n3,a_moment_an_instant,一瞬,いっしゅん,isshun
japanese_jlpt_n3,throughout_one_s_life,一生,いっしょう,isshō
japanese_jlpt_n3,much_more_still_more,一層,いっそう,issō
japanese_jlpt_n3,one_object_body_what_on_ear,一体,いったい,ittai
japanese_jlpt_n3,agreement_conformity,一致,いっち,itchi
japanese_jlpt_n3,at_any_time_always,いつでも,いつでも,itsudemo
japanese_jlpt_n3,before_one_knows,いつのまにか,いつのまにか,itsunomanika
japanese_jlpt_n3,general_average,一般,いっぱん,ippan
japanese_jlpt_n3,on_the_other_hand_meanwhile,一方,いっぽう,ippou
japanese_jlpt_n3,forever_for_good_eternally,いつまでも,いつまでも,itsumademo
japanese_jlpt_n3,migration_movement,移動,いどう,idou
japanese_jlpt_n3,cousin_male,従兄弟,いとこ,itoko
japanese_jlpt_n3,cousin_female,従姉妹,いとこ,itoko
japanese_jlpt_n3,rice_plant,稲,いね,ine
japanese_jlpt_n3,dozing_nodding_off,居眠り,いねむり,inemuri
japanese_jlpt_n3,life_2,命,いのち,inochi
japanese_jlpt_n3,violation_of_law_infringeme,違反,いはん,ihan
japanese_jlpt_n3,clothes,衣服,いふく,ifuku
japanese_jlpt_n3,living_room,居間,いま,ima
japanese_jlpt_n3,before_long_soon,今に,いまに,imani
japanese_jlpt_n3,at_any_time_soon,今にも,いまにも,imanimono
japanese_jlpt_n3,one_s_image,イメージ,イメージ,imeeji
japanese_jlpt_n3,no_the_noes,否,いや,iya
japanese_jlpt_n3,since_henceforth,以来,いらい,irai
japanese_jlpt_n3,request_dependence,依頼,いらい,irai
japanese_jlpt_n3,getting_nervous_irritation,いらいら,いらいら,iraira
japanese_jlpt_n3,welcome,いらっしゃい,いらっしゃい,irasshai
japanese_jlpt_n3,medical_care_medical_treatm,医療,いりょう,iryō
japanese_jlpt_n3,rock,岩,いわ,iwa
japanese_jlpt_n3,celebration_festival,祝い,いわい,iwai
japanese_jlpt_n3,to_congratulate_to_celebrat,祝う,いわう,iwau
japanese_jlpt_n3,so_to_speak,言わば,いわば,iwaba
japanese_jlpt_n3,the_so_called_so_to_speak,いわゆる,いわゆる,iwayuru
japanese_jlpt_n3,ink_2,インク,インク,inku
japanese_jlpt_n3,printing,印刷,いんさつ,insatsu
japanese_jlpt_n3,impression,印象,いんしょう,inshō
japanese_jlpt_n3,retirement,引退,いんたい,intai
japanese_jlpt_n3,interview,インタビュー,インタビュー,intabyū
japanese_jlpt_n3,quotation_citation,引用,いんよう,in'yō
japanese_jlpt_n3,whiskey,ウイスキー,ウイスキー,uisukī
japanese_jlpt_n3,upper_outer_surface,上,うわ,uwa
japanese_jlpt_n3,fish,魚,うお,uo
japanese_jlpt_n3,gargling,うがい,うがい,ugai
japanese_jlpt_n3,to_receive_to_get_to_accept,受け取る,うけとる,uketoru
japanese_jlpt_n3,to_move_to_shift,動かす,うごかす,ugokasu
japanese_jlpt_n3,rabbit_hare,兎,うさぎ,usagi
japanese_jlpt_n3,cattle_cow,牛,うし,ushi
japanese_jlpt_n3,to_lose_to_part_with,失う,うしなう,ushinau
japanese_jlpt_n3,to_doubt_to_distrust,疑う,うたがう,utagau
japanese_jlpt_n3,universe_cosmos_space,宇宙,うちゅう,uchū
japanese_jlpt_n3,to_attack_to_avenge,討つ,うつ,utsu
japanese_jlpt_n3,to_attack_to_shoot,撃つ,うつ,utsu
japanese_jlpt_n3,carelessly_inadvertently,うっかり,うっかり,ukkari
japanese_jlpt_n3,to_project_to_reflect_to_ca,映す,うつす,utsusu
japanese_jlpt_n3,to_complain_to_appeal_to_su,訴える,うったえる,uttaeru
japanese_jlpt_n3,to_be_photographed_to_be_pr,写る,うつる,utsuru
japanese_jlpt_n3,to_be_reflected_to_come_out,映る,うつる,utsuru
japanese_jlpt_n3,to_groan_to_moan,うなる,うなる,unaru
japanese_jlpt_n3,to_rob_to_deprive,奪う,うばう,ubau
japanese_jlpt_n3,horse_promoted_bishop_in_ja,馬,うま,uma
japanese_jlpt_n3,birth_birth_place,生まれ,うまれ,umare
japanese_jlpt_n3,yes_or_no_presence_or_absen,有無,うむ,umu
japanese_jlpt_n3,plum_lowest_of_a_three_tier,梅,うめ,ume
japanese_jlpt_n3,to_bury_to_fill_up_to_fill_,埋める,うめる,umeru
japanese_jlpt_n3,to_betray_to_turn_traitor,裏切る,うらぎる,uragiru
japanese_jlpt_n3,envious_enviable,羨ましい,うらやましい,urayamashii
japanese_jlpt_n3,to_be_sold,売れる,うれる,ureru
japanese_jlpt_n3,rumor_gossip,噂,うわさ,uwasa
japanese_jlpt_n3,fortune_luck,運,うん,un
japanese_jlpt_n3,operation_driving,運転,うんてん,unten
japanese_jlpt_n3,handle_of_a_sword_dagger_et,柄,え,e
japanese_jlpt_n3,eternity_perpetuity_immorta,永遠,えいえん,eien
japanese_jlpt_n3,eternity_perpetuity_immor_2,永久,えいきゅう,eikyuu
japanese_jlpt_n3,influence_effect,影響,えいきょう,eikyō
japanese_jlpt_n3,business_trade_management,営業,えいぎょう,eigyō
japanese_jlpt_n3,satellite,衛星,えいせい,eisei
japanese_jlpt_n3,nutrition_nourishment,栄養,えいよう,eiyō
japanese_jlpt_n3,smile_on_one_s_face,笑顔,えがお,egao
japanese_jlpt_n3,to_draw_to_depict_to_descri,描く,えがく,egaku
japanese_jlpt_n3,feed_bait,餌,えさ,esa
japanese_jlpt_n3,energy_ger_energie,エネルギー,エネルギー,enerugī
japanese_jlpt_n3,to_get_to_gain_to_win_to_le,得る,える,eru
japanese_jlpt_n3,to_get_to_gain_to_win,得る,うる,uru
japanese_jlpt_n3,circle_yen,円,えん,en
japanese_jlpt_n3,postponement_adjournment,延期,えんき,enki
japanese_jlpt_n3,acting_performance,演技,えんぎ,engi
japanese_jlpt_n3,assistance_aid_support,援助,えんじょ,enjo
japanese_jlpt_n3,engine,エンジン,エンジン,enjin
japanese_jlpt_n3,speech_address,演説,えんぜつ,enzetsu
japanese_jlpt_n3,musical_performance,演奏,えんそう,ensō
japanese_jlpt_n3,old_age_the_aged,老い,おい,oi
japanese_jlpt_n3,to_overtake_to_catch_up_wit,追い付く,おいつく,oitsuku
japanese_jlpt_n3,king,王,おう,ō
japanese_jlpt_n3,to_chase_to_run_after,追う,おう,ou
japanese_jlpt_n3,aid_assistance_help,応援,おうえん,ouen
japanese_jlpt_n3,king_2,王様,おうさま,ou-sama
japanese_jlpt_n3,prince,王子,おうじ,ouji
japanese_jlpt_n3,to_adapt_to_respond_to_comp,応じる,おうじる,oujiru
japanese_jlpt_n3,crossing,横断,おうだん,oudan
japanese_jlpt_n3,to_finish,終える,おえる,oeru
japanese_jlpt_n3,much_considerably_same_as_g,大いに,おおいに,ooini
japanese_jlpt_n3,to_cover_to_hide_to_conceal,覆う,おおう,oou
japanese_jlpt_n3,landlord,大家,おおや,oo-ya
japanese_jlpt_n3,hill_height,丘,おか,oka
japanese_jlpt_n3,open_sea,沖,おき,oki
japanese_jlpt_n3,interior_inner_part,奥,おく,oku
japanese_jlpt_n3,to_present_to_give_to_to_aw,贈る,おくる,okuru
japanese_jlpt_n3,to_occur_to_happen,起こる,おこる,okoru
japanese_jlpt_n3,to_stop_to_restrain_to_pres,押える,おさえる,osaeru
japanese_jlpt_n3,very_young_childish,幼い,おさない,osanai
japanese_jlpt_n3,to_store_to_pay_to_supply,収める,おさめる,osameru
japanese_jlpt_n3,to_store_to_pay_to_supply_2,納める,おさめる,osameru
japanese_jlpt_n3,to_govern_to_manage_to_subd,治める,おさめる,osameru
japanese_jlpt_n3,bow,お辞儀,おじぎ,ojigi
japanese_jlpt_n3,smartly_dressed_fashion_con,お洒落,おしゃれ,oshare
japanese_jlpt_n3,chattering_talk,お喋り,おしゃべり,oshaberi
japanese_jlpt_n3,pollution_contamination,汚染,おせん,osen
japanese_jlpt_n3,perhaps,恐らく,おそらく,osoraku
japanese_jlpt_n3,to_fear_to_be_afraid_of,恐れる,おそれる,osoreru
japanese_jlpt_n3,terrible_dreadful,恐ろしい,おそろしい,osoroshii
japanese_jlpt_n3,to_be_taught,教わる,おそわる,osowaru
japanese_jlpt_n3,mutual_reciprocal_each_othe,お互い,おたがい,otagai
japanese_jlpt_n3,calm_gentle_quiet,穏やか,おだやか,odayaka
japanese_jlpt_n3,man,男の人,おとこのひと,otoko no hito
japanese_jlpt_n3,obedient_docile_quiet,大人しい,おとなしい,otonashii
japanese_jlpt_n3,to_fall_behind_to_be_inferi,劣る,おとる,otoru
japanese_jlpt_n3,ogre_demon_it_e_g_in_a_game,鬼,おに,oni
japanese_jlpt_n3,band_sash,帯,おび,obi
japanese_jlpt_n3,lunch_noon,お昼,おひる,o-hiru
japanese_jlpt_n3,office,オフィス,オフィス,ofisu
japanese_jlpt_n3,to_be_drowned_to_indulge_in,溺れる,おぼれる,oboreru
japanese_jlpt_n3,you_sing_presence_of_a_high,お前,おまえ,omae
japanese_jlpt_n3,congratulations_an_auspicio,おめでとう,おめでとう,omedetou
japanese_jlpt_n3,meet_see,お目に掛かる,おめにかかる,ome ni kakaru
japanese_jlpt_n3,to_think_of_to_hit_upon,思い付く,おもいつく,omoitsuku
japanese_jlpt_n3,memories_recollections_remi,思い出,おもいで,omoide
japanese_jlpt_n3,mainly_primarily,主に,おもに,omoni
japanese_jlpt_n3,unintentional_spontaneous,思わず,おもわず,omowazu
japanese_jlpt_n3,swimming,泳ぎ,およぎ,oyogi
japanese_jlpt_n3,about_roughly_approximately,およそ,およそ,oyoso
japanese_jlpt_n3,to_exert_to_cause_to_exerci,及ぼす,およぼす,oyobosu
japanese_jlpt_n3,to_lower_to_let_go_down,下す,おろす,orosu
japanese_jlpt_n3,to_take_down_to_launch_to_d,降ろす,おろす,orosu
japanese_jlpt_n3,to_sell_wholesale_grated_ve,卸す,おろす,orosu
japanese_jlpt_n3,sound_note,音,おん,on
japanese_jlpt_n3,favor_obligation_debt_of_gr,恩,おん,on
japanese_jlpt_n3,warmth,温暖,おんだん,ondan
japanese_jlpt_n3,temperature,温度,おんど,ondo
japanese_jlpt_n3,passable,可,か,ka
japanese_jlpt_n3,mosquito,蚊,か,ka
japanese_jlpt_n3,department_division,課,か,ka
japanese_jlpt_n3,car,カー,カー,kā
japanese_jlpt_n3,card_curd,カード,カード,kādo
japanese_jlpt_n3,shell_shellfish,貝,かい,kai
japanese_jlpt_n3,harm_damage,害,がい,gai
japanese_jlpt_n3,member_the_membership,会員,かいいん,kaiin
japanese_jlpt_n3,picture_painting,絵画,かいが,kaiga
japanese_jlpt_n3,foreign_abroad_overseas,海外,かいがい,kaigai
japanese_jlpt_n3,account_finance,会計,かいけい,kaikei
japanese_jlpt_n3,settlement_solution_resolut,解決,かいけつ,kaiketsu
japanese_jlpt_n3,meeting_assembly,会合,かいごう,kaigou
japanese_jlpt_n3,diplomacy,外交,がいこう,gaikou
japanese_jlpt_n3,start_commencement_beginnin,開始,かいし,kaishi
japanese_jlpt_n3,explanation_interpretation,解釈,かいしゃく,kaishaku
japanese_jlpt_n3,outing_going_out,外出,がいしゅつ,gaishutsu
japanese_jlpt_n3,betterment_improvement,改善,かいぜん,kaizen
japanese_jlpt_n3,pleasant_agreeable,快適,かいてき,kaiteki
japanese_jlpt_n3,recovery_from_illness_rehab,回復,かいふく,kaifuku
japanese_jlpt_n3,to_keep_to_own_a_pet_to_rai,飼う,かう,kau
japanese_jlpt_n3,to_send_back,帰す,かえす,kaesu
japanese_jlpt_n3,to_exchange_to_interchange_,代える,かえる,kaeru
japanese_jlpt_n3,to_exchange_to_interchang_2,替える,かえる,kaeru
japanese_jlpt_n3,to_exchange_to_interchang_3,換える,かえる,kaeru
japanese_jlpt_n3,to_warp_to_be_warped_to_cur,反る,かえる,kaeru
japanese_jlpt_n3,aroma_fragrance,香り,かおり,kaori
japanese_jlpt_n3,painter,画家,がか,gaka
japanese_jlpt_n3,to_hold_or_carry_under_or_i,抱える,かかえる,kakaeru
japanese_jlpt_n3,price_value,価格,かかく,kakaku
japanese_jlpt_n3,chemistry,化学,かがく,kagaku
japanese_jlpt_n3,to_shine_to_glitter_to_spar,輝く,かがやく,kagayaku
japanese_jlpt_n3,person_in_charge,係,かかり,kakari
japanese_jlpt_n3,to_suffer_from,罹る,かかる,kakaru
japanese_jlpt_n3,to_restrict_to_limit_to_con,限る,かぎる,kagiru
japanese_jlpt_n3,to_scratch,掻く,かく,kaku
japanese_jlpt_n3,to_draw_to_depict_to_desc_2,描く,かく,kaku
japanese_jlpt_n3,to_sniff_to_smell,嗅ぐ,かぐ,kagu
japanese_jlpt_n3,furniture,家具,かぐ,kagu
japanese_jlpt_n3,learning_knowledge,学,がく,gaku
japanese_jlpt_n3,amount_frame,額,がく,gaku
japanese_jlpt_n3,resolution_resignation_read,覚悟,かくご,kakugo
japanese_jlpt_n3,certainty_reliability_sound,確実,かくじつ,kakujitsu
japanese_jlpt_n3,scholar,学者,がくしゃ,gakusha
japanese_jlpt_n3,study_learning,学習,がくしゅう,gakushū
japanese_jlpt_n3,to_hide_to_conceal,隠す,かくす,kakusu
japanese_jlpt_n3,magnification_enlargement,拡大,かくだい,kakudai
japanese_jlpt_n3,affirmation_confirmation,確認,かくにん,kakunin
japanese_jlpt_n3,scholarship_study_learning,学問,がくもん,gakumon
japanese_jlpt_n3,to_hide_to_be_hidden,隠れる,かくれる,kakureru
japanese_jlpt_n3,shade_shadow_other_side,影,かげ,kage
japanese_jlpt_n3,shade_shadow_other_side_2,陰,かげ,kage
japanese_jlpt_n3,to_be_lacking,欠ける,かける,kakeru
japanese_jlpt_n3,adjustment_addition_and_sub,加減,かげん,kagen
japanese_jlpt_n3,past,過去,かこ,kako
japanese_jlpt_n3,basket_cage,籠,かご,kago
japanese_jlpt_n3,to_surround_to_encircle,囲む,かこむ,kakomu
japanese_jlpt_n3,conflagration_fire,火災,かさい,kasai
japanese_jlpt_n3,to_be_piled_up_lie_on_top_o,重なる,かさなる,kasanaru
japanese_jlpt_n3,to_pile_up_to_put_something,重ねる,かさねる,kasaneru
japanese_jlpt_n3,decoration,飾り,かざり,kazari
japanese_jlpt_n3,loan_lending,貸し,かし,kashi
japanese_jlpt_n3,confectionery_sweet,菓子,かし,kashi
japanese_jlpt_n3,household_matters_housework,家事,かじ,kaji
japanese_jlpt_n3,wise_clever_smart,賢い,かしこい,kashikoi
japanese_jlpt_n3,singer,歌手,かしゅ,kashu
japanese_jlpt_n3,number_figure_amount,数,かず,kazu
japanese_jlpt_n3,to_earn_income_to_labor,稼ぐ,かせぐ,kasegu
japanese_jlpt_n3,to_count,数える,かぞえる,kazoeru
japanese_jlpt_n3,mold_model_style,型,かた,kata
japanese_jlpt_n3,shoulder,肩,かた,kata
japanese_jlpt_n3,hard_firm_solid,堅い,かたい,katai
japanese_jlpt_n3,hard_firm_solid_2,硬い,かたい,katai
japanese_jlpt_n3,persons,方々,かたがた,katagata
japanese_jlpt_n3,to_put_in_order_to_solve,片付く,かたづく,katazuku
japanese_jlpt_n3,sword_saber,刀,かたな,katana
japanese_jlpt_n3,to_talk_to_tell_to_recite,語る,かたる,kataru
japanese_jlpt_n3,win_victory,勝ち,かち,kachi
japanese_jlpt_n3,value_worth_merit,価値,かち,kachi
japanese_jlpt_n3,feel_disappointed_be_deject,がっかり,がっかり,gakkari
japanese_jlpt_n3,vigor_liveliness_vitality_e,活気,かっき,kakki
japanese_jlpt_n3,musical_instrument,楽器,がっき,gakki
japanese_jlpt_n3,term_school,学期,がっき,gakki
japanese_jlpt_n3,action_activity,活動,かつどう,katsudou
japanese_jlpt_n3,activity,活躍,かつやく,katsuyaku
japanese_jlpt_n3,conjugation_practical_use,活用,かつよう,katsuyō
japanese_jlpt_n3,assumption_supposition_hypo,仮定,かてい,katei
japanese_jlpt_n3,process,過程,かてい,katei
japanese_jlpt_n3,course_curriculum,課程,かてい,katei
japanese_jlpt_n3,to_be_sad_to_mourn_for_to_r,悲しむ,かなしむ,kanashimu
japanese_jlpt_n3,not_always_not_necessarily,必ずしも,かならずしも,kanarazushimo
japanese_jlpt_n3,considerably_fairly_quite,かなり,かなり,kanari
japanese_jlpt_n3,gold_metal_money,金,かね,kane
japanese_jlpt_n3,bell_chime,鐘,かね,kane
japanese_jlpt_n3,possible_practicable_feasib,可能,かのう,kanō
japanese_jlpt_n3,stock_stump_of_tree,株,かぶ,kabu
japanese_jlpt_n3,to_wear_to_be_covered_with,被る,かぶる,kaburu
japanese_jlpt_n3,patience_endurance_persever,我慢,がまん,gaman
japanese_jlpt_n3,first_volume_superior_qua_2,上,かみ,kami
japanese_jlpt_n3,god,神,かみ,kami
japanese_jlpt_n3,thunder,雷,かみなり,kaminari
japanese_jlpt_n3,hair_head,髪の毛,かみのけ,kaminoke
japanese_jlpt_n3,school_subject_curriculum_c,科目,かもく,kamoku
japanese_jlpt_n3,maybe_perhaps,かもしれない,かもしれない,kamishirenai
japanese_jlpt_n3,itchy_itching,かゆい,かゆい,kayui
japanese_jlpt_n3,song_ballad,歌謡,かよう,kayō
japanese_jlpt_n3,empty,空,から,kara
japanese_jlpt_n3,shell_husk_hull,殻,から,kara
japanese_jlpt_n3,pattern_build_character,柄,がら,gara
japanese_jlpt_n3,to_cut_hair_to_mow_grass_to,刈る,かる,karu
japanese_jlpt_n3,river_stream,河,かわ,kawa
japanese_jlpt_n3,skin_hide_leather,皮,かわ,kawa
japanese_jlpt_n3,leather,革,かわ,kawa
japanese_jlpt_n3,poor_pitiable_pathetic,可愛そう,かわいそう,kawaisō
japanese_jlpt_n3,lovely_sweet,可愛らしい,かわいらしい,kawairashii
japanese_jlpt_n3,to_dry,乾かす,かわかす,kawakasu
japanese_jlpt_n3,to_be_thirsty,渇く,かわく,kawaku
japanese_jlpt_n3,to_take_the_place_of_to_rel,代る,かわる,kawaru
japanese_jlpt_n3,can_tin,缶,かん,kan
japanese_jlpt_n3,perception_intuition_the_si,勘,かん,kan
japanese_jlpt_n3,thinking_thought_ideas,考え,かんがえ,kangae
japanese_jlpt_n3,sense_sensation,感覚,かんかく,kankaku
japanese_jlpt_n3,space_interval_spc,間隔,かんかく,kankaku
japanese_jlpt_n3,audience_spectator_s,観客,かんきゃく,kankyaku
japanese_jlpt_n3,environment_circumstance,環境,かんきょう,kankyō
japanese_jlpt_n3,welcome_reception,歓迎,かんげい,kangei
japanese_jlpt_n3,sightseeing,観光,かんこう,kankou
japanese_jlpt_n3,observation_survey,観察,かんさつ,kansatsu
japanese_jlpt_n3,feeling_sense_impression,感じ,かんじ,kanji
japanese_jlpt_n3,thanks_gratitude,感謝,かんしゃ,kansha
japanese_jlpt_n3,patient,患者,かんじゃ,kanja
japanese_jlpt_n3,calculation_counting_consid,勘定,かんじょう,kanjou
japanese_jlpt_n3,emotion_s_feeling_s_sentime,感情,かんじょう,kanjou
japanese_jlpt_n3,to_feel_to_sense,感じる,かんじる,kanjiru
japanese_jlpt_n3,admiration,感心,かんしん,kanshin
japanese_jlpt_n3,concern_interest,関心,かんしん,kanshin
japanese_jlpt_n3,to_concern_to_be_related,関する,かんする,kansuru
japanese_jlpt_n3,complete_completion_perfect,完成,かんせい,kansei
japanese_jlpt_n3,perfection_completeness,完全,かんぜん,kanzen
japanese_jlpt_n3,dry_arid_dehydrated,乾燥,かんそう,kansō
japanese_jlpt_n3,one_s_impressions_one_s_tho,感想,かんそう,kansō
japanese_jlpt_n3,being_deeply_moved_exciteme,感動,かんどう,kandō
japanese_jlpt_n3,supervision_control_movie_d,監督,かんとく,kantoku
japanese_jlpt_n3,control_management_e_g_of_a,管理,かんり,kanri
japanese_jlpt_n3,completion_conclusion,完了,かんりょう,kanryō
japanese_jlpt_n3,relation_connection_relevan,関連,かんれん,kanren
japanese_jlpt_n3,member_of_the_diet_congress,議員,ぎいん,giin
japanese_jlpt_n3,memory_recollection_remembr,記憶,きおく,kioku
japanese_jlpt_n3,temperature_weather_not_use,気温,きおん,kion
japanese_jlpt_n3,machine_machinery,機械,きかい,kikai
japanese_jlpt_n3,instrument,器械,きかい,kikai
japanese_jlpt_n3,diet_congress_parliament,議会,ぎかい,gikai
japanese_jlpt_n3,period_term,期間,きかん,kikan
japanese_jlpt_n3,engine_institution_organiza,機関,きかん,kikan
japanese_jlpt_n3,industry_business_undertaki,企業,きぎょう,kigyō
japanese_jlpt_n3,to_be_effective,効く,きく,kiku
japanese_jlpt_n3,deadline_term,期限,きげん,kigen
japanese_jlpt_n3,humor_temper_mood,機嫌,きげん,kigen
japanese_jlpt_n3,climate,気候,きこう,kikō
japanese_jlpt_n3,bank_coast_shore,岸,きし,kishi
japanese_jlpt_n3,fabric_dough,生地,きじ,kiji
japanese_jlpt_n3,article_news_story,記事,きじ,kiji
japanese_jlpt_n3,engineer_technician,技師,ぎし,gishi
japanese_jlpt_n3,reporter,記者,きしゃ,kisha
japanese_jlpt_n3,wound_injury_hurt,傷,きず,kizu
japanese_jlpt_n3,expectation_anticipation_ho,期待,きたい,kitai
japanese_jlpt_n3,vapor_gas,気体,きたい,kitai
japanese_jlpt_n3,returning_home,帰宅,きたく,kitaku
japanese_jlpt_n3,precious_valuable,貴重,きちょう,kichō
japanese_jlpt_n3,chairman,議長,ぎちょう,gichō
japanese_jlpt_n3,precisely_accurately,きちんと,きちんと,kichinto
japanese_jlpt_n3,tight_close_intense,きつい,きつい,kitsui
japanese_jlpt_n3,to_notice_to_recognize_to_b,気付く,きづく,kidzuku
japanese_jlpt_n3,to_like_to_be_please,気に入る,きにいる,kiniiru
japanese_jlpt_n3,entry_filling_in_of_forms,記入,きにゅう,kinyū
japanese_jlpt_n3,commemoration_memory,記念,きねん,kinen
japanese_jlpt_n3,function_faculty,機能,きのう,kinō
japanese_jlpt_n3,pitiful_a_pity,気の毒,きのどく,kinodoku
japanese_jlpt_n3,contribution_donation,寄付,きふ,kifu
japanese_jlpt_n3,hope_wish_aspiration,希望,きぼう,kibō
japanese_jlpt_n3,basic_basis,基本,きほん,kihon
japanese_jlpt_n3,settlement_conclusion_rule,決まり,きまり,kimari
japanese_jlpt_n3,like_looking_looked,気味,きみ,kimi
japanese_jlpt_n3,strange_queer_curious,奇妙,きみょう,kimyō
japanese_jlpt_n3,duty_obligation_responsibil,義務,ぎむ,gimu
japanese_jlpt_n3,question_problem_doubt,疑問,ぎもん,gimon
japanese_jlpt_n3,reverse_opposite,逆,ぎゃく,gyaku
japanese_jlpt_n3,captain,キャプテン,キャプテン,kyaputen
japanese_jlpt_n3,camp,キャンプ,キャンプ,kyanpu
japanese_jlpt_n3,ex,旧,きゅう,kyuu
japanese_jlpt_n3,class_grade_rank,級,きゅう,kyuu
japanese_jlpt_n3,globe_sphere_ball,球,きゅう,kyuu
japanese_jlpt_n3,vacation_holiday_day_off,休暇,きゅうか,kyuuka
japanese_jlpt_n3,rest_break_intermission,休憩,きゅうけい,kyuukei
japanese_jlpt_n3,sudden_precipitous_radical,急激,きゅうげき,kyuugeki
japanese_jlpt_n3,absorption_suction,吸収,きゅうしゅう,kyūshū
japanese_jlpt_n3,relief_aid_rescue,救助,きゅうじょ,kyūjo
japanese_jlpt_n3,rapid_e_g_progress,急速,きゅうそく,kyūsoku
japanese_jlpt_n3,rest_relief_relaxation,休息,きゅうそく,kyūsoku
japanese_jlpt_n3,suddenly,急に,きゅうに,kyū ni
japanese_jlpt_n3,salary_wages,給料,きゅうりょう,kyūryō
japanese_jlpt_n3,skillful_handy,器用,きよう,kiyō
japanese_jlpt_n3,textbook,教科書,きょうかしょ,kyōkasho
japanese_jlpt_n3,game_match_contest,競技,きょうぎ,kyōgi
japanese_jlpt_n3,manners,行儀,ぎょうぎ,gyōgi
japanese_jlpt_n3,supply_provision,供給,きょうきゅう,kyōkyū
japanese_jlpt_n3,teaching_instruction_profes,教授,きょうじゅ,kyōju
japanese_jlpt_n3,emphasis_stress_stressed_po,強調,きょうちょう,kyōchō
japanese_jlpt_n3,commonness_mutual,共通,きょうつう,kyōtsū
japanese_jlpt_n3,cooperation_association_col,共同,きょうどう,kyōdō
japanese_jlpt_n3,fear_terror,恐怖,きょうふ,kyōfu
japanese_jlpt_n3,cooperation_collaboration,協力,きょうりょく,kyōryoku
japanese_jlpt_n3,powerful_strong,強力,きょうりょく,kyōryoku
japanese_jlpt_n3,permission_approval,許可,きょか,kyoka
japanese_jlpt_n3,office_bureau_station_tv_ra,局,きょく,kyoku
japanese_jlpt_n3,huge_gigantic_enormous,巨大,きょだい,kyodai
japanese_jlpt_n3,to_hate_to_dislike_to_loath,嫌う,きらう,kirau
japanese_jlpt_n3,fog_mist,霧,きり,kiri
japanese_jlpt_n3,cloth_piece_cut,切れ,きれ,kire
japanese_jlpt_n3,to_cut_well_to_be_sharp_to_,切れる,きれる,kireru
japanese_jlpt_n3,record_minutes_document,記録,きろく,kiroku
japanese_jlpt_n3,argument_discussion_dispute,議論,ぎろん,giron
japanese_jlpt_n3,gold_metal_money_2,金,きん,kin
japanese_jlpt_n3,silver,銀,ぎん,gin
japanese_jlpt_n3,no_smoking,禁煙,きんえん,kin'en
japanese_jlpt_n3,amount_of_money,金額,きんがく,kingaku
japanese_jlpt_n3,safe_vault,金庫,きんこ,kinko
japanese_jlpt_n3,prohibition_ban,禁止,きんし,kinshi
japanese_jlpt_n3,money_cash,金銭,きんせん,kinsen
japanese_jlpt_n3,metal,金属,きんぞく,kinzoku
japanese_jlpt_n3,modern_times,近代,きんだい,kindai
japanese_jlpt_n3,tension_mental_strain_nervo,緊張,きんちょう,kinchō
japanese_jlpt_n3,muscle_sinews,筋肉,きんにく,kinniku
japanese_jlpt_n3,finance_money_and_banking,金融,きんゆう,kinyū
japanese_jlpt_n3,phrase,句,く,ku
japanese_jlpt_n3,male_vulg_to_eat,食う,くう,kuu
japanese_jlpt_n3,by_chance_unexpectedly,偶然,ぐうぜん,guuzen
japanese_jlpt_n3,stinky_smelly_bad_smelling,臭い,くさい,kusai
japanese_jlpt_n3,chain,鎖,くさり,kusari
japanese_jlpt_n3,to_rot_to_go_bad,腐る,くさる,kusaru
japanese_jlpt_n3,a_habit_often_a_bad_habit_p,癖,くせ,kuse
japanese_jlpt_n3,pipe_tube,管,くだ,kuda
japanese_jlpt_n3,concrete_tangible_material,具体,ぐたい,gutai
japanese_jlpt_n3,down_train_going_away_from_,下り,くだり,kudari
japanese_jlpt_n3,to_get_down_to_descend,下る,くだる,kudaru
japanese_jlpt_n3,pain_agony,苦痛,くつう,kutsū
japanese_jlpt_n3,sound_asleep_fast_asleep,ぐっすり,ぐっすり,gussuri
japanese_jlpt_n3,distinction_differentiation,区別,くべつ,kubetsu
japanese_jlpt_n3,class_team_set,組,くみ,kumi
japanese_jlpt_n3,association_union,組合,くみあい,kumiai
japanese_jlpt_n3,to_put_together,組む,くむ,kumu
japanese_jlpt_n3,to_draw_to_scoop_to_pump,汲む,くむ,kumu
japanese_jlpt_n3,to_serve_sake,酌む,くむ,kumu
japanese_jlpt_n3,regrettable_mortifying_vexi,悔しい,くやしい,kuyashii
japanese_jlpt_n3,grade_rank_about,位,くらい,kurai
japanese_jlpt_n3,living_life_style,暮らし,くらし,kurashi
japanese_jlpt_n3,classic_s,クラシック,クラシック,kurashikku
japanese_jlpt_n3,to_live_to_get_along,暮らす,くらす,kurasu
japanese_jlpt_n3,glass_grass,グラス,グラス,gurasu
japanese_jlpt_n3,gland_grand_electrical_grou,グランド,グランド,gurando
japanese_jlpt_n3,cream,クリーム,クリーム,kuriimu
japanese_jlpt_n3,to_repeat_to_do_something_o,繰り返す,くりかえす,kurikaesu
japanese_jlpt_n3,christmas,クリスマス,クリスマス,kurisumasu
japanese_jlpt_n3,to_go_mad_to_get_out_of_ord,狂う,くるう,kuruu
japanese_jlpt_n3,group,グループ,グループ,guruupu
japanese_jlpt_n3,tough_physically_strenuous,苦しい,くるしい,kurushii
japanese_jlpt_n3,to_suffer_to_groan_to_be_wo,苦しむ,くるしむ,kurushimu
japanese_jlpt_n3,year_end,暮れ,くれ,kure
japanese_jlpt_n3,hardship_suffering,苦労,くろう,kurou
japanese_jlpt_n3,to_append_to_sum_up_to_add_,加える,くわえる,kuwaeru
japanese_jlpt_n3,to_hold_something_in_the_mo,咥える,くわえる,kuwaeru
japanese_jlpt_n3,detailed_full_accurate,詳しい,くわしい,kuwashii
japanese_jlpt_n3,to_join_in_to_accede_to,加わる,くわわる,kuwawaru
japanese_jlpt_n3,native_japanese_reading_of_,訓,くん,kun
japanese_jlpt_n3,army_force_troops,軍,ぐん,gun
japanese_jlpt_n3,country_district,郡,ぐん,gun
japanese_jlpt_n3,army_troops,軍隊,ぐんたい,guntai
japanese_jlpt_n3,practice_training,訓練,くんれん,kunren
japanese_jlpt_n3,under_below_beneath_2,下,げ,ge
japanese_jlpt_n3,plan_sum_total,計,けい,kei
japanese_jlpt_n3,respect_honor,敬意,けいい,keii
japanese_jlpt_n3,management_administration,経営,けいえい,keiei
japanese_jlpt_n3,condition_state_business_co,景気,けいき,keiki
japanese_jlpt_n3,tendency_trend_inclination,傾向,けいこう,keikou
japanese_jlpt_n3,warning,警告,けいこく,keikoku
japanese_jlpt_n3,calculation_reckoning,計算,けいさん,keisan
japanese_jlpt_n3,notice_bulletin,掲示,けいじ,keiji
japanese_jlpt_n3,criminal_case_police_detect,刑事,けいじ,keiji
japanese_jlpt_n3,fine_art_the_arts,芸術,げいじゅつ,geijutsu
japanese_jlpt_n3,contract_compact_agreement,契約,けいやく,keiyaku
japanese_jlpt_n3,go_by_the_way_via,経由,けいゆ,keiyu
japanese_jlpt_n3,case,ケース,ケース,kēsu
japanese_jlpt_n3,game,ゲーム,ゲーム,gēmu
japanese_jlpt_n3,drama_play,劇,げき,geki
japanese_jlpt_n3,theater_playhouse,劇場,げきじょう,gekijō
japanese_jlpt_n3,make_up_cosmetic,化粧,けしょう,keshō
japanese_jlpt_n3,stinginess_miser,けち,けち,kechi
japanese_jlpt_n3,blood,血液,けつえき,ketsueki
japanese_jlpt_n3,result_consequence,結果,けっか,kekka
japanese_jlpt_n3,defect_fault_deficiency,欠陥,けっかん,kekkan
japanese_jlpt_n3,after_all_eventually,結局,けっきょく,kekkyoku
japanese_jlpt_n3,determination_resolution,決心,けっしん,kesshin
japanese_jlpt_n3,absence_non_attendance,欠席,けっせき,kesseki
japanese_jlpt_n3,decision_determination,決定,けってい,kettei
japanese_jlpt_n3,faults_defect_weakness,欠点,けってん,ketten
japanese_jlpt_n3,conclusion,結論,けつろん,ketsuron
japanese_jlpt_n3,smoke_fumes,煙,けむり,kemuri
japanese_jlpt_n3,to_kick,蹴る,ける,keru
japanese_jlpt_n3,ticket_certificate,券,けん,ken
japanese_jlpt_n3,prefecture,県,けん,ken
japanese_jlpt_n3,opinion_point_of_view,見解,けんかい,kenkai
japanese_jlpt_n3,limit_bound,限界,げんかい,genkai
japanese_jlpt_n3,cash,現金,げんきん,genkin
japanese_jlpt_n3,language,言語,げんご,gengo
japanese_jlpt_n3,health_y,健康,けんこう,kenkō
japanese_jlpt_n3,inspection_examination,検査,けんさ,kensa
japanese_jlpt_n3,now_same_as_present_current,現在,げんざい,genzai
japanese_jlpt_n3,reality,現実,げんじつ,genjitsu
japanese_jlpt_n3,phenomenon,現象,げんしょう,genshou
japanese_jlpt_n3,present_condition_status_qu,現状,げんじょう,genjou
japanese_jlpt_n3,construction_foundation,建設,けんせつ,kensetsu
japanese_jlpt_n3,today_present_day,現代,げんだい,gendai
japanese_jlpt_n3,construction_architecture,建築,けんちく,kenchiku
japanese_jlpt_n3,estimate_guess,見当,けんとう,kentou
japanese_jlpt_n3,consideration_examination_i,検討,けんとう,kentou
japanese_jlpt_n3,actual_spot_scene_field,現場,げんば,genba
japanese_jlpt_n3,constitution,憲法,けんぽう,kenpō
japanese_jlpt_n3,right_privilege,権利,けんり,kenri
japanese_jlpt_n3,afterwards_since_then,後,ご,go
japanese_jlpt_n3,go_board_game_of_capturing_,碁,ご,go
japanese_jlpt_n3,love_tender_passion,恋,こい,koi
japanese_jlpt_n3,thick_as_of_color_liquid_de,濃い,こい,koi
japanese_jlpt_n3,lover_sweetheart_girlfriend,恋人,こいびと,koibito
japanese_jlpt_n3,good_luck_fortune,幸運,こううん,kōun
japanese_jlpt_n3,lecture_talk,講演,こうえん,kōen
japanese_jlpt_n3,effect_result,効果,こうか,kōka
japanese_jlpt_n3,coin,硬貨,こうか,kōka
japanese_jlpt_n3,high_price,高価,こうか,kōka
japanese_jlpt_n3,luxurious_gorgeous_extravag,豪華,ごうか,gōka
japanese_jlpt_n3,success_passing_e_g_exam,合格,ごうかく,gōkaku
japanese_jlpt_n3,exchange_swap,交換,こうかん,kōkan
japanese_jlpt_n3,aviation_flying,航空,こうくう,kōkū
japanese_jlpt_n3,scene_spectacle,光景,こうけい,kōkei
japanese_jlpt_n3,sum_total_total_amount,合計,ごうけい,gōkei
japanese_jlpt_n3,attack_strike_offensive,攻撃,こうげき,kōgeki
japanese_jlpt_n3,contribution_services,貢献,こうけん,kōken
japanese_jlpt_n3,advertisement,広告,こうこく,kōkoku
japanese_jlpt_n3,friendship_association_acqu,交際,こうさい,kōsai
japanese_jlpt_n3,school_building,校舎,こうしゃ,kōsha
japanese_jlpt_n3,the_latter,後者,こうしゃ,kōsha
japanese_jlpt_n3,factory_plant,工場,こうば,kōba
japanese_jlpt_n3,justice_fairness_impartiali,公正,こうせい,kōsei
japanese_jlpt_n3,organization_composition,構成,こうせい,kōsei
japanese_jlpt_n3,high_speed_high_gear,高速,こうそく,kōsoku
japanese_jlpt_n3,action_conduct_behavior,行動,こうどう,kōdō
japanese_jlpt_n3,robbery_burglary,強盗,ごうとう,gōtō
japanese_jlpt_n3,junior_members_of_a_group,後輩,こうはい,kōhai
japanese_jlpt_n3,happiness_blessedness,幸福,こうふく,kōfuku
japanese_jlpt_n3,fairness_impartial_justice,公平,こうへい,kōhei
japanese_jlpt_n3,candidacy,候補,こうほ,kōho
japanese_jlpt_n3,consideration_taking_into_a,考慮,こうりょ,kōryo
japanese_jlpt_n3,to_exceed_to_cross_over_to_,越える,こえる,koeru
japanese_jlpt_n3,to_exceed_to_cross_over_t_2,超える,こえる,koeru
japanese_jlpt_n3,coach,コーチ,コーチ,kōchi
japanese_jlpt_n3,code_cord_chord,コード,コード,kōdo
japanese_jlpt_n3,ice_hail,氷,こおり,kōri
japanese_jlpt_n3,to_freeze_to_be_frozen_over,凍る,こおる,kōru
japanese_jlpt_n3,goal,ゴール,ゴール,gōru
japanese_jlpt_n3,misunderstanding,誤解,ごかい,gokai
japanese_jlpt_n3,language_study,語学,ごがく,gogaku
japanese_jlpt_n3,breath_respiration,呼吸,こきゅう,kokyū
japanese_jlpt_n3,hometown,故郷,こきょう,kokyō
japanese_jlpt_n3,quite_very,極,ごく,goku
japanese_jlpt_n3,national_language,国語,こくご,kokugo
japanese_jlpt_n3,nationality,国籍,こくせき,kokuseki
japanese_jlpt_n3,blackboard,黒板,こくばん,kokuban
japanese_jlpt_n3,conquest_overcome,克服,こくふく,kokufuku
japanese_jlpt_n3,national_people_citizen,国民,こくみん,kokumin
japanese_jlpt_n3,grain_cereal_corn,穀物,こくもつ,kokumotsu
japanese_jlpt_n3,hip_waist,腰,こし,koshi
japanese_jlpt_n3,pepper,胡椒,こしょう,koshō
japanese_jlpt_n3,individual_private_person,個人,こじん,kojin
japanese_jlpt_n3,to_go_over_e_g_with_audienc,越す,こす,kosu
japanese_jlpt_n3,to_cross_to_pass_to_tide_ov,超す,こす,kosu
japanese_jlpt_n3,state_country_nation,国家,こっか,kokka
japanese_jlpt_n3,national_diet_parliament_co,国会,こっかい,kokkai
japanese_jlpt_n3,national_or_state_border,国境,こっきょう,kokkyō
japanese_jlpt_n3,bone_fracture,骨折,こっせつ,kossetsu
japanese_jlpt_n3,parcel_package,小包,こづつみ,kodutsumi
japanese_jlpt_n3,japanese_harp,琴,こと,koto
japanese_jlpt_n3,to_differ_to_vary,異なる,ことなる,kotonaru
japanese_jlpt_n3,proverb_saying,諺,ことわざ,kotowaza
japanese_jlpt_n3,to_refuse_to_decline_to_dis,断る,ことわる,kotowaru
japanese_jlpt_n3,flour_powder,粉,こな,kona
japanese_jlpt_n3,liking_taste_choice,好み,このみ,konomi
japanese_jlpt_n3,to_like_to_prefer,好む,このむ,konomu
japanese_jlpt_n3,to_spill,こぼす,こぼす,kobosu
japanese_jlpt_n3,to_overflow_to_spill,こぼれる,こぼれる,koroeru
japanese_jlpt_n3,garbage_litter,塵,ごみ,gomi
japanese_jlpt_n3,wheat,小麦,こむぎ,komugi
japanese_jlpt_n3,i_beg_your_pardon_excuse_me,ごめんなさい,ごめんなさい,gomen nasai
japanese_jlpt_n3,hut_cabin_shed,小屋,こや,koya
japanese_jlpt_n3,these,これら,これら,korera
japanese_jlpt_n3,to_kill,殺す,ころす,korosu
japanese_jlpt_n3,to_fall_down_to_fall_over,転ぶ,ころぶ,korobu
japanese_jlpt_n3,now_this_time_lately,今回,こんかい,konkai
japanese_jlpt_n3,from_now_on_hereafter,今後,こんご,kongo
japanese_jlpt_n3,confusion_congestion,混雑,こんざつ,konzatsu
japanese_jlpt_n3,so_like_this_in_this_way,こんなに,こんなに,konnani
japanese_jlpt_n3,difficulty_distress,困難,こんなん,konnan
japanese_jlpt_n3,today_this_day,今日,こんにち,konnichi
japanese_jlpt_n3,hello_good_day_daytime_gree,こんにちは,こんにちは,konnichiwa
japanese_jlpt_n3,engagement_betrothal,婚約,こんやく,konyaku
japanese_jlpt_n3,chaos_confusion_mayhem,混乱,こんらん,konran
japanese_jlpt_n3,difference_variation,差,さ,sa
japanese_jlpt_n3,service_support_system_good,サービス,サービス,sābisu
japanese_jlpt_n3,on_the_occasion_of_circumst,際,さい,sai
japanese_jlpt_n3,highest_supreme_the_most,最高,さいこう,saikō
japanese_jlpt_n3,property_fortune_assets,財産,ざいさん,zaisan
japanese_jlpt_n3,last_closing,最終,さいしゅう,saishū
japanese_jlpt_n3,in_the_middle_of,最中,さいちゅう,saichū
japanese_jlpt_n3,least_lowest_worst,最低,さいてい,saitei
japanese_jlpt_n3,talent_ability,才能,さいのう,sainō
japanese_jlpt_n3,trial_judgment,裁判,さいばん,saiban
japanese_jlpt_n3,ingredients_material,材料,ざいりょう,zairyō
japanese_jlpt_n3,fortunately_luckily,幸い,さいわい,saiwai
japanese_jlpt_n3,autograph_sign_sine,サイン,サイン,sain
japanese_jlpt_n3,border_boundary_mental_stat,境,さかい,sakai
japanese_jlpt_n3,to_go_against_to_oppose_to_,逆らう,さからう,sakarau
japanese_jlpt_n3,helping_serving,盛り,さかり,sakari
japanese_jlpt_n3,work_operation_manufacturin,作業,さぎょう,sagyō
japanese_jlpt_n3,to_tear_to_split,裂く,さく,saku
japanese_jlpt_n3,last_year_yesterday,昨,さく,saku
japanese_jlpt_n3,work_opus_production,作品,さくひん,sakuhin
japanese_jlpt_n3,produce_e_g_agricultural_cr,作物,さくもつ,sakumotsu
japanese_jlpt_n3,cherry_blossom_cherry_tree,桜,さくら,sakura
japanese_jlpt_n3,alcohol_sake,酒,さけ,sake
japanese_jlpt_n3,to_shout_to_cry,叫ぶ,さけぶ,sakebu
japanese_jlpt_n3,to_avoid_physical_contact_t,避ける,さける,sakeru
japanese_jlpt_n3,support_hold_sustain,支える,ささえる,sasaeru
japanese_jlpt_n3,to_stick_to_be_stuck,刺さる,ささる,sasa-ru
japanese_jlpt_n3,to_sting_to_bite_e_g_bug_to,刺す,さす,sasu
japanese_jlpt_n3,to_point,指す,さす,sasu
japanese_jlpt_n3,to_insert_to_put_in_to_graf,挿す,さす,sasu
japanese_jlpt_n3,to_pour_drink_to_serve_drin,注す,さす,sasu
japanese_jlpt_n3,to_shine_to_strike,射す,さす,sasu
japanese_jlpt_n3,seat,座席,ざせき,zaseki
japanese_jlpt_n3,to_invite_someone_to_do_som,誘う,さそう,sasou
japanese_jlpt_n3,bill_note,札,さつ,satsu
japanese_jlpt_n3,author_writer_novelist,作家,さっか,sakka
japanese_jlpt_n3,composition_of_music,作曲,さっきょく,sakkyoku
japanese_jlpt_n3,roughly_in_round_numbers,ざっと,ざっと,zatto
japanese_jlpt_n3,feeling_refreshed_neat,さっぱり,さっぱり,sappari
japanese_jlpt_n3,well_now_typically_used_whe,さて,さて,sate
japanese_jlpt_n3,desert,砂漠,さばく,sabaku
japanese_jlpt_n3,discrimination_differentiat,差別,さべつ,sabetsu
japanese_jlpt_n3,mama,ママ,ママ,mama
japanese_jlpt_n3,beans_peas,豆,まめ,mame
japanese_jlpt_n3,to_protect_to_abide_by_the_,守る,まもる,mamoru
japanese_jlpt_n3,to_be_puzzled_to_be_perplex,迷う,まよう,mayou
japanese_jlpt_n3,circle_full_month,丸,まる,maru
japanese_jlpt_n3,circle,円,まる,maru
japanese_jlpt_n3,just_like,まるで,まるで,marude
japanese_jlpt_n3,by_some_chance_if_by_any_ch,万一,まんいち,man'ichi
japanese_jlpt_n3,satisfaction,満足,まんぞく,manzoku
japanese_jlpt_n3,body_main_part,身,み,mi
japanese_jlpt_n3,fruit_seed_good_result,実,み,mi
japanese_jlpt_n3,seeing_one_off,見送り,みおくり,miokuri
japanese_jlpt_n3,ally_supporter,味方,みかた,mikata
japanese_jlpt_n3,splendid_magnificent,見事,みごと,migoto
japanese_jlpt_n3,miss_mistake_error_failure_,ミス,ミス,misu
japanese_jlpt_n3,to_be_full_to_mature,満ちる,みちる,michiru
japanese_jlpt_n3,thick_close,密,みつ,mitsu
japanese_jlpt_n3,to_recognize_to_notice_to_a,認める,みとめる,mitomeru
japanese_jlpt_n3,expression_of_sympathy_expr,見舞い,みまい,mimai
japanese_jlpt_n3,souvenir,土産,みやげ,miyage
japanese_jlpt_n3,city_capital,都,みやこ,miyako
japanese_jlpt_n3,strange_unusual,妙,みょう,myō
japanese_jlpt_n3,day_after_tomorrow,明後日,みょうごにち,myōgo nichi
japanese_jlpt_n3,future_life_tense,未来,みらい,mirai
japanese_jlpt_n3,charm_fascination_appeal,魅力,みりょく,miryoku
japanese_jlpt_n3,to_examine_a_patient,診る,みる,miru
japanese_jlpt_n3,milk,ミルク,ミルク,miruku
japanese_jlpt_n3,nothing_naught_zero,無,む,mu
japanese_jlpt_n3,facing_opposite_across,向かい,むかい,mukai
japanese_jlpt_n3,meeting_person_sent_to_pick,迎え,むかえ,mukae
japanese_jlpt_n3,to_face,向く,むく,muku
japanese_jlpt_n3,to_peel_to_skin,剥く,むく,muku
japanese_jlpt_n3,to_turn_towards_to_point,向ける,むける,mukeru
japanese_jlpt_n3,disregard_ignore,無視,むし,mushi
japanese_jlpt_n3,humid_sultry,蒸し暑い,むしあつい,mushiatsui
japanese_jlpt_n3,cavity_tooth_decay,虫歯,むしば,mushiba
japanese_jlpt_n3,rather_better_instead,寧ろ,むしろ,mushiro
japanese_jlpt_n3,to_steam_to_poultice_to_be_,蒸す,むす,musu
japanese_jlpt_n3,to_tie_to_bind_to_link,結ぶ,むすぶ,musubu
japanese_jlpt_n3,futility_uselessness,無駄,むだ,muda
japanese_jlpt_n3,crush_crazy_be_hooked_on,夢中,むちゅう,muchū
japanese_jlpt_n3,breast_chest,胸,むね,mune
japanese_jlpt_n3,free_no_charge,無料,むりょう,muryō
japanese_jlpt_n3,sprout,芽,め,me
japanese_jlpt_n3,clear_definite,明確,めいかく,meikaku
japanese_jlpt_n3,name_card_business_card,名刺,めいし,meishi
japanese_jlpt_n3,noun,名詞,めいし,meishi
japanese_jlpt_n3,to_order_to_command_to_appo,命じる,めいじる,meijiru
japanese_jlpt_n3,master_expert,名人,めいじん,meijin
japanese_jlpt_n3,order_command_decree,命令,めいれい,meirei
japanese_jlpt_n3,trouble_bother_annoyance,迷惑,めいわく,meiwaku
japanese_jlpt_n3,person_of_higher_status_one,目上,めうえ,meue
japanese_jlpt_n3,meals_food,飯,めし,meshi
japanese_jlpt_n3,rarely_with_neg_verb_seldom,滅多に,めったに,metta ni
japanese_jlpt_n3,memorandum_note,メモ,メモ,memo
japanese_jlpt_n3,face_mug_surface_side_or_fa,面,めん,men
japanese_jlpt_n3,cotton,綿,めん,men
japanese_jlpt_n3,license_permit_certificate,免許,めんきょ,menkyo
japanese_jlpt_n3,interview_2,面接,めんせつ,mensetsu
japanese_jlpt_n3,trouble_attention,面倒,めんどう,mendō
japanese_jlpt_n3,member,メンバー,メンバー,menbā
japanese_jlpt_n3,to_apply_for_to_make_an_app,申し込む,もうしこむ,mōshikomu
japanese_jlpt_n3,apology_excuse,申し訳,もうしわけ,mōshiwake
japanese_jlpt_n3,blanket,毛布,もうふ,mōfu
japanese_jlpt_n3,to_burn,燃える,もえる,moeru
japanese_jlpt_n3,purpose_goal_aim,目的,もくてき,mokuteki
japanese_jlpt_n3,mark_objective_target,目標,もくひょう,mokuhyō
japanese_jlpt_n3,letter_of_alphabet_characte,文字,もじ,moji
japanese_jlpt_n3,letter_of_alphabet_charac_2,文字,もんじ,monji
japanese_jlpt_n3,perhaps_maybe_by_some_chanc,もしかすると,もしかすると,moshikarasuru to
japanese_jlpt_n3,if,もしも,もしも,moshimo
japanese_jlpt_n3,to_raise_to_lift_up_to_flat,持ち上げる,もちあげる,mochiageru
japanese_jlpt_n3,to_use_to_make_use_of,用いる,もちいる,mochiiru
japanese_jlpt_n3,wasteful_more_than_one_dese,もったいない,もったいない,mottainai
japanese_jlpt_n3,quite_right_plausible_natur,尤も,もっとも,mottomo
japanese_jlpt_n3,origin_original_former,元,もと,moto
japanese_jlpt_n3,basis,基,もと,moto
japanese_jlpt_n3,prime,素,もと,moto
japanese_jlpt_n3,to_restore_to_put_back_to_r,戻す,もどす,modosu
japanese_jlpt_n3,to_be_grounded_on_to_be_bas,基づく,もとづく,motodzuku
japanese_jlpt_n3,to_request_to_ask_for_to_se,求める,もとめる,motomeru
japanese_jlpt_n3,person_same_as,者,もの,mono
japanese_jlpt_n3,sounds,物音,ものおと,mono'oto
japanese_jlpt_n3,tale_story_legend,物語,ものがたり,monogatari
japanese_jlpt_n3,things_everything,物事,ものごと,monogoto
japanese_jlpt_n3,to_burn_2,燃やす,もやす,moyasu
japanese_jlpt_n3,pattern_figure_design,模様,もよう,moyou
japanese_jlpt_n3,a_complaint,文句,もんく,monku
japanese_jlpt_n3,before_long_soon_at_length,やがて,やがて,yagate
japanese_jlpt_n3,role_position,役,やく,yaku
japanese_jlpt_n3,approximately_about_some,約,やく,yaku
japanese_jlpt_n3,translation,訳,やく,yaku
japanese_jlpt_n3,to_translate,訳す,やくす,yakusu
japanese_jlpt_n3,assigning_allotment_of_part,役割,やくわり,yakuwari
japanese_jlpt_n3,rent,家賃,やちん,yachin
japanese_jlpt_n3,trouble_burden_care,厄介,やっかい,yakkai
japanese_jlpt_n3,inn_lodging,宿,やど,yado
japanese_jlpt_n3,to_employ_to_hire,雇う,やとう,yatou
japanese_jlpt_n3,roof,屋根,やね,yane
japanese_jlpt_n3,to_tear_to_violate_to_defea,破る,やぶる,yaburu
japanese_jlpt_n3,to_get_torn_to_wear_out,破れる,やぶれる,yabureru
japanese_jlpt_n3,to_retire,辞める,やめる,yameru
japanese_jlpt_n3,a_little_partially_somewhat,やや,やや,yaya
japanese_jlpt_n3,only_sole_unique,唯一,ゆいいつ,yuiitsu
japanese_jlpt_n3,courage_bravery_boldness,勇気,ゆうき,yuuki
japanese_jlpt_n3,friendship,友好,ゆうこう,yuukou
japanese_jlpt_n3,valid_effectual,有効,ゆうこう,yuukou
japanese_jlpt_n3,superiority_excellence,優秀,ゆうしゅう,yuushuu
japanese_jlpt_n3,overall_victory_championshi,優勝,ゆうしょう,yuushou
japanese_jlpt_n3,friendship_fellowship,友情,ゆうじょう,yūjō
japanese_jlpt_n3,friend_formal,友人,ゆうじん,yūjin
japanese_jlpt_n3,able_capable_efficient,有能,ゆうのう,yūnō
japanese_jlpt_n3,mail_postal_service,郵便,ゆうびん,yūbin
japanese_jlpt_n3,humor,ユーモア,ユーモア,yūmoa
japanese_jlpt_n3,advantageous_better,有利,ゆうり,yūri
japanese_jlpt_n3,floor,床,ゆか,yuka
japanese_jlpt_n3,pleasant_happy,愉快,ゆかい,yukai
japanese_jlpt_n3,to_turn_over_to_assign_to_h,譲る,ゆずる,yuzuru
japanese_jlpt_n3,abundant_wealthy_plentiful_,豊か,ゆたか,yutaka
japanese_jlpt_n3,to_boil,茹でる,ゆでる,yuderu
japanese_jlpt_n3,to_permit_to_allow_to_appro,許す,ゆるす,yurusu
japanese_jlpt_n3,evening_night,夜,よ,yo
japanese_jlpt_n3,dawn_daybreak,夜明け,よあけ,yoake
japanese_jlpt_n3,to_get_drunk,酔う,よう,you
japanese_jlpt_n3,easy_simple_plain,容易,ようい,youi
japanese_jlpt_n3,container_vessel,容器,ようき,youki
japanese_jlpt_n3,season_weather_cheerfulness,陽気,ようき,youki
japanese_jlpt_n3,request_demand,要求,ようきゅう,youkyuu
japanese_jlpt_n3,care_precaution_caution,用心,ようじん,youjin
japanese_jlpt_n3,aspect_state_appearance,様子,ようす,yōsu
japanese_jlpt_n3,in_a_word_after_all_in_shor,要するに,ようするに,yōsuru ni
japanese_jlpt_n3,element,要素,ようそ,yōso
japanese_jlpt_n3,gist_main_point,要点,ようてん,yōten
japanese_jlpt_n3,day_of_the_week,曜日,ようび,yōbi
japanese_jlpt_n3,europe,ヨーロッパ,ヨーロッパ,yōroppa
japanese_jlpt_n3,expectation_forecast,予期,よき,yoki
japanese_jlpt_n3,to_cross_e_g_arms_to_traver,横切る,よこぎる,yokogiru
japanese_jlpt_n3,to_pollute_to_make_dirty,汚す,よごす,yogosu
japanese_jlpt_n3,estimate_budget,予算,よさん,yosan
japanese_jlpt_n3,to_cease_to_give_up,止す,よす,yosu
japanese_jlpt_n3,to_collect_to_gather_to_put,寄せる,よせる,yoseru
japanese_jlpt_n3,prediction_estimation,予測,よそく,yosoku
japanese_jlpt_n3,yacht,ヨット,ヨット,yotto
japanese_jlpt_n3,midnight_dead_of_night,夜中,よなか,yonaka
japanese_jlpt_n3,society_the_world,世の中,よのなか,yononaka
japanese_jlpt_n3,extra_excess_surplus,余分,よぶん,yobun
japanese_jlpt_n3,forecast_prediction,予報,よほう,yohō
japanese_jlpt_n3,prevention_protection_again,予防,よぼう,yobō
japanese_jlpt_n3,reading,読み,よみ,yomi
japanese_jlpt_n3,bride_daughter_in_law,嫁,よめ,yome
japanese_jlpt_n3,excess_surplus,余裕,よゆう,yoyuu
japanese_jlpt_n3,twist_ply,より,より,yori
japanese_jlpt_n3,to_come_from,因る,よる,yoru
japanese_jlpt_n3,joy_pleasure_rejoicing,喜び,よろこび,yorokobi
japanese_jlpt_n3,best_regards_please_remembe,よろしく (かん),よろしく (かん),yoroshiku (kan)
japanese_jlpt_n3,four,四,よん,yon
japanese_jlpt_n3,next,来,らい～,rai~
japanese_jlpt_n3,lighter_writer,ライター,ライター,raitaa
japanese_jlpt_n3,comfort_ease,楽,らく,raku
japanese_jlpt_n3,racket,ラケット,ラケット,raketto
japanese_jlpt_n3,profits_gains,利益,りえき,rieki
japanese_jlpt_n3,understanding_comprehension,理解,りかい,rikai
japanese_jlpt_n3,land_shore,陸,りく,riku
japanese_jlpt_n3,clever_shrewd_bright,利口,りこう,rikou
japanese_jlpt_n3,divorce,離婚,りこん,rikon
japanese_jlpt_n3,ideal,理想,りそう,risou
japanese_jlpt_n3,rate_ratio_percentage,率,りつ,ritsu
japanese_jlpt_n3,studying_abroad,留学,りゅうがく,ryuugaku
japanese_jlpt_n3,fashionable_fad_prevailing,流行,りゅうこう,ryuukou
japanese_jlpt_n3,quantity_amount,量,りょう,ryō
japanese_jlpt_n3,hostel_dormitory,寮,りょう,ryō
japanese_jlpt_n3,change_money_exchange,両替,りょうがえ,ryōgae
japanese_jlpt_n3,fee_charge_fare,料金,りょうきん,ryōkin
japanese_jlpt_n3,instance_example_case,例,れい,rei
japanese_jlpt_n3,expression_of_gratitude_bow,礼,れい,rei
japanese_jlpt_n3,exception,例外,れいがい,reigai
japanese_jlpt_n3,manners_courtesy_etiquette,礼儀,れいぎ,reigi
japanese_jlpt_n3,calm_coolness,冷静,れいせい,reisei
japanese_jlpt_n3,queue_line_row,列,れつ,retsu
japanese_jlpt_n3,train_ordinary,列車,れっしゃ,ressha
japanese_jlpt_n3,level,レベル,レベル,reberu
japanese_jlpt_n3,association_of_ideas_sugges,連想,れんそう,rensou
japanese_jlpt_n3,consecutive_continuity_cont,連続,れんぞく,renzoku
japanese_jlpt_n3,the_aged_old_person,老人,ろうじん,roujin
japanese_jlpt_n3,labor_work,労働,ろうどう,roudou
japanese_jlpt_n3,locket_rocket,ロケット,ロケット,roketto
japanese_jlpt_n3,to_argue_to_discuss,論じる,ろんじる,ronjiru
japanese_jlpt_n3,controversy_dispute,論争,ろんそう,ronsou
japanese_jlpt_n3,thesis_paper,論文,ろんぶん,ronbun
japanese_jlpt_n3,ring_hoop_circle,輪,わ,wa
japanese_jlpt_n3,wine,ワイン,ワイン,wain
japanese_jlpt_n3,selfishness_egoism_willfuln,わがまま,わがまま,wagamama
japanese_jlpt_n3,parting_separation_farewell,別れ,わかれ,wakare
japanese_jlpt_n3,to_branch_off_to_diverge_fr,分かれる,わかれる,wakareru
japanese_jlpt_n3,side,脇,わき,waki
japanese_jlpt_n3,to_boil_to_grow_hot,湧く,わく,waku
japanese_jlpt_n3,to_divide_to_separate,分ける,わける,wakeru
japanese_jlpt_n3,on_purpose,わざと,わざと,wazato
japanese_jlpt_n3,only_merely_a_little,僅か,わずか,wazuka
japanese_jlpt_n3,cotton_2,綿,わた,wata
japanese_jlpt_n3,topic_subject,話題,わだい,wadai
japanese_jlpt_n3,laugh_laughter_smile,笑い,わらい,warai
japanese_jlpt_n3,to_divide_to_break,割る,わる,waru
japanese_jlpt_n3,abuse_insult,悪口,わるくち,warukuchi
japanese_jlpt_n3,we,我々,われわれ,wareware
japanese_jlpt_n3,bay_gulf_inlet,湾,わん,wan
japanese_jlpt_n3,bowl,椀,わん,wan
japanese_jlpt_n3,bowl_2,碗,わん,wan
japanese_jlpt_n3,evil_vice,悪,あく,aku
japanese_jlpt_n3,hit_success_reaching_the_ma,当り,あたり,atari
japanese_jlpt_n3,up,アップ,アップ,appu
japanese_jlpt_n3,to_address_to_put,宛てる,あてる,ateru
japanese_jlpt_n3,questionnaire_fre_enquete_s,アンケート,アンケート,ankēto
japanese_jlpt_n3,difference_of_opinion,異,い,i
japanese_jlpt_n3,will,意,い,i
japanese_jlpt_n3,doctor_s_office_surgery_cli,医院,いいん,iin
japanese_jlpt_n3,anger,怒り,いかり,ikari
japanese_jlpt_n3,chic_style_purity,粋,いき,iki
japanese_jlpt_n3,disposition_spirit_obstinac,意地,いじ,iji
japanese_jlpt_n3,still_as_yet,依然,いぜん,izen
japanese_jlpt_n3,to_damage_to_impair_to_spoi,傷める,いためる,itameru
japanese_jlpt_n3,to_stir_fry,炒める,いためる,itameru
japanese_jlpt_n3,a_region_the_whole_place,一帯,いったい,ittai
japanese_jlpt_n3,a_change_transfer,異動,いどう,idō
japanese_jlpt_n3,clothing,衣料,いりょう,iryō
japanese_jlpt_n3,swirl,渦,うず,uzu
japanese_jlpt_n3,to_be_buried_to_be_filled,埋まる,うまる,umaru
japanese_jlpt_n3,to_give_birth_v_t_to_delive,産む,うむ,umu
japanese_jlpt_n3,chance_tie_relationship,縁,えん,en
japanese_jlpt_n3,tail_ridge,尾,お,o
japanese_jlpt_n3,to_bear_to_owe,負う,おう,ou
japanese_jlpt_n3,delay_lag,遅れ,おくれ,okure
japanese_jlpt_n3,teachings_doctrine,教え,おしえ,oshie
japanese_jlpt_n3,surprise_astonishment_wonde,驚き,おどろき,odoroki
japanese_jlpt_n3,to_weave,織る,おる,oru
japanese_jlpt_n3,to_lack_to_crack,欠く,かく,kaku
japanese_jlpt_n3,angle,角,かく,kaku
japanese_jlpt_n3,nucleus_kernel,核,かく,kaku
japanese_jlpt_n3,status_character_case,格,かく,kaku
japanese_jlpt_n3,academic_background,学歴,がくれき,gakureki
japanese_jlpt_n3,to_run,駆ける,かける,kakeru
japanese_jlpt_n3,to_bet_to_risk_to_gamble,賭ける,かける,kakeru
japanese_jlpt_n3,subject_theme_task,課題,かだい,kadai
japanese_jlpt_n3,tidying_up_finishing,片付け,かたづけ,katazuke
japanese_jlpt_n3,seasoning_flavoring,加味,かみ,kami
japanese_jlpt_n3,borrowing_debt_loan,借り,かり,kari
japanese_jlpt_n3,hunting,狩り,かり,kari
japanese_jlpt_n3,pipe_tube_2,管,かん,kan
japanese_jlpt_n3,feeling_view,～観,かん,kan
japanese_jlpt_n3,cancer,癌,がん,gan
japanese_jlpt_n3,publication_issue,刊行,かんこう,kankou
japanese_jlpt_n3,customary_practice_habit_tr,慣行,かんこう,kankou
japanese_jlpt_n3,cheer_shout_of_joy,歓声,かんせい,kansei
japanese_jlpt_n3,bureaucrat_bureaucracy,官僚,かんりょう,kanryou
japanese_jlpt_n3,organ_of_body_instrument,器官,きかん,kikan
japanese_jlpt_n3,quarterly_e_g_magazine,季刊,きかん,kikan
japanese_jlpt_n3,origin_beginning_rise,起源,きげん,kigen
japanese_jlpt_n3,mechanism_organization,機構,きこう,kikou
japanese_jlpt_n3,to_build_to_establish,築く,きずく,kizuku
japanese_jlpt_n3,regulation,規制,きせい,kisei
japanese_jlpt_n3,hill,丘陵,きゅうりょう,kyūryō
japanese_jlpt_n3,conference_discussion_negot,協議,きょうぎ,kyōgi
japanese_jlpt_n3,enjoyment_being_given,享受,きょうじゅ,kyōju
japanese_jlpt_n3,co_operation_conciliation_h,協調,きょうちょう,kyōchō
japanese_jlpt_n3,limits_place_to_leave_off,切り,きり,kiri
japanese_jlpt_n3,germ_bacterium,菌,きん,kin
japanese_jlpt_n3,nearsightedness,近視,きんし,kinshi
japanese_jlpt_n3,trouble_worry_difficulty,苦,く,ku
japanese_jlpt_n3,group_2,群,ぐん,gun
japanese_jlpt_n3,penalty_sentence_punishment,刑,けい,kei
japanese_jlpt_n3,sequence_of_events_course,経緯,けいい,keii
japanese_jlpt_n3,meter_gauge,計器,けいき,keiki
japanese_jlpt_n3,opportunity_chance,契機,けいき,keiki
japanese_jlpt_n3,carrying_something_mobile_t,携帯,けいたい,keitai
japanese_jlpt_n3,form_shape_figure,形態,けいたい,keitai
japanese_jlpt_n3,blood_vessel,血管,けっかん,kekkan
japanese_jlpt_n3,doing_with_resolve_carrying,決行,けっこう,kekkō
japanese_jlpt_n3,matter_case_item,件,けん,ken
japanese_jlpt_n3,decrease_reduction_decline,減少,げんしょう,genshō
japanese_jlpt_n3,public_performance,公演,こうえん,kōen
japanese_jlpt_n3,regret_repentance,後悔,こうかい,kōkai
japanese_jlpt_n3,sail_voyage,航海,こうかい,kōkai
japanese_jlpt_n3,restriction_restraint,拘束,こうそく,kōsoku
japanese_jlpt_n3,ruin,荒廃,こうはい,kōhai
japanese_jlpt_n3,capitulation_surrender_subm,降伏,こうふく,kōfuku
japanese_jlpt_n3,excitement_stimulation,興奮,こうふん,kōfun
japanese_jlpt_n3,words_phrases,語句,ごく,goku
japanese_jlpt_n3,individual_one_by_one,個々,ここ,koko
japanese_jlpt_n3,the_deceased,故人,こじん,kojiin
japanese_jlpt_n3,coins_small_change,小銭,こぜに,kozeni
japanese_jlpt_n3,depending_on_the_circumstan,ことによると,ことによると,koto ni yoru to
japanese_jlpt_n3,contest,コンテスト,コンテスト,kontesuto
japanese_jlpt_n3,collecting_gathering,採集,さいしゅう,saishuu
japanese_jlpt_n3,a_work_a_harvest,作,さく,saku
japanese_jlpt_n3,plan_policy,策,さく,saku
japanese_jlpt_n3,equipment_device_facilities,設備,せつび,setsubi
japanese_jlpt_n3,destruction_extinction,絶滅,ぜつめつ,zetsumetsu
japanese_jlpt_n3,economizing_saving,節約,せつやく,setsuyaku
japanese_jlpt_n3,to_attack_to_assault,攻める,せめる,semeru
japanese_jlpt_n3,to_condemn_to_blame_to_crit,責める,せめる,semeru
japanese_jlpt_n3,good_virtue,善,ぜん,zen
japanese_jlpt_n3,all_whole_entire,全,ぜん,zen
japanese_jlpt_n3,all_members,全員,ぜんいん,zenn'in
japanese_jlpt_n3,major_subject_special_study,専攻,せんこう,senkō
japanese_jlpt_n3,the_entire_nation_country_w,全国,ぜんこく,zenkoku
japanese_jlpt_n3,detergent,洗剤,せんざい,senzai
japanese_jlpt_n3,the_other_day_a_few_days_ag,先日,せんじつ,senjitsu
japanese_jlpt_n3,the_former,前者,ぜんしゃ,zensha
japanese_jlpt_n3,player_selected_for_a_team_,選手,せんしゅ,senshu
japanese_jlpt_n3,the_whole_body_full_length_,全身,ぜんしん,zenshin
japanese_jlpt_n3,advance_drive_progress,前進,ぜんしん,zenshin
japanese_jlpt_n3,center,センター,センター,sentaa
japanese_jlpt_n3,whole_entirety_whatever_is_,全体,ぜんたい,zentai
japanese_jlpt_n3,selection_choice,選択,せんたく,sentaku
japanese_jlpt_n3,advertisement_publicity,宣伝,せんでん,senden
japanese_jlpt_n3,elephant,象,ぞう,zou
japanese_jlpt_n3,noise,騒音,そうおん,souon
japanese_jlpt_n3,increase_addition,増加,ぞうか,zouka
japanese_jlpt_n3,operation_management_proces,操作,そうさ,sousa
japanese_jlpt_n3,imagination_guess,想像,そうぞう,sōzō
japanese_jlpt_n3,succession_inheritance,相続,そうぞく,sōzoku
japanese_jlpt_n3,equipment_installation_appa,装置,そうち,sōchi
japanese_jlpt_n3,considerably_fairly_worth,相当,そうとう,sōtō
japanese_jlpt_n3,speed_velocity_rate,速度,そくど,sokudo
japanese_jlpt_n3,bottom_sole,底,そこ,soko
japanese_jlpt_n3,so_conj_accordingly,そこで,そこで,sokode
japanese_jlpt_n3,organization_structure_tiss,組織,そしき,soshiki
japanese_jlpt_n3,and_then,そして,そして,soshite
japanese_jlpt_n3,to_pour_into,注ぐ,そそぐ,sosogu
japanese_jlpt_n3,to_be_brought_up_to_grow_up,育つ,そだつ,sodatsu
japanese_jlpt_n3,the_splitting_image_of_enti,そっくり,そっくり,sokkuri
japanese_jlpt_n3,softly_gently,そっと,そっと,sotto
japanese_jlpt_n3,sleeve,袖,そで,sode
japanese_jlpt_n3,to_prepare_to_furnish_to_st,備える,そなえる,sonaeru
japanese_jlpt_n3,to_be_furnished_with,具える,そなえる,sonaeru
japanese_jlpt_n3,in_addition_furthermore,そのうえ,そのうえ,sono ue
japanese_jlpt_n3,before_long_eventually_soon,そのうち,そのうち,sono uchi
japanese_jlpt_n3,without_change_as_it_is_e_g,そのまま,そのまま,sono mama
japanese_jlpt_n3,soba_buckwheat_noodles,蕎麦,そば,soba
japanese_jlpt_n3,respect_reverence_honor,尊敬,そんけい,sonkei
japanese_jlpt_n3,existence_being,存在,そんざい,sonzai
japanese_jlpt_n3,respect_esteem_regard,尊重,そんちょう,sonchou
japanese_jlpt_n3,rice_field,田,た,ta
japanese_jlpt_n3,other_esp_places_and_things,他,た,ta
japanese_jlpt_n3,pair_couple_set,対,たい,tai
japanese_jlpt_n3,big_great,大,だい,dai
japanese_jlpt_n3,title_subject_theme,題,だい,dai
japanese_jlpt_n3,physical_education_gymnasti,体育,たいいく,taiiku
japanese_jlpt_n3,temperature_body,体温,たいおん,taion
japanese_jlpt_n3,convention_big_tournament_m,大会,たいかい,taikai
japanese_jlpt_n3,atmosphere,大気,たいき,taiki
japanese_jlpt_n3,price_cost,代金,だいきん,daikin
japanese_jlpt_n3,tedium_boring,退屈,たいくつ,taikutsu
japanese_jlpt_n3,stay_sojourn,滞在,たいざい,taizai
japanese_jlpt_n3,ambassador,大使,たいし,taishi
japanese_jlpt_n3,significant_great_considera,大した,たいした,taishita
japanese_jlpt_n3,body_weight,体重,たいじゅう,taijū
japanese_jlpt_n3,target_object_of_worship_st,対象,たいしょう,taishō
japanese_jlpt_n3,contrast_antithesis_compari,対照,たいしょう,taishō
japanese_jlpt_n3,cabinet_minister,大臣,だいじん,daijin
japanese_jlpt_n3,to_face_to_confront_to_oppo,対する,たいする,taisuru
japanese_jlpt_n3,great_war_great_battle,大戦,たいせん,taisen
japanese_jlpt_n3,attitude_manner,態度,たいど,taido
japanese_jlpt_n3,president,大統領,だいとうりょう,daitōryō
japanese_jlpt_n3,most_of_majority_mostly,大半,たいはん,taihan
japanese_jlpt_n3,representative_delegation,代表,だいひょう,daihyō
japanese_jlpt_n3,most_part_majority,大部分,だいぶぶん,daibubun
japanese_jlpt_n3,typewriter,タイプライター,タイプライター,taipu raita
japanese_jlpt_n3,arrest_apprehension_capture,逮捕,たいほ,taiho
japanese_jlpt_n3,title,題名,だいめい,daimei
japanese_jlpt_n3,railway_schedule_diamond,ダイヤ,ダイヤ,daiya
japanese_jlpt_n3,sun,太陽,たいよう,taiyō
japanese_jlpt_n3,flatness_level_smooth,平ら,たいら,taira
japanese_jlpt_n3,representation_proxy_deputy,代理,だいり,dairi
japanese_jlpt_n3,continent,大陸,たいりく,tairiku
japanese_jlpt_n3,to_throw_down_to_beat,倒す,たおす,taosu
japanese_jlpt_n3,hand_towel,タオル,タオル,taoru
japanese_jlpt_n3,but_however,だが,だが,daga
japanese_jlpt_n3,mutual_each_other,互い,たがい,tagai
japanese_jlpt_n3,to_be_saved_something_helps,助かる,たすかる,tasukaru
japanese_jlpt_n3,to_help_v_t_to_save_to_resc,助ける,たすける,tasukeru
japanese_jlpt_n3,free_of_charge_just_only,ただ,ただ,tada
japanese_jlpt_n3,free_of_charge_mere_only,只,ただ,tada
japanese_jlpt_n3,mere_sole_plain,唯,ただ,tada
japanese_jlpt_n3,battle_fight,戦い,たたかい,tatakai
japanese_jlpt_n3,to_fight_to_compete_to_batt,戦う,たたかう,tatakau
japanese_jlpt_n3,to_strike_to_beat,叩く,たたく,tataku
japanese_jlpt_n3,at_once_immediately,直ちに,ただちに,tadachini
japanese_jlpt_n3,to_fold_clothes,畳む,たたむ,tatamu
japanese_jlpt_n3,to_stand_up,立ち上がる,たちあがる,tachiagaru
japanese_jlpt_n3,standpoint_position_situati,立場,たちば,tachiba
japanese_jlpt_n3,to_stand_to_be_built_v_i_to,建つ,たつ,tatsu
japanese_jlpt_n3,time_passes,経つ,たつ,tatsu
japanese_jlpt_n3,to_reach_to_get_to,達する,たっする,tassuru
japanese_jlpt_n3,only_just,唯,たった,tatta
japanese_jlpt_n3,but_because_even,だって,だって,datte
japanese_jlpt_n3,full_in_plenty_ample,たっぷり,たっぷり,tappuri
japanese_jlpt_n3,even_if_no_matter_though,たとえ,たとえ,tatoe
japanese_jlpt_n3,valley,谷,たに,tani
japanese_jlpt_n3,unrelated_person_stranger,他人,たにん,tanin
japanese_jlpt_n3,seed_material_cause,種,たね,tane
japanese_jlpt_n3,bunch_bundle,束,たば,taba
japanese_jlpt_n3,japanese_socks_with_split_t,足袋,たび,tabi
japanese_jlpt_n3,counter_for_occurrences,度,たび,tabi
japanese_jlpt_n3,travel_trip_journey,旅,たび,tabi
japanese_jlpt_n3,often_repeatedly_frequently,たびたび,たびたび,tabitabi
japanese_jlpt_n3,ball_sphere_coin,玉,たま,tama
japanese_jlpt_n3,globe_sphere_ball_2,球,たま,tama
japanese_jlpt_n3,bullet_shot,弾,たま,tama
japanese_jlpt_n3,even_number_couple_friend,偶,たま,tama
japanese_jlpt_n3,to_trick_to_cheat_to_deceiv,騙す,だます,damasu
japanese_jlpt_n3,unexpectedly_accidentally_b,偶々,たまたま,tamatama
japanese_jlpt_n3,intolerable_unbearable_unen,たまらない,たまらない,tamaranai
japanese_jlpt_n3,to_collect_to_gather_to_acc,溜まる,たまる,tamaru
japanese_jlpt_n3,to_be_silent,黙る,だまる,damaru
japanese_jlpt_n3,trial_test,試し,ためし,tameshi
japanese_jlpt_n3,to_attempt_to_test,試す,ためす,tamesu
japanese_jlpt_n3,to_accumulate_to_collect,溜める,ためる,tameru
japanese_jlpt_n3,news_correspondence_letter,便り,たより,tayori
japanese_jlpt_n3,to_rely_on_to_have_recourse,頼る,たよる,tayoru
japanese_jlpt_n3,step_stair_grade,段,だん,dan
japanese_jlpt_n3,credit_for_a_course_in_scho,単位,たんい,tan'i
japanese_jlpt_n3,word_vocabulary,単語,たんご,tango
japanese_jlpt_n3,young_man,男子,だんし,danshi
japanese_jlpt_n3,simplicity,単純,たんじゅん,tanjun
japanese_jlpt_n3,birth_2,誕生,たんじょう,tanjō
japanese_jlpt_n3,dance,ダンス,ダンス,dansu
japanese_jlpt_n3,organization_association,団体,だんたい,dantai
japanese_jlpt_n3,in_charge,担当,たんとう,tantō
japanese_jlpt_n3,mere_simple_sheer,単なる,たんなる,tannaru
japanese_jlpt_n3,simply_merely,単に,たんに,tan ni
japanese_jlpt_n3,earth,地,ち,chi
japanese_jlpt_n3,social_position_status,地位,ちい,chii
japanese_jlpt_n3,area_region,地域,ちいき,chiiki
japanese_jlpt_n3,cheese,チーズ,チーズ,chīzu
japanese_jlpt_n3,team,チーム,チーム,chīmu
japanese_jlpt_n3,wisdom_wit_intelligence,知恵,ちえ,chie
japanese_jlpt_n3,basement_underground,地下,ちか,chika
japanese_jlpt_n3,difference_discrepancy,違い,ちがい,chigai
japanese_jlpt_n3,phrase_sure_no_mistaking_it,違いない,ちがいない,chigainai
japanese_jlpt_n3,lately_recently_nowadays,近頃,ちかごろ,chikagoro
japanese_jlpt_n3,the_earth,地球,ちきゅう,chikyuu
japanese_jlpt_n3,district_section,地区,ちく,chiku
japanese_jlpt_n3,lateness_late_coming,遅刻,ちこく,chikoku
japanese_jlpt_n3,prefectural_governor,知事,ちじ,chiji
japanese_jlpt_n3,knowledge_information,知識,ちしき,chishiki
japanese_jlpt_n3,father,父親,ちちおや,chichioya
japanese_jlpt_n3,intelligence_brains,知能,ちのう,chinou
japanese_jlpt_n3,horizon,地平線,ちへいせん,chiheisen
japanese_jlpt_n3,area_locality_region,地方,ちほう,chihou
japanese_jlpt_n3,tea,茶,ちゃ,cha
japanese_jlpt_n3,chance_opportunity,チャンス,チャンス,chansu
japanese_jlpt_n3,perfectly_properly_exactly,ちゃんと,ちゃんと,chanto
japanese_jlpt_n3,inside_middle_among,中,ちゅう,chū
japanese_jlpt_n3,annotation_explanatory_note,注,ちゅう,chū
japanese_jlpt_n3,central_center_middle,中央,ちゅうおう,chūō
japanese_jlpt_n3,middle_school_junior_high_s,中学,ちゅうがく,chūgaku
japanese_jlpt_n3,used_second_hand,中古,ちゅうこ,chūko
japanese_jlpt_n3,suspension_stoppage_discont,中止,ちゅうし,chūshi
japanese_jlpt_n3,parking_e_g_car,駐車,ちゅうしゃ,chūsha
japanese_jlpt_n3,lunch_same_as,昼食,ちゅうしょく,chūshoku
japanese_jlpt_n3,center_core,中心,ちゅうしん,chūshin
japanese_jlpt_n3,notice_attention_observatio,注目,ちゅうもく,chūmoku
japanese_jlpt_n3,order_request,注文,ちゅうもん,chūmon
japanese_jlpt_n3,long_time_period,長期,ちょうき,chōki
japanese_jlpt_n3,survey_investigation,調査,ちょうさ,chōsa
japanese_jlpt_n3,condition_state_tune_tone,調子,ちょうし,chōshi
japanese_jlpt_n3,top_summit_peak,頂上,ちょうじょう,chōjō
japanese_jlpt_n3,colloquial_form_of_typicall,ちょうだい,ちょうだい,chōdai
japanese_jlpt_n3,bank_savings,貯金,ちょきん,chokin
japanese_jlpt_n3,direct_immediate_firsthand,直接,ちょくせつ,chokusetsu
japanese_jlpt_n3,author_writer,著者,ちょしゃ,chosha
japanese_jlpt_n3,to_scatter_to_disperse_to_d,散らす,ちらす,chirasu
japanese_jlpt_n3,to_fall_to_scatter_e_g_blos,散る,ちる,chiru
japanese_jlpt_n3,finally_at_last,遂に,ついに,tsuini
japanese_jlpt_n3,passage_through_passing,通過,つうか,tsūka
japanese_jlpt_n3,currency,通貨,つうか,tsūka
japanese_jlpt_n3,commuting_to_school,通学,つうがく,tsūgaku
japanese_jlpt_n3,commuting_to_work,通勤,つうきん,tsūkin
japanese_jlpt_n3,passage_passing,通行,つうこう,tsūkō
japanese_jlpt_n3,to_run_to_to_lead_to_to_com,通じる,つうじる,tsūjiru
japanese_jlpt_n3,correspondence_communicatio,通信,つうしん,tsūshin
japanese_jlpt_n3,interpretation_interpreter,通訳,つうやく,tsūyaku
japanese_jlpt_n3,to_be_arrested_to_be_caught,捕まる,つかまる,tsukama ru
japanese_jlpt_n3,to_seize_to_catch_to_grasp,掴む,つかむ,tsukamu
japanese_jlpt_n3,tiredness_fatigue,疲れ,つかれ,tsukare
japanese_jlpt_n3,socialization_friendship_as,付き合い,つきあい,tsukiai
japanese_jlpt_n3,to_associate_with_to_keep_c,付合う,つきあう,tsukiau
japanese_jlpt_n3,in_succession_one_by_one,次々,つぎつぎ,tsugitsugi
japanese_jlpt_n3,to_adjoin_to_be_attached_to,付く,つく,tsuku
japanese_jlpt_n3,to_settle_in_place_to_take_,就く,つく,tsuku
japanese_jlpt_n3,to_thrust_to_strike_to_poke,突く,つく,tsuku
japanese_jlpt_n3,to_rank_next_to_to_come_aft,次ぐ,つぐ,tsugu
japanese_jlpt_n3,to_pour_into_2,注ぐ,つぐ,tsugu
japanese_jlpt_n3,to_attach_to_join_to_add,付ける,つける,tsukeru
japanese_jlpt_n3,to_put_on_to_wear_to_draw_u,着ける,つける,tsukeru
japanese_jlpt_n3,to_be_handed_down_to_be_tra,伝わる,つたわる,tsutawaru
japanese_jlpt_n3,earth_soil,土,つち,tsuchi
japanese_jlpt_n3,sequel_continuation,続き,つづき,tsuzuki
japanese_jlpt_n3,bundle_package,包み,つつみ,tsutsumi
japanese_jlpt_n3,work_employment,勤め,つとめ,tsutome
japanese_jlpt_n3,duty,務め,つとめ,tsutome
japanese_jlpt_n3,to_be_connected_to_to_be_re,繋がる,つながる,tsunagaru
japanese_jlpt_n3,to_tie_to_fasten_to_connect,繋ぐ,つなぐ,tsunagu
japanese_jlpt_n3,to_connect,繋げる,つなげる,tsunageru
japanese_jlpt_n3,always_same_as_written_expr,常に,つねに,tsune ni
japanese_jlpt_n3,wings,翼,つばさ,tsubasa
japanese_jlpt_n3,namely_in_other_words_in_sh,つまり,つまり,tsumari
japanese_jlpt_n3,crime_fault_indiscretion,罪,つみ,tsumi
japanese_jlpt_n3,to_pile_up_to_stack,積む,つむ,tsumu
japanese_jlpt_n3,to_pack_to_shorten_to_work_,詰める,つめる,tsumeru
japanese_jlpt_n3,to_pile_up,積もる,つもる,tsumoru
japanese_jlpt_n3,rainy_season,梅雨,つゆ,tsuyu
japanese_jlpt_n3,painful_heart_breaking,辛い,つらい,tsurai
japanese_jlpt_n3,fishing,釣,つり,tsuri
japanese_jlpt_n3,companion_company,連れ,つれ,tsure
japanese_jlpt_n3,outflow_coming_going_out_gr,出,で,de
japanese_jlpt_n3,meeting_rendezvous_encounte,出会い,であい,deai
japanese_jlpt_n3,an_encounter,出合い,であい,deai
japanese_jlpt_n3,to_meet_by_chance_to_come_a,出会う,であう,deau
japanese_jlpt_n3,proposal_proposition_sugges,提案,ていあん,teian
japanese_jlpt_n3,fixed_term,定期,ていき,teiki
japanese_jlpt_n3,resistance_opposition,抵抗,ていこう,teikou
japanese_jlpt_n3,presentation_submission_fil,提出,ていしゅつ,teishutsu
japanese_jlpt_n3,failure_of_electricity,停電,ていでん,teiden
japanese_jlpt_n3,degree_amount_level,程度,ていど,teido
japanese_jlpt_n3,bus_or_tram_stop,停留所,ていりゅうじょ,teiryuujo
japanese_jlpt_n3,date_in_the_sense_of_social,デート,デート,de-to
japanese_jlpt_n3,enemy_rival,敵,てき,teki
japanese_jlpt_n3,incident_happening_event,出来事,できごと,dekigoto
japanese_jlpt_n3,to_fit_to_suit,適する,てきする,tekisuru
japanese_jlpt_n3,appropriate_adequate_releva,適切,てきせつ,tekisetsu
japanese_jlpt_n3,moderate,適度,てきど,tekido
japanese_jlpt_n3,applying,適用,てきよう,tekiyou
japanese_jlpt_n3,if_possible,できれば,できれば,dekireba
japanese_jlpt_n3,conjuring_trick_magic,手品,てじな,tejina
japanese_jlpt_n3,therefore,ですから,ですから,desukara
japanese_jlpt_n3,iron,鉄,てつ,tetsu
japanese_jlpt_n3,philosophy,哲学,てつがく,tetsugaku
japanese_jlpt_n3,help_helper_assistant,手伝い,てつだい,tetsudai
japanese_jlpt_n3,thoroughness_completeness,徹底,てってい,tettei
japanese_jlpt_n3,railway_railroad,鉄道,てつどう,tetsudō
japanese_jlpt_n3,staying_up_all_night_sleepl,徹夜,てつや,tetsuya
japanese_jlpt_n3,time_labor,手間,てま,tema
japanese_jlpt_n3,demo_demonstration,デモ,デモ,demo
japanese_jlpt_n3,type_pattern_archetypal,典型,てんけい,tenkei
japanese_jlpt_n3,weather,天候,てんこう,tenkō
japanese_jlpt_n3,electron_electronic,電子,でんし,denshi
japanese_jlpt_n3,tent,テント,テント,tento
japanese_jlpt_n3,tradition_convention,伝統,でんとう,dentō
japanese_jlpt_n3,nature_spontaneity,天然,てんねん,tennen
japanese_jlpt_n3,question_query,問い,とい,toi
japanese_jlpt_n3,party_political,党,とう,tō
japanese_jlpt_n3,tower_pagoda,塔,とう,tō
japanese_jlpt_n3,examination_paper_examinati,答案,とうあん,tōan
japanese_jlpt_n3,identity_sameness_similarit,同一,どういつ,dōitsu
japanese_jlpt_n3,copper_coin,銅貨,どうか,dōka
japanese_jlpt_n3,at_that_time_in_those_days_,当時,とうじ,tōji
japanese_jlpt_n3,verb,動詞,どうし,dōshi
japanese_jlpt_n3,simultaneous_ly_same_time,同時,どうじ,dōji
japanese_jlpt_n3,at_any_cost_no_matter_what_,どうしても,どうしても,dōshitemo
japanese_jlpt_n3,pleased_to_meet_you,どうぞよろしく,どうぞよろしく,dōzo yoroshiku
japanese_jlpt_n3,arrival,到着,とうちゃく,tōchaku
japanese_jlpt_n3,morals,道徳,どうとく,dōtoku
japanese_jlpt_n3,voting_poll,投票,とうひょう,tōhyō
japanese_jlpt_n3,orient,東洋,とうよう,tōyō
japanese_jlpt_n3,identical_same_kind_like,同様,どうよう,dōyō
japanese_jlpt_n3,children_s_song_nursery_rhy,童謡,どうよう,dōyō
japanese_jlpt_n3,colleague_co_worker,同僚,どうりょう,dōryō
japanese_jlpt_n3,road,道路,どうろ,dōro
japanese_jlpt_n3,to_let_pass_to_overlook_to_,通す,とおす,tōsu
japanese_jlpt_n3,to_pass_to_pass_through,通り過ぎる,とおりすぎる,tōrisugiru
japanese_jlpt_n3,city,都会,とかい,tokai
japanese_jlpt_n3,to_dissolve_paint,溶く,とく,toku
japanese_jlpt_n3,to_unfasten_answer_solve,解く,とく,toku
japanese_jlpt_n3,to_retreat_to_recede_to_wit,退く,どく,doku
japanese_jlpt_n3,poison_toxicant,毒,どく,doku
japanese_jlpt_n3,pride_triumph_prosperity,得意,とくい,tokui
japanese_jlpt_n3,reading_2,読書,どくしょ,dokusho
japanese_jlpt_n3,single_unmarried,独身,どくしん,dokushin
japanese_jlpt_n3,characteristic_s_feature_s_,特徴,とくちょう,tokuchou
japanese_jlpt_n3,forte_merit,特長,とくちょう,tokuchou
japanese_jlpt_n3,peculiarity_uniqueness_char,独特,どくとく,dokutoku
japanese_jlpt_n3,independence_e_g_ind_day_se,独立,どくりつ,dokuritsu
japanese_jlpt_n3,to_melt_to_thaw_to_dissolve,溶ける,とける,tokeru
japanese_jlpt_n3,to_come_untied_to_come_apar,解ける,とける,tokeru
japanese_jlpt_n3,somewhere_anywhere,どこか,どこか,dokoka
japanese_jlpt_n3,however_while_even_if,ところが,ところが,tokoro ga
japanese_jlpt_n3,by_the_way_even_if,ところで,ところで,tokoro de
japanese_jlpt_n3,mountain_climbing,登山,とざん,tozan
japanese_jlpt_n3,town_city_urban,都市,とし,toshi
japanese_jlpt_n3,months_and_years,年月,としつき,toshitsuki
japanese_jlpt_n3,books_2,図書,としょ,tosho
japanese_jlpt_n3,old_people_the_aged,年寄,としより,toshiyori
japanese_jlpt_n3,to_close_e_g_book_eyes_to_s,閉じる,とじる,tojiru
japanese_jlpt_n3,just_now_at_the_moment_etc,途端,とたん,totan
japanese_jlpt_n3,plot_of_land_lot_soil,土地,とち,tochi
japanese_jlpt_n3,abruptly_suddenly_unexpecte,突然,とつぜん,totsuzen
japanese_jlpt_n3,top,トップ,トップ,toppu
japanese_jlpt_n3,to_reach,届く,とどく,todoku
japanese_jlpt_n3,anyhow_at_any_rate_anyway,とにかく,とにかく,tonikaku
japanese_jlpt_n3,to_skip_over_to_omit,飛ばす,とばす,tobasu
japanese_jlpt_n3,to_jump_out_to_rush_out_to_,飛び出す,とびだす,tobidashu
japanese_jlpt_n3,to_fasten_to_turn_off_to_de,留める,とめる,tomeru
japanese_jlpt_n3,to_have_someone_stay_over_n,泊める,とめる,tomeru
japanese_jlpt_n3,friend_companion_pal,友,とも,tomo
japanese_jlpt_n3,sharing_with_participate_in,共に,ともに,tomo ni
japanese_jlpt_n3,tiger,虎,とら,tora
japanese_jlpt_n3,drive_driving,ドライブ,ドライブ,doraibu
japanese_jlpt_n3,truck_running_track,トラック,トラック,torakku
japanese_jlpt_n3,drama,ドラマ,ドラマ,dorama
japanese_jlpt_n3,playing_cards_lit_trump,トランプ,トランプ,toranpu
japanese_jlpt_n3,to_take_up_to_pick_up_to_co,取り上げる,とりあげる,toriageru
japanese_jlpt_n3,great_effort_exertion_endea,努力,どりょく,doryoku
japanese_jlpt_n3,training,トレーニング,トレーニング,toreeningu
japanese_jlpt_n3,dress,ドレス,ドレス,doresu
japanese_jlpt_n3,to_come_off_to_be_taken_off,取れる,とれる,toreru
japanese_jlpt_n3,mud,泥,どろ,doro
japanese_jlpt_n3,ton_1000_lbs,トン,トン,ton
japanese_jlpt_n3,outrageous_no_way,とんでもない,とんでもない,tondemonai
japanese_jlpt_n3,how_how_much,どんなに,どんなに,donna ni
japanese_jlpt_n3,tunnel,トンネル,トンネル,tonneru
japanese_jlpt_n3,name_reputation,名,な,na
japanese_jlpt_n3,subject_contents_detail,内容,ないよう,naiyō
japanese_jlpt_n3,still_yet,なお,なお,nao
japanese_jlpt_n3,relation_relationship,仲,なか,naka
japanese_jlpt_n3,to_drain_to_float_to_shed_e,流す,ながす,nagasu
japanese_jlpt_n3,middle_halfway,半ば,なかば,nakaba
japanese_jlpt_n3,company_fellow_colleague_as,仲間,なかま,nakama
japanese_jlpt_n3,content_s_substance,中身,なかみ,nakami
japanese_jlpt_n3,contents_interior_filling,中味,なかみ,nakami
japanese_jlpt_n3,scene_view_prospect_outlook,眺め,ながめ,nagame
japanese_jlpt_n3,to_view_to_gaze_at,眺める,ながめる,nagameru
japanese_jlpt_n3,stream_current,流れ,ながれ,nagare
japanese_jlpt_n3,to_flow_to_be_washed_away,流れる,ながれる,nagareru
japanese_jlpt_n3,to_lose_someone,亡くす,なくす,nakusu
japanese_jlpt_n3,to_strike_to_hit_to_punch,殴る,なぐる,naguru
japanese_jlpt_n3,without,無し,なし,nashi
japanese_jlpt_n3,because,なぜなら,なぜなら,nazenara
japanese_jlpt_n3,riddle_puzzle_enigma,謎,なぞ,nazo
japanese_jlpt_n3,consent_assent_understandin,納得,なっとく,nattoku
japanese_jlpt_n3,something,何か,なにか,nanika
japanese_jlpt_n3,nothing,なにも,なにも,nanimo
japanese_jlpt_n3,saucepan_pot,鍋,なべ,nabe
japanese_jlpt_n3,raw_unprocessed,生,なま,nama
japanese_jlpt_n3,to_be_idle_to_neglect,怠ける,なまける,namakeru
japanese_jlpt_n3,wave,波,なみ,nami
japanese_jlpt_n3,tear,涙,なみだ,namida
japanese_jlpt_n3,to_agonize_to_be_troubled,悩む,なやむ,nayamu
japanese_jlpt_n3,to_ring_to_sound,鳴らす,ならす,narasu
japanese_jlpt_n3,to_change_to_be_of_use_to_r,為る,なる,naru
japanese_jlpt_n3,to_bear_fruit,生る,なる,naru
japanese_jlpt_n3,to_become_domesticated_to_b,馴れる,なれる,nareru
japanese_jlpt_n3,rope,縄,なわ,nawa
japanese_jlpt_n3,why_what_for,何で,なんで,nande
japanese_jlpt_n3,by_all_means_everything,何でも,なんでも,nandemo
japanese_jlpt_n3,somehow_anyhow_one_way_or_a,何とか,なんとか,nantoka
japanese_jlpt_n3,to_suit_a_person_to_match_c,似合う,にあう,niau
japanese_jlpt_n3,to_boil_to_cook_to_be_cooke,煮える,にえる,nielu
japanese_jlpt_n3,poor_at_weak_in_dislike_of,苦手,にがて,nigate
japanese_jlpt_n3,to_grasp_to_seize_to_mold_s,握る,にぎる,nigiru
japanese_jlpt_n3,day,日,にち,nichi
japanese_jlpt_n3,ordinary_regular_everyday,日常,にちじょう,nichijou
japanese_jlpt_n3,sunlight,日光,にっこう,nikkou
japanese_jlpt_n3,daytime_broad_daylight,日中,にっちゅう,nicchuu
japanese_jlpt_n3,smile_sweetly_smile_grin,にっこり,にっこり,nikkori
japanese_jlpt_n3,japan,日本,にっぽん,nippon
japanese_jlpt_n3,japan_2,日本,にほん,nihon
japanese_jlpt_n3,entrance_admission_entering,入場,にゅうじょう,nyuujou
japanese_jlpt_n3,to_boil_to_cook_2,煮る,にる,niru
japanese_jlpt_n3,popularity,人気,にんき,ninki
japanese_jlpt_n3,human_being_person,人間,にんげん,ningen
japanese_jlpt_n3,to_extract_to_omit_to_unplu,抜く,ぬく,nuku
japanese_jlpt_n3,to_come_out_to_fall_out_to_,抜ける,ぬける,nukeru
japanese_jlpt_n3,cloth,布,ぬの,nuno
japanese_jlpt_n3,to_wet_to_soak,濡らす,ぬらす,nurasu
japanese_jlpt_n3,root,根,ね,ne
japanese_jlpt_n3,value_price_cost,値,ね,ne
japanese_jlpt_n3,desire_wish_request,願い,ねがい,negai
japanese_jlpt_n3,to_desire_to_wish_to_reques,願う,ねがう,negau
japanese_jlpt_n3,mouse_rat,鼠,ねずみ,nezumi
japanese_jlpt_n3,tropics,熱帯,ねったい,nettai
japanese_jlpt_n3,enthusiasm_zeal_mania,熱中,ねっちゅう,necchuu
japanese_jlpt_n3,year,年間,ねんかん,nenkán
japanese_jlpt_n3,months_and_years_2,年月,ねんげつ,nengetsu
japanese_jlpt_n3,whole_year_always_everyday,年中,ねんじゅう,nenjū
japanese_jlpt_n3,age_era_period,年代,ねんだい,nendai
japanese_jlpt_n3,age_years,年齢,ねんれい,nenrei
japanese_jlpt_n3,field,野,の,no
japanese_jlpt_n3,being_skilled_in_nicely_pro,能,のう,nō
japanese_jlpt_n3,farmer_farm_family,農家,のうか,nōka
japanese_jlpt_n3,agriculture,農業,のうぎょう,nōgyō
japanese_jlpt_n3,farmers_peasants,農民,のうみん,nōmin
japanese_jlpt_n3,ability_faculty,能力,のうりょく,nōryoku
japanese_jlpt_n3,no,ノー,ノー,nō
japanese_jlpt_n3,eaves,軒,のき,noki
japanese_jlpt_n3,to_leave_behind_over_to_sav,残す,のこす,nokosu
japanese_jlpt_n3,remaining_left_over,残り,のこり,nokori
japanese_jlpt_n3,to_place_on_something_to_ta,乗せる,のせる,noseru
japanese_jlpt_n3,to_place_on_something_to_pu,載せる,のせる,noseru
japanese_jlpt_n3,to_peek_in_to_look_in,覗く,のぞく,nozoku
japanese_jlpt_n3,to_remove_to_exclude_to_exc,除く,のぞく,nozoku
japanese_jlpt_n3,wish_desire_a_hope,望み,のぞみ,nozomi
japanese_jlpt_n3,to_desire_to_wish_for_to_vi,望む,のぞむ,nozomu
japanese_jlpt_n3,afterwards_since_then_2,後,のち,nochi
japanese_jlpt_n3,knock_fungo_baseball,ノック,ノック,nokku
japanese_jlpt_n3,to_extend_to_stretch_to_rea,伸ばす,のばす,nobasu
japanese_jlpt_n3,to_extend_to_stretch_to_r_2,延ばす,のばす,nobasu
japanese_jlpt_n3,to_extend_to_make_progress_,伸びる,のびる,nobiru
japanese_jlpt_n3,to_be_prolonged,延びる,のびる,nobiru
japanese_jlpt_n3,to_state_to_express_to_ment,述べる,のべる,noberu
japanese_jlpt_n3,to_ascend_to_go_up_to_climb,上る,のぼる,noboru
japanese_jlpt_n3,to_arise_to_ascend_to_go_up,昇る,のぼる,noboru
japanese_jlpt_n3,to_appear_in_print_to_be_re,載る,のる,noru
japanese_jlpt_n3,carefree_at_leisure,のんびり,のんびり,nonbiri
japanese_jlpt_n3,place_field_physics,場,ば,ba
japanese_jlpt_n3,sigh,はあ (かん),はあ (かん),haa (kan)
japanese_jlpt_n3,percent,パーセント,パーセント,paasento
japanese_jlpt_n3,ash,灰,はい,hai
japanese_jlpt_n3,rainy_season_2,梅雨,ばいう,baiu
japanese_jlpt_n3,violin,バイオリン,バイオリン,baiorin
japanese_jlpt_n3,hiking,ハイキング,ハイキング,haikingu
japanese_jlpt_n3,delivery_distribution,配達,はいたつ,haitatsu
japanese_jlpt_n3,pipe_channels_official_or_o,パイプ,パイプ,paipu
japanese_jlpt_n3,actor_actress_performer,俳優,はいゆう,haiyuu
japanese_jlpt_n3,pilot,パイロット,パイロット,pairotto
japanese_jlpt_n3,to_grow_to_spring_up_to_cut,生える,はえる,haeru
japanese_jlpt_n3,grave_tomb,墓,はか,haka
japanese_jlpt_n3,fool_idiot,馬鹿,ばか,baka
japanese_jlpt_n3,doctorate_phd_doctor,博士,はかせ,hakase
japanese_jlpt_n3,to_measure_to_weigh_to_surv,計る,はかる,hakaru
japanese_jlpt_n3,to_measure_to_weigh_to_su_2,量る,はかる,hakaru
japanese_jlpt_n3,to_measure_to_weigh_to_su_3,測る,はかる,hakaru
japanese_jlpt_n3,to_sweep_to_brush_to_gather,掃く,はく,haku
japanese_jlpt_n3,to_throw_up_to_vomit,吐く,はく,haku
japanese_jlpt_n3,clapping_hands_applause,拍手,はくしゅ,hakushu
japanese_jlpt_n3,enormous_vast,莫大,ばくだい,bakudai
japanese_jlpt_n3,explosion_detonation_erupti,爆発,ばくはつ,bakuhatsu
japanese_jlpt_n3,museum,博物館,はくぶつかん,hakubutsukan
japanese_jlpt_n3,violent_vehement_intense,激しい,はげしい,hageshii
japanese_jlpt_n3,scissors,はさみ,はさみ,hasami
japanese_jlpt_n3,personal_bankruptcy,破産,はさん,hasan
japanese_jlpt_n3,end_e_g_of_street_edge_marg,端,はし,hashi
japanese_jlpt_n3,origin_beginning,始まり,はじまり,hajimari
japanese_jlpt_n3,path_pass_in_games,パス,パス,pasu
japanese_jlpt_n3,to_unfasten_to_remove,外す,はずす,hazusu
japanese_jlpt_n3,passport,パスポート,パスポート,pasupōto
japanese_jlpt_n3,to_be_disconnected_to_be_ou,外れる,はずれる,hazureru
japanese_jlpt_n3,flag,旗,はた,hata
japanese_jlpt_n3,skin,肌,はだ,hada
japanese_jlpt_n3,naked_nude,裸,はだか,hadaka
japanese_jlpt_n3,field_patch,畑,はたけ,hatake
japanese_jlpt_n3,work_labor,働き,はたらき,hataraki
japanese_jlpt_n3,bag,バッグ,バッグ,baggu
japanese_jlpt_n3,discovery_detection_finding,発見,はっけん,hakken
japanese_jlpt_n3,issue_publications,発行,はっこう,hakkō
japanese_jlpt_n3,departure_of_a_vehicle,発車,はっしゃ,hassha
japanese_jlpt_n3,firing_shooting_discharge,発射,はっしゃ,hassha
japanese_jlpt_n3,to_punish_to_penalize,罰する,ばっする,bassuru
japanese_jlpt_n3,development_growth,発達,はったつ,hattatsu
japanese_jlpt_n3,to_meet_by_chance,ばったり,ばったり,battari
japanese_jlpt_n3,development_growth_progress,発展,はってん,hatten
japanese_jlpt_n3,announcement_publication_pr,発表,はっぴょう,happyō
japanese_jlpt_n3,invention,発明,はつめい,hatsumei
japanese_jlpt_n3,showy_flashy_gaudy,派手,はで,hade
japanese_jlpt_n3,to_discuss_to_talk_together,話し合う,はなしあう,hanashiau
japanese_jlpt_n3,to_part_to_separate,離す,はなす,hanasu
japanese_jlpt_n3,to_separate_to_set_free,放す,はなす,hanasu
japanese_jlpt_n3,something_someone_separates,離れる,はなれる,hanareru
japanese_jlpt_n3,to_leave_to_get_free_to_cut,放れる,はなれる,hanareru
japanese_jlpt_n3,wing,羽,はね,hane
japanese_jlpt_n3,feather,羽根,はね,hane
japanese_jlpt_n3,width_breadth,幅,はば,haba
japanese_jlpt_n3,mother,母親,ははおや,hahaoya
japanese_jlpt_n3,to_omit_to_eliminate,省く,はぶく,habuku
japanese_jlpt_n3,scene_setting_e_g_of_novel,場面,ばめん,bamen
japanese_jlpt_n3,to_be_popular_to_come_into_,流行る,はやる,hayaru
japanese_jlpt_n3,abdomen_belly_stomach,腹,はら,hara
japanese_jlpt_n3,field_plain,原,はら,hara
japanese_jlpt_n3,balance,バランス,バランス,baransu
japanese_jlpt_n3,needle_hand_e_g_clock,針,はり,hari
japanese_jlpt_n3,extent_scope_range,範囲,はんい,han'i
japanese_jlpt_n3,opposition_resistance,反抗,はんこう,hankō
japanese_jlpt_n3,crime,犯罪,はんざい,hanzai
japanese_jlpt_n3,handsome,ハンサム,ハンサム,hansamu
japanese_jlpt_n3,reflection_reconsideration_,反省,はんせい,hansei
japanese_jlpt_n3,judgment_decision,判断,はんだん,handan
japanese_jlpt_n3,offender_criminal,犯人,はんにん,hannin
japanese_jlpt_n3,sale_selling_marketing,販売,はんばい,hanbai
japanese_jlpt_n3,light,灯,ひ,hi
japanese_jlpt_n3,beer,ビール,ビール,bīru
japanese_jlpt_n3,damage,被害,ひがい,higai
japanese_jlpt_n3,comparison,比較,ひかく,hikaku
japanese_jlpt_n3,picnic,ピクニック,ピクニック,pikunikku
japanese_jlpt_n3,tragedy,悲劇,ひげき,higeki
japanese_jlpt_n3,aviation_flight,飛行,ひこう,hikō
japanese_jlpt_n3,knee_lap,膝,ひざ,hiza
japanese_jlpt_n3,emergency_extraordinary_unu,非常,ひじょう,hijō
japanese_jlpt_n3,beautiful_person_woman,美人,びじん,bijin
japanese_jlpt_n3,forehead_brow,額,ひたい,hitai
japanese_jlpt_n3,date_dating,日付,ひづけ,hizuke
japanese_jlpt_n3,moving_changing_residence,引越し,ひっこし,hikkoshi
japanese_jlpt_n3,desperation_frantic_inevita,必死,ひっし,hisshi
japanese_jlpt_n3,exactly_neatly_sharp,ぴったり,ぴったり,pittari
japanese_jlpt_n3,to_pull_to_stretch_to_drag,引っ張る,ひっぱる,hipparu
japanese_jlpt_n3,negation_denial,否定,ひてい,hitei
japanese_jlpt_n3,video_tape_vcr,ビデオ,ビデオ,bideo
japanese_jlpt_n3,one_word,一言,ひとこと,hitokoto
japanese_jlpt_n3,crowd_of_people,人込み,ひとごみ,hitogomi
japanese_jlpt_n3,equal,等しい,ひとしい,hitoshii
japanese_jlpt_n3,alone_unmarried,独り,ひとり,hitori
japanese_jlpt_n3,one_by_one_each,一人一人,ひとりひとり,hitorihitori
japanese_jlpt_n3,criticism,批判,ひはん,hihan
japanese_jlpt_n3,criticism_review_commentary,批評,ひひょう,hihyou
japanese_jlpt_n3,secret_secrecy,秘密,ひみつ,himitsu
japanese_jlpt_n3,delicate_subtle,微妙,びみょう,bimyou
japanese_jlpt_n3,string_cord,紐,ひも,himo
japanese_jlpt_n3,to_cool_to_refrigerate,冷やす,ひやす,hiyasu
japanese_jlpt_n3,cost_expense,費用,ひよう,hiyou
japanese_jlpt_n3,table_e_g_tab_1_chart_list,表,ひょう,hyō
japanese_jlpt_n3,second_60th_min,秒,びょう,byō
japanese_jlpt_n3,assessment_evaluation,評価,ひょうか,hyōka
japanese_jlpt_n3,expression_presentation,表現,ひょうげん,hyōgen
japanese_jlpt_n3,facial_expression,表情,ひょうじょう,hyōjō
japanese_jlpt_n3,equality_impartiality_evenn,平等,びょうどう,byōdō
japanese_jlpt_n3,fame_reputation,評判,ひょうばん,hyōban
japanese_jlpt_n3,surface_outside_face,表面,ひょうめん,hyōmen
japanese_jlpt_n3,to_spread_out_to_extend_to_,広がる,ひろがる,hirogaru
japanese_jlpt_n3,to_spread_to_extend_to_expa,広げる,ひろげる,hirogeru
japanese_jlpt_n3,to_broaden_to_propagate,広める,ひろめる,hiromeru
japanese_jlpt_n3,goods_taste_elegance,品,ひん,hin
japanese_jlpt_n3,bottle,瓶,びん,bin
japanese_jlpt_n3,way_means_flight,便,びん,bin
japanese_jlpt_n3,pin,ピン,ピン,pin
japanese_jlpt_n3,un_non_negative_prefix,不,ふ,fu
japanese_jlpt_n3,un_non_negative_prefix_2,不,ぶ,bu
japanese_jlpt_n3,nothing_naught_nil_zero,無,ぶ,bu
japanese_jlpt_n3,dividing_part,分,ぶ,bu
japanese_jlpt_n3,anxiety_uneasiness,不安,ふあん,fuan
japanese_jlpt_n3,scenery,風景,ふうけい,fūkei
japanese_jlpt_n3,married_couple_husband_and_,夫婦,ふうふ,fūfu
japanese_jlpt_n3,flute_whistle,笛,ふえ,fue
japanese_jlpt_n3,wrong_bad_impossible,不可,ふか,fuka
japanese_jlpt_n3,to_deepen,深まる,ふかまる,fukumaru
japanese_jlpt_n3,weapon_arms,武器,ぶき,buki
japanese_jlpt_n3,to_wipe_to_dry,拭く,ふく,fuku
japanese_jlpt_n3,clothes_attire,服装,ふくそう,fukusō
japanese_jlpt_n3,to_contain_to_include,含む,ふくむ,fukumu
japanese_jlpt_n3,to_include,含める,ふくめる,fukumeru
japanese_jlpt_n3,bag_sack,袋,ふくろ,fukuro
japanese_jlpt_n3,unhappiness_sorrow_misfortu,不幸,ふこう,fukou
japanese_jlpt_n3,tune_tone_knob,節,ふし,fushi
japanese_jlpt_n3,safety_peace,無事,ぶじ,buji
japanese_jlpt_n3,mystery_curiosity,不思議,ふしぎ,fushigi
japanese_jlpt_n3,discomfort_disability_incon,不自由,ふじゆう,fujiyuu
japanese_jlpt_n3,wife_mrs_madam,夫人,ふじん,fujin
japanese_jlpt_n3,woman_same_as,婦人,ふじん,fujin
japanese_jlpt_n3,injustice_unfairness,不正,ふせい,fusei
japanese_jlpt_n3,to_defend_against_to_protec,防ぐ,ふせぐ,fusegu
japanese_jlpt_n3,insufficiency_shortage,不足,ふそく,fusoku
japanese_jlpt_n3,stage_theater,舞台,ぶたい,butai
japanese_jlpt_n3,twins_a_twin,双子,ふたご,futago
japanese_jlpt_n3,again_once_more_a_second_ti,再び,ふたたび,futatabi
japanese_jlpt_n3,in_everyday_situations_usua,普段,ふだん,fudan
japanese_jlpt_n3,edge_rim,縁,ふち,fuchi
japanese_jlpt_n3,to_hit_to_strike,打つ,ぶつ,butsu
japanese_jlpt_n3,blockade_interruption_stopp,不通,ふつう,futsū
japanese_jlpt_n3,commodity_consumer_prices,物価,ぶっか,bukka
japanese_jlpt_n3,to_strike_to_collide_with,ぶつかる,ぶつかる,butsukaru
japanese_jlpt_n3,to_knock_to_strike_hard_to_,ぶつける,ぶつける,butsukeru
japanese_jlpt_n3,material_substance,物質,ぶっしつ,busshitsu
japanese_jlpt_n3,physics,物理,ぶつり,butsuri
japanese_jlpt_n3,writing_brush,筆,ふで,fude
japanese_jlpt_n3,suddenly_accidentally_incid,ふと,ふと,futo
japanese_jlpt_n3,portion_section_part,部分,ぶぶん,bubun
japanese_jlpt_n3,complaint_discontent_dissat,不平,ふへい,fuhei
japanese_jlpt_n3,dissatisfaction_discontent_,不満,ふまん,fuman
japanese_jlpt_n3,to_increase_v_t_to_add_to,増やす,ふやす,fuyasu
japanese_jlpt_n3,to_increase_to_add_to,殖やす,ふやす,fuyasu
japanese_jlpt_n3,plus,プラス,プラス,purasu
japanese_jlpt_n3,plastic,プラスチック,プラスチック,purasuchikku
japanese_jlpt_n3,plan,プラン,プラン,puran
japanese_jlpt_n3,disadvantage_drawback,不利,ふり,furi
japanese_jlpt_n3,to_wave_to_shake_to_sprinkl,振る,ふる,furu
japanese_jlpt_n3,to_shiver_to_shake_to_quake,震える,ふるえる,furueru
japanese_jlpt_n3,a_brake,ブレーキ,ブレーキ,burēki
japanese_jlpt_n3,to_touch_to_feel_to_violate,触れる,ふれる,fureru
japanese_jlpt_n3,professional,プロ,プロ,puro
japanese_jlpt_n3,dividing_part_segment,分,ぶん,bun
japanese_jlpt_n3,sentence,文,ぶん,bun
japanese_jlpt_n3,atmosphere_e_g_musical_mood,雰囲気,ふんいき,fun'iki
japanese_jlpt_n3,analysis,分析,ぶんせき,bunseki
japanese_jlpt_n3,civilization,文明,ぶんめい,bunmei
japanese_jlpt_n3,field_sphere,分野,ぶんや,bun'ya
japanese_jlpt_n3,wall_fence,塀,へい,hei
japanese_jlpt_n3,equilibrium_balance_average,平均,へいきん,heikin
japanese_jlpt_n3,peace,平和,へいわ,heiwa
japanese_jlpt_n3,not_particularly_nothing,別に,べつに,betsu ni
japanese_jlpt_n3,to_decrease_to_diminish,減らす,へらす,herasu
japanese_jlpt_n3,to_decrease_in_size_or_numb,減る,へる,heru
japanese_jlpt_n3,belt_for_western_clothes,ベルト,ベルト,beruto
japanese_jlpt_n3,change_variation_shift,変化,へんか,henka
japanese_jlpt_n3,paint,ペンキ,ペンキ,penki
japanese_jlpt_n3,change_modification_alterat,変更,へんこう,henkou
japanese_jlpt_n3,bench,ベンチ,ベンチ,benchi
japanese_jlpt_n3,box_lunch,弁当,べんとう,bentou
japanese_jlpt_n3,side_2,方,ほう,hou
japanese_jlpt_n3,act_law_the_x_act,法,ほう,hou
japanese_jlpt_n3,pole_rod_stick,棒,ぼう,bou
japanese_jlpt_n3,risk_venture_adventure,冒険,ぼうけん,bōken
japanese_jlpt_n3,direction_course_way,方向,ほうこう,hōkō
japanese_jlpt_n3,report_information,報告,ほうこく,hōkoku
japanese_jlpt_n3,gem_jewel,宝石,ほうせき,hōseki
japanese_jlpt_n3,packing_wrapping,包装,ほうそう,hōsō
japanese_jlpt_n3,abundance_plenty,豊富,ほうふ,hōfu
japanese_jlpt_n3,method_means_technique,方法,ほうほう,hōhō
japanese_jlpt_n3,here_and_there_everywhere,方々,ほうぼう,hōbō
japanese_jlpt_n3,call_visit,訪問,ほうもん,hōmon
japanese_jlpt_n3,to_bark_to_howl,吠える,ほえる,hoeru
japanese_jlpt_n3,porter_boy,ボーイ,ボーイ,bōi
japanese_jlpt_n3,rowing_boat,ボート,ボート,bōto
japanese_jlpt_n3,platform_home,ホーム,ホーム,hōmu
japanese_jlpt_n3,ball_bowl,ボール,ボール,bōru
japanese_jlpt_n3,other_esp_places_and_thin_2,他,ほか,hoka
japanese_jlpt_n3,pride,誇り,ほこり,hokori
japanese_jlpt_n3,dust,埃,ほこり,hokori
japanese_jlpt_n3,guarantee_assurance_warrant,保証,ほしょう,hoshō
japanese_jlpt_n3,preservation_conservation,保存,ほぞん,hozon
japanese_jlpt_n3,walkway,歩道,ほどう,hodō
japanese_jlpt_n3,buddha,仏,ほとけ,hotoke
japanese_jlpt_n3,bone,骨,ほね,hone
japanese_jlpt_n3,flame,炎,ほのお,honoo
japanese_jlpt_n3,cheek_of_face,頬,ほほ,hoho
japanese_jlpt_n3,cheek_of_face_2,頬,ほお,hooo
japanese_jlpt_n3,almost_roughly,ほぼ,ほぼ,hobo
japanese_jlpt_n3,to_smile,微笑む,ほほえむ,hohoemu
japanese_jlpt_n3,moat_canal,堀,ほり,hori
japanese_jlpt_n3,moat,濠,ほり,hori
japanese_jlpt_n3,truth_reality,本当,ほんと,honto
japanese_jlpt_n3,the_person_himself,本人,ほんにん,honnin
japanese_jlpt_n3,genuine_article,本物,ほんもの,honmono
japanese_jlpt_n3,dim_faint_vague,ぼんやり,ぼんやり,bonyari
japanese_jlpt_n3,space_room_pause,間,ま,ma
japanese_jlpt_n3,well_used_when_making_a_mod,まあ,まあ,maa
japanese_jlpt_n3,market,マーケット,マーケット,ma-ketto
japanese_jlpt_n3,mic,マイク,マイク,maiku
japanese_jlpt_n3,lost_stray_child,迷子,まいご,maigo
japanese_jlpt_n3,minus,マイナス,マイナス,mainasu
japanese_jlpt_n3,to_entrust_to_another_to_le,任せる,まかせる,makaseru
japanese_jlpt_n3,to_wind_to_coil_to_roll,巻く,まく,maku
japanese_jlpt_n3,to_sow_seeds,蒔く,まく,maku
japanese_jlpt_n3,to_scatter_to_sprinkle_to_s,撒く,まく,maku
japanese_jlpt_n3,curtain_act_in_play,幕,まく,maku
japanese_jlpt_n3,defeat_loss,負け,まけ,make
japanese_jlpt_n3,grandchild,孫,まご,mago
japanese_jlpt_n3,by_no_means,まさか,まさか,masaka
japanese_jlpt_n3,correctly_surely,まさに,まさに,masani
japanese_jlpt_n3,to_be_mixed_to_mingle_with,混ざる,まざる,mazaru
japanese_jlpt_n3,to_be_mixed_to_mingle_wit_2,交ざる,まざる,mazaru
japanese_jlpt_n3,to_be_mixed_to_mingle_wit_3,混じる,まじる,majiru
japanese_jlpt_n3,to_be_mixed_to_mingle_wit_4,交じる,まじる,majiru
japanese_jlpt_n3,to_increase_to_gain,増す,ます,masu
japanese_jlpt_n3,poor_needy,貧しい,まずしい,mazushii
japanese_jlpt_n3,bar_owner_master_e_g_arts_s,マスター,マスター,masutaa
japanese_jlpt_n3,increasingly_same_as_more_a,ますます,ますます,masumasu
japanese_jlpt_n3,to_mix_to_stir,混ぜる,まぜる,mazeru
japanese_jlpt_n3,to_be_mixed_to_be_blended_w,交ぜる,まぜる,mazeru
japanese_jlpt_n3,town_street_road,街,まち,machi
japanese_jlpt_n3,mistake,間違い,まちがい,machigai
japanese_jlpt_n3,pine_tree,松,まつ,matsu
japanese_jlpt_n3,deep_red_flushed_of_face,真っ赤,まっか,makka
japanese_jlpt_n3,really_completely,全く,まったく,mattaku
japanese_jlpt_n3,festival_feast,祭,まつり,matsuri
japanese_jlpt_n3,to_be_collected_to_be_settl,まとまる,まとまる,matomaru
japanese_jlpt_n3,to_put_in_order_to_collect_,まとめる,まとめる,matomeru
japanese_jlpt_n3,to_learn_to_study,学ぶ,まなぶ,manabu
japanese_jlpt_n3,mimicry_imitation_behavior,真似,まね,mane
japanese_jlpt_n3,to_invite,招く,まねく,maneku
japanese_jlpt_n3,dazzling_radiant,まぶしい,まぶしい,mabushii
japanese_jlpt_n3,fence_paling,柵,さく,saku
japanese_jlpt_n3,to_split_to_tear_to_burst,裂ける,さける,sakeru
japanese_jlpt_n3,to_judge,裁く,さばく,sabaku
japanese_jlpt_n3,oxidation,酸化,さんか,sanka
japanese_jlpt_n3,death_decease,死,し,shi
japanese_jlpt_n3,qualifications_requirements,資格,しかく,shikaku
japanese_jlpt_n3,sense_of_sight_vision,視覚,しかく,shikaku
japanese_jlpt_n3,command_direction,指揮,しき,shiki
japanese_jlpt_n3,magnetism,磁気,じき,jiki
japanese_jlpt_n3,porcelain_china,磁器,じき,jiki
japanese_jlpt_n3,self_oneself,自己,じこ,jiko
japanese_jlpt_n3,font_lettering,字体,じたい,jitai
japanese_jlpt_n3,refusal,辞退,じたい,jitai
japanese_jlpt_n3,opinion_point_of_view_visua,視点,してん,shiten
japanese_jlpt_n3,fat_grease,脂肪,しぼう,shibō
japanese_jlpt_n3,wish_desire_ambition,志望,しぼう,shibō
japanese_jlpt_n3,masses_people,衆,しゅう,shū
japanese_jlpt_n3,dwelling_living,住,じゅう,jū
japanese_jlpt_n3,ornamentation_modification_,修飾,しゅうしょく,shūshoku
japanese_jlpt_n3,personal_use_private_busine,私用,しよう,shiyō
japanese_jlpt_n3,way_method_specification,仕様,しよう,shiyō
japanese_jlpt_n3,feelings_emotion_passion,情,じょう,jō
japanese_jlpt_n3,one_s_lifetime,生涯,しょうがい,shōgai
japanese_jlpt_n3,one_s_superior,上司,じょうし,jōshi
japanese_jlpt_n3,natural_shape_one_s_true_co,正体,しょうたい,shōtai
japanese_jlpt_n3,illumination,照明,しょうめい,shōmei
japanese_jlpt_n3,ms,女史,じょし,joshi
japanese_jlpt_n3,gram_particle_s_postpositio,助詞,じょし,joshi
japanese_jlpt_n3,shock,ショック,ショック,shokku
japanese_jlpt_n3,advance,進行,しんこう,shinkō
japanese_jlpt_n3,rising_developing_emergent,新興,しんこう,shinkou
japanese_jlpt_n3,promotion_encouragement,振興,しんこう,shinkou
japanese_jlpt_n3,report_statement,申告,しんこく,shinkoku
japanese_jlpt_n3,truth,真理,しんり,shinri
japanese_jlpt_n3,flushing,水洗,すいせん,suisen
japanese_jlpt_n3,stress,ストレス,ストレス,sutoresu
japanese_jlpt_n3,to_rub_to_chafe,擦る,する,suru
japanese_jlpt_n3,regular_legitimate,正規,せいき,seiki
japanese_jlpt_n3,elaborate_delicate_exquisit,精巧,せいこう,seikou
japanese_jlpt_n3,exact_calculation_adjustmen,精算,せいさん,seisan
japanese_jlpt_n3,majority_adult_age,成年,せいねん,seinen
japanese_jlpt_n3,declaration_statement_procl,声明,せいめい,seimei
japanese_jlpt_n3,full_name,姓名,せいめい,seimei
japanese_jlpt_n3,physiology_menses,生理,せいり,seiri
japanese_jlpt_n3,when_if_section_clause,節,せつ,setsu
japanese_jlpt_n3,small_table_tray_meal,膳,ぜん,zen
japanese_jlpt_n3,zen_buddhism,禅,ぜん,zen
japanese_jlpt_n3,election,選挙,せんきょ,senkyo
japanese_jlpt_n3,preceding_going_first,先行,せんこう,senkou
japanese_jlpt_n3,selection_screening,選考,せんこう,senkou
japanese_jlpt_n3,aspect_phase_countenance,相,そう,sō
japanese_jlpt_n3,to_run_along_to_follow,沿う,そう,sō
japanese_jlpt_n3,to_accompany_to_comply_with,添う,そう,sō
japanese_jlpt_n3,monk_priest,僧,そう,sō
japanese_jlpt_n3,statue_image,像,ぞう,zō
japanese_jlpt_n3,search_esp_in_criminal_inve,捜査,そうさ,sōsa
japanese_jlpt_n3,management_control_manipula,操縦,そうじゅう,sōjū
japanese_jlpt_n3,creation,創造,そうぞう,sōzō
japanese_jlpt_n3,party_troops,隊,たい,tai
japanese_jlpt_n3,dropping_out_of_school,退学,たいがく,taigaku
japanese_jlpt_n3,title_2,タイトル,タイトル,taitoru
japanese_jlpt_n3,down,ダウン,ダウン,daun
japanese_jlpt_n3,to_rise_to_grow_to_mount_v_,高まる,たかまる,takamaru
japanese_jlpt_n3,to_sever_to_cut_off,断つ,たつ,tatsu
japanese_jlpt_n3,shield,盾,たて,tate
japanese_jlpt_n3,example_even_though,例え,たとえ,tatoe
japanese_jlpt_n3,chime,チャイム,チャイム,chaimu
japanese_jlpt_n3,challenge_defiance,挑戦,ちょうせん,chōsen
japanese_jlpt_n3,medical_treatment,治療,ちりょう,chiryō
japanese_jlpt_n3,pair_couple_set_2,対,つい,tsui
japanese_jlpt_n3,to_join_to_piece_together_t,接ぐ,つぐ,tsugu
japanese_jlpt_n3,to_succeed_someone_in_a_bus,継ぐ,つぐ,tsugu
japanese_jlpt_n3,to_pluck_to_pick_to_trim,摘む,つむ,tsumu
japanese_jlpt_n3,dew,露,つゆ,tsuyu
japanese_jlpt_n3,to_get_strong_to_gain_stren,強まる,つよまる,tsuyomaru
japanese_jlpt_n3,to_strengthen_to_emphasize,強める,つよめる,tsuyomeru
japanese_jlpt_n3,data,データ,データ,dēta
japanese_jlpt_n3,design,デザイン,デザイン,dezain
japanese_jlpt_n3,dessert,デザート,デザート,dezāto
japanese_jlpt_n3,change_schools,転校,てんこう,tenkō
japanese_jlpt_n3,verbal_message,伝言,でんごん,dengon
japanese_jlpt_n3,and_2,と,と,to
japanese_jlpt_n3,to_ask_to_question,問う,とう,tou
japanese_jlpt_n3,ridge_of_roof,棟,とう,tou
japanese_jlpt_n3,corporate_bankruptcy_insolv,倒産,とうさん,tousan
japanese_jlpt_n3,one_another_companion_comra,同士,どうし,doushi
japanese_jlpt_n3,same_mind_comrade_kindred_s,同志,どうし,doushi
japanese_jlpt_n3,obvious_natural,当然,とうぜん,touzen
japanese_jlpt_n3,disturbance_flutter_shock,動揺,どうよう,douyou
japanese_jlpt_n3,to_explain_to_advocate,説く,とく,toku
japanese_jlpt_n3,to_bind_to_file,綴じる,とじる,tojiru
japanese_jlpt_n3,accompanying_attendant_comp,供,とも,tomo
japanese_jlpt_n3,medium_e_g_food_serving_siz,並,なみ,nami
japanese_jlpt_n3,to_accustom,慣らす,ならす,narasu
japanese_jlpt_n3,to_domesticate_to_tame,馴らす,ならす,narasu
japanese_jlpt_n3,difficulty_hardships_defect,難,なん,nan
japanese_jlpt_n3,sound_note_2,音,ね,ne
japanese_jlpt_n3,yearbook,年鑑,ねんかん,nenkán
japanese_jlpt_n3,brain_memory,脳,のう,nou
japanese_jlpt_n3,to_look_out_on_to_face_to_a,臨む,のぞむ,nozomu
japanese_jlpt_n3,lung,肺,はい,hai
japanese_jlpt_n3,counter_for_loss_defeat,～敗,はい,hai
japanese_jlpt_n3,to_shine_to_look_attractive,映える,はえる,haeru
japanese_jlpt_n3,to_consult_with_to_confer,諮る,はかる,hakaru
japanese_jlpt_n3,to_plot_to_attempt_to_devis,図る,はかる,hakaru
japanese_jlpt_n3,to_grow_to_cultivate_to_wea,生やす,はやす,hayasu
japanese_jlpt_n3,group_party_section_mil,班,はん,han
japanese_jlpt_n3,size_of_paper_or_books,判,はん,han
japanese_jlpt_n3,edition,版,はん,han
japanese_jlpt_n3,stone_monument_bearing_an_i,碑,ひ,hi
japanese_jlpt_n3,delinquency_misconduct,非行,ひこう,hikou
japanese_jlpt_n3,label_ballot_sign,票,ひょう,hyou
japanese_jlpt_n3,to_spread_to_be_propagated,広まる,ひろまる,hiromaru
japanese_jlpt_n3,to_deepen_to_heighten_to_in,深める,ふかめる,fukameru
japanese_jlpt_n3,good_fortune,福,ふく,fuku
japanese_jlpt_n3,style_manner,振り,ふり,furi
japanese_jlpt_n3,to_pass_to_elapse_to_experi,経る,へる,heru
japanese_jlpt_n3,care_protection_shelter,保護,ほご,hogo
japanese_jlpt_n3,guarantee_security_warranty,保障,ほしょう,hoshou
japanese_jlpt_n3,compensation_reparation,補償,ほしょう,hoshou
japanese_jlpt_n3,feel_relieved,ほっと,ほっと,hotto
japanese_jlpt_n3,in_advance_beforehand_previ,前もって,まえもって,maemotte
japanese_jlpt_n3,membrane_film,膜,まく,maku
japanese_jlpt_n3,mass_communication,マスコミ,マスコミ,masukomi
japanese_jlpt_n3,thigh_crotch,股,また,mata
japanese_jlpt_n3,the_end_of,末,まつ,matsu
japanese_jlpt_n3,massage,マッサージ,マッサージ,massāji
japanese_jlpt_n3,to_happen_to_see_to_notice_,見掛ける,みかける,mikakeru
japanese_jlpt_n3,to_turn_over_to_turn_pages_,捲る,めくる,mekuru
japanese_jlpt_n3,message,メッセージ,メッセージ,messēji
japanese_jlpt_n3,opposition_party,野党,やとう,yatō
japanese_jlpt_n3,superiority_high_grade,優,ゆう,yū
japanese_jlpt_n3,organic,有機,ゆうき,yūki
japanese_jlpt_n3,world_society_generation,世,よ,yo
japanese_jlpt_n3,good_nice,良い,よい,yoi
japanese_jlpt_n3,expectation_anticipation_pr,予想,よそう,yosō
japanese_jlpt_n3,to_weaken_to_be_emaciated_t,弱まる,よわまる,yowamaru
japanese_jlpt_n3,to_weaken,弱める,よわめる,yowameru
japanese_jlpt_n3,label,ラベル,ラベル,raberu
japanese_jlpt_n3,rule,ルール,ルール,rūru
japanese_jlpt_n3,frame_slide,枠,わく,waku
japanese_jlpt_n3,display_indication,表示,ひょうじ,hyōji
japanese_jlpt_n4,to_step_on_to_tread_on,踏む,ふむ,fumu
japanese_jlpt_n4,district_ward_borough,～区,～く,~ku
japanese_jlpt_n4,straight_quickly,すっと,すっと,sutto
japanese_jlpt_n4,to_steal_to_rob,盗む,ぬすむ,nusumu
japanese_jlpt_n4,generally_usually,大抵,たいてい,taitei
japanese_jlpt_n4,finally_at_last,とうとう,とうとう,tōtō
japanese_jlpt_n4,gasoline_petrol,ガソリン,ガソリン,gasorin
japanese_jlpt_n4,to_sound_to_ring_v_i,鳴る,なる,naru
japanese_jlpt_n4,firmly_steady,しっかり,しっかり,shikkari
japanese_jlpt_n4,to_live,生きる,いきる,ikiru
japanese_jlpt_n4,bitter,苦い,にがい,nigai
japanese_jlpt_n4,to_boil_to_grow_hot,沸く,わく,waku
japanese_jlpt_n4,opinion_view_idea,意見,いけん,iken
japanese_jlpt_n4,as_i_thought_absolutely,やはり; やっぱり,やはり; やっぱり,yahari; yappari
japanese_jlpt_n4,comic_book_cartoon,漫画,まんが,manga
japanese_jlpt_n4,stereo,ステレオ,ステレオ,sutereo
japanese_jlpt_n4,medical_science,医学,いがく,igaku
japanese_jlpt_n4,text_text_book,テキスト,テキスト,tekisuto
japanese_jlpt_n4,month,～月,～つき,tsuki
japanese_jlpt_n4,to_snap_to_break_to_bend,折る,おる,oru
japanese_jlpt_n4,meeting,～会,～かい,kai
japanese_jlpt_n4,to_ask,うかがう,うかがう,ukagau
japanese_jlpt_n4,to_be_heard_to_be_audible,聞こえる,きこえる,kikoeru
japanese_jlpt_n4,i_used_by_men_towards_those,僕,ぼく,boku
japanese_jlpt_n4,surely_certainly,必ず,かならず,kanarazu
japanese_jlpt_n4,to_break_to_break_down,壊す,こわす,kowasu
japanese_jlpt_n4,to_get_angry_to_scold_angri,怒る,おこる,okoru
japanese_jlpt_n4,barber_s_shop,床屋,とこや,tokoya
japanese_jlpt_n4,motorcycle_lit_auto_bi_ke,オートバイ,オートバイ,ōtobai
japanese_jlpt_n4,exercise,運動,うんどうする,undō suru
japanese_jlpt_n4,to_cease_to_stop,止む,やむ,yamu
japanese_jlpt_n4,if,もし,もし,moshi
japanese_jlpt_n4,surface_front_outside,表,おもて,omote
japanese_jlpt_n4,college_student_university_,大学生,だいがくせい,daigakusei
japanese_jlpt_n4,driver_by_occupation,運転手,うんてんしゅ,unten-shu
japanese_jlpt_n4,preparation_of_lessons_for_,予習,よしゅう,yoshū
japanese_jlpt_n4,worry_concern,心配,しんぱいする,shinpai suru
japanese_jlpt_n4,distinction_different,別,べつ,betsu
japanese_jlpt_n4,extremely_very,非常に,ひじょうに,hijō ni
japanese_jlpt_n4,someone_else_s_house_home_p,お宅,おたく,otaku
japanese_jlpt_n4,soft_in_reference_to_textur,柔らかい,やわらかい,yawarakai
japanese_jlpt_n4,to_pick_up_something_to_fin,拾う,ひろう,hirou
japanese_jlpt_n4,to_be_polite_to_exist,～ございます,～ございます,~gozaimasu
japanese_jlpt_n4,spirit_mood,気,き,ki
japanese_jlpt_n4,to_compare,比べる,くらべる,kuraberu
japanese_jlpt_n4,mostly_almost,ほとんど,ほとんど,hotondo
japanese_jlpt_n4,intention_plan,つもり,つもり,tsumori
japanese_jlpt_n4,suburb_outskirts,郊外,こうがい,kōgai
japanese_jlpt_n4,useless_no_good_hopeless,だめ,だめ,dame
japanese_jlpt_n4,place_where_things_are_sold,売り場,うりば,uriba
japanese_jlpt_n4,new_year_new_year_s_day,正月,しょうがつ,shōgatsu
japanese_jlpt_n4,rule_regulation,規則,きそく,kisoku
japanese_jlpt_n4,yes_informal_all_right_ok,うん,うん,un
japanese_jlpt_n4,pronunciation,発音,はつおん,hatsuon
japanese_jlpt_n4,to_bake_to_grill,焼く,やく,yaku
japanese_jlpt_n4,rooftop,屋上,おくじょう,okujō
japanese_jlpt_n4,discourtesy_impoliteness_ex,失礼,しつれい,shitsurei
japanese_jlpt_n4,trash_garbage,ごみ,ごみ,gomi
japanese_jlpt_n4,africa,アフリカ,アフリカ,Afurika
japanese_jlpt_n4,mark_score_grade_point_dot,点,てん,Ten
japanese_jlpt_n4,very_hard_as_in_to_work_har,一生懸命,いっしょうけんめい,Isshōkenmei
japanese_jlpt_n4,now_this_time_near_future_o,今度,こんど,Kondo
japanese_jlpt_n4,chance_opportunity,機会,きかい,Kikai
japanese_jlpt_n4,to_build,建てる,たてる,Tateru
japanese_jlpt_n4,complexity_complication,複雑,ふくざつ,Fukuzatsu
japanese_jlpt_n4,he_boyfriend,彼,かれ,Kare
japanese_jlpt_n4,honorific_expression_for_an,いらっしゃる,いらっしゃる,Irassharu
japanese_jlpt_n4,futon,布団,ふとん,Futon
japanese_jlpt_n4,important_valuable_serious_,大事,だいじ,daiji
japanese_jlpt_n4,a_gift_a_present,贈り物,おくりもの,okurimono
japanese_jlpt_n4,thief_burglar,泥棒,どろぼう,dorobou
japanese_jlpt_n4,made_in,～製,～せい,sei
japanese_jlpt_n4,caution_attention,注意,ちゅうい,chūi
japanese_jlpt_n4,typhoon,台風,たいふう,taifū
japanese_jlpt_n4,sun_sunshine_day,日,ひ,hi
japanese_jlpt_n4,counter_for_houses,～軒,～けん,ken
japanese_jlpt_n4,really_is_that_so_yes_right,そう,そう,sō
japanese_jlpt_n4,to_pass_by_to_go_through,通る,とおる,tōru
japanese_jlpt_n4,to_exceed_to_go_beyond,過ぎる,すぎる,sugiru
japanese_jlpt_n4,report,レポート; リポート,レポート; リポート,repōto; ripōto
japanese_jlpt_n4,leaf,葉,は,ha
japanese_jlpt_n4,necessary,必要,ひつよう,hitsuyō
japanese_jlpt_n4,section_manager,課長,かちょう,kachō
japanese_jlpt_n4,earthquake,地震,じしん,jishin
japanese_jlpt_n4,and_then,すると,すると,suru to
japanese_jlpt_n4,to_end_to_stop,止める,やめる,yameru
japanese_jlpt_n4,glass_pane,ガラス,ガラス,garasu
japanese_jlpt_n4,department_of_a_university,～学部,～がくぶ,~gakubu
japanese_jlpt_n4,hard_rigorous_strict,厳しい,きびしい,kibishii
japanese_jlpt_n4,escalator,エスカレーター,エスカレーター,esukareetaa
japanese_jlpt_n4,population,人口,じんこう,jinkou
japanese_jlpt_n4,moon,月,つき,tsuki
japanese_jlpt_n4,silk,絹,きぬ,kinu
japanese_jlpt_n4,not_at_all_neg_verb,ちっとも,ちっとも,chittomo
japanese_jlpt_n4,deep_profound,深い,ふかい,fukai
japanese_jlpt_n4,to_be_broken_to_break,壊れる,こわれる,kowareru
japanese_jlpt_n4,to_shake_to_sway,揺れる,ゆれる,yureru
japanese_jlpt_n4,to_fall_to_drop,落る,おちる,ochiru
japanese_jlpt_n4,if_at_all_possible_as_much_,できるだけ,できるだけ,dekiru dake
japanese_jlpt_n4,sad_sorrowful,悲しい,かなしい,kanashii
japanese_jlpt_n4,junior_high_school_pupil,中学校,ちゅうがっこう,chūgakkō
japanese_jlpt_n4,gas,ガス,ガス,gasu
japanese_jlpt_n4,to_pray_to_wish,祈る,いのる,inoru
japanese_jlpt_n4,prosperous_active_thriving,盛ん,さかん,sakan
japanese_jlpt_n4,part_time_job,アルバイト,アルバイト,arubaito
japanese_jlpt_n4,to_wake_someone_up,起こす,おこす,okosu
japanese_jlpt_n4,extra_modest_expression_for,致す,いたす,itasu
japanese_jlpt_n4,to_bite_to_chew,噛む,かむ,kamu
japanese_jlpt_n4,baby_infant,赤ちゃん,あかちゃん,akachan
japanese_jlpt_n4,shallow_superficial,浅い,あさい,asai
japanese_jlpt_n4,lie,嘘,うそ,uso
japanese_jlpt_n4,novel,小説,しょうせつ,shōsetsu
japanese_jlpt_n4,a_parent,親,おや,oya
japanese_jlpt_n4,moreover_besides,それに,それに,soreni
japanese_jlpt_n4,the_west_western_countries,西洋,せいよう,seiyō
japanese_jlpt_n4,to_think_to_feel,思う,おもう,omou
japanese_jlpt_n4,part_time_esp_female_part_t,パート (タイム),パート (タイム),pāto (taimu)
japanese_jlpt_n4,age_period_epoch_era,時代,じだい,jidai
japanese_jlpt_n4,humble_to_say_to_tell,申し上げる,もうしあげる,mōshiageru
japanese_jlpt_n4,ceremony_style,～式,～しき,~shiki
japanese_jlpt_n4,attendance,出席,しゅっせきする,shussekisuru
japanese_jlpt_n4,person_who_is_specialized_i,～家,～か,~ka
japanese_jlpt_n4,to_welcome_to_meet_to_greet,迎える,むかえる,mukaeu
japanese_jlpt_n4,to_touch_to_feel,触る,さわる,sawaru
japanese_jlpt_n4,storied_separate_housing,建て,～だて,~date
japanese_jlpt_n4,president_of_a_company,社長,しゃちょう,shachō
japanese_jlpt_n4,zoo,動物園,どうぶつえん,dōbutsuen
japanese_jlpt_n4,to_catch_to_arrest,捕まえる,つかまえる,tsukamaeru
japanese_jlpt_n4,season_in_reference_to_weat,季節,きせつ,kisetsu
japanese_jlpt_n4,to_stop_by,寄る,よる,yoru
japanese_jlpt_n4,to_be_set_fixed_v_i,決まる,きまる,kimaru
japanese_jlpt_n4,to_open_to_hold_an_event,開く,ひらく,hiraku
japanese_jlpt_n4,to_escape_to_run_away,逃げる,にげる,nigeru
japanese_jlpt_n4,so_therefore,だから,だから,dakara
japanese_jlpt_n4,regret_regrettable,残念,ざんねん,zannen
japanese_jlpt_n4,tatami_mat_japanese_straw_m,畳,たたみ,tatami
japanese_jlpt_n4,polite_courteous_careful,丁寧,ていねい,teinei
japanese_jlpt_n4,geography,地理,ちり,chiri
japanese_jlpt_n4,a_little_while_ago,さっき,さっき,sakki
japanese_jlpt_n4,scary_frightening,怖い,こわい,kowai
japanese_jlpt_n4,to_wrap_to_cover,包む,つつむ,tsutsumu
japanese_jlpt_n4,if_possible_as_much_as_poss,なるべく,なるべく,narubeku
japanese_jlpt_n4,unreasonable_impossible,無理,むり,muri
japanese_jlpt_n4,sandwich,サンドイッチ,サンドイッチ,sandoitchi
japanese_jlpt_n4,conference_room,会議室,かいぎしつ,kaigishitsu
japanese_jlpt_n4,goods,品物,しなもの,shinamono
japanese_jlpt_n4,doll_figure,人形,にんぎょう,ningyou
japanese_jlpt_n4,use_utilization,利用,りよう,riyou
japanese_jlpt_n4,to_decorate_to_adorn,飾る,かざる,kazaru
japanese_jlpt_n4,to_stop_something,止める,とめる,tomeru
japanese_jlpt_n4,ashamed_embarrassed,恥ずかしい,はずかしい,hazukashii
japanese_jlpt_n4,however_much_one_may,いくら～ても,いくら～ても,ikura~temo
japanese_jlpt_n4,business_to_take_care_of_ta,用事,ようじ,youji
japanese_jlpt_n4,abbr_building,ビル,ビル,biru
japanese_jlpt_n4,quarrel,けんかする,けんかする,kensaka suru
japanese_jlpt_n4,to_try_one_s_best_to_try_ha,頑張る,がんばる,ganbaru
japanese_jlpt_n4,to_pitch_to_cast_away,投げる,なげる,nageru
japanese_jlpt_n4,breakdown,故障,こしょうする,koshou suru
japanese_jlpt_n4,strength_power,力,ちから,chikara
japanese_jlpt_n4,to_take_an_examination_inte,受ける,うける,ukeru
japanese_jlpt_n4,feeling_mood,気分,きぶん,kibun
japanese_jlpt_n4,to_make_a_mistake,間違える,まちがえる,machigaeru
japanese_jlpt_n4,such_like_that_that_sort_of,そんな,そんな,sonna
japanese_jlpt_n4,star,星,ほし,hoshi
japanese_jlpt_n4,case_situation,場合,ばあい,baai
japanese_jlpt_n4,at_last_finally,やっと,やっと,yatto
japanese_jlpt_n4,to_be_sufficient_to_be_enou,足りる,たりる,tariru
japanese_jlpt_n4,to_carry_out_to_conduct_typ,行う,おこなう,okonau
japanese_jlpt_n4,grapes,ぶどう,ぶどう,budō
japanese_jlpt_n4,to_disappear_to_get_lost,無くなる,なくなる,nakunaru
japanese_jlpt_n4,prepare,準備,じゅんびする,junbi suru
japanese_jlpt_n4,world,世界,せかい,sekai
japanese_jlpt_n4,address_place_of_residence,住所,じゅうしょ,jūsho
japanese_jlpt_n4,the_month_after_next,再来月,さらいげつ,saraigetsu
japanese_jlpt_n4,woods_forest,林,はやし,hayashi
japanese_jlpt_n4,double,倍,ばい,bai
japanese_jlpt_n4,to_lose_weight,痩せる,やせる,yaseru
japanese_jlpt_n4,line_wire,線,せん,sen
japanese_jlpt_n4,war,戦争,せんそう,sensō
japanese_jlpt_n4,to_decide_v_t,決める,きめる,kimeru
japanese_jlpt_n4,to_check_to_look_up_to_inqu,調べる,しらべる,shiraberu
japanese_jlpt_n4,sleeping_in_late,寝坊,ねぼう,nebō
japanese_jlpt_n4,papa_daddy,パパ,パパ,papa
japanese_jlpt_n4,to_shine_to_glitter,光る,ひかる,hikaru
japanese_jlpt_n4,husband,夫,おっと,otto
japanese_jlpt_n4,cloud,雲,くも,kumo
japanese_jlpt_n4,slope_hill,坂,さか,saka
japanese_jlpt_n4,to_end_up,～(て) しまう,～(て) しまう,~ (te) shimau
japanese_jlpt_n4,airport,飛行場,ひこうじょう,hikōjō
japanese_jlpt_n4,judo,柔道,じゅうどう,jū dō
japanese_jlpt_n4,never,決して,けっして,kesshite
japanese_jlpt_n4,office,事務所,じむしょ,jim usho
japanese_jlpt_n4,communication_contact_conne,連絡,れんらく,renraku
japanese_jlpt_n4,elementary_school,小学校,しょうがっこう,shōgakkō
japanese_jlpt_n4,guest_customer,客,きゃく,kyaku
japanese_jlpt_n4,old_days_past,昔,むかし,mukashi
japanese_jlpt_n4,beautiful_lovely,美しい,うつくしい,utsukushii
japanese_jlpt_n4,throw_away_trash_dump_disca,捨てる,すてる,suteru
japanese_jlpt_n4,honorific_expression_for,なさる,なさる,nasaru
japanese_jlpt_n4,thing_s_matter_s_fact,事,こと,koto
japanese_jlpt_n4,quickly_and_steadily_at_a_r,どんどん,どんどん,dondon
japanese_jlpt_n4,match_game_competition,試合,しあい,shiai
japanese_jlpt_n4,fitness_suitability,適当,てきとう,tekitō
japanese_jlpt_n4,wonderful_terrific,素晴らしい,すばらしい,subarashii
japanese_jlpt_n4,art_gallery_art_museum,美術館,びじゅつかん,bijutsukan
japanese_jlpt_n4,grammar,文法,ぶんぽう,bunpō
japanese_jlpt_n4,end,終わり,おわり,owari
japanese_jlpt_n4,wall,壁,かべ,kabe
japanese_jlpt_n4,once_one_time,一度,いちど,ichido
japanese_jlpt_n4,expression_of_gratitude_tha,お礼,おれい,orei
japanese_jlpt_n4,kindness,親切,しんせつ,shinsetsu
japanese_jlpt_n4,to_notify,知らせる,しらせる,shiraseru
japanese_jlpt_n4,dentist,歯医者,はいしゃ,haisha
japanese_jlpt_n4,enthusiasm,熱心,ねっしん,nesshin
japanese_jlpt_n4,to_start_to_begin,始める,はじめる,hajimeru
japanese_jlpt_n4,to_receive,もらう,もらう,morau
japanese_jlpt_n4,to_cry,泣く,なく,naku
japanese_jlpt_n4,to_get_better_to_recover_fr,治る,なおる,naoru
japanese_jlpt_n4,fever_temperature,熱,ねつ,netsu
japanese_jlpt_n4,festival,お祭り,おまつり,omatsuri
japanese_jlpt_n4,water_service_water_line,水道,すいどう,suidou
japanese_jlpt_n4,odor_smell,匂い,におい,nioi
japanese_jlpt_n4,bell,ベル,ベル,beru
japanese_jlpt_n4,baby,赤ん坊,あかんぼう,akanbou
japanese_jlpt_n4,strange_odd_funny,おかしい,おかしい,okashii
japanese_jlpt_n4,accident,事故,じこ,jiko
japanese_jlpt_n4,strange_odd,変,へん,hen
japanese_jlpt_n4,encyclopedia_reference_book,辞典,じてん,jiten
japanese_jlpt_n4,to_remain_v_i_to_be_left,残る,のこる,nokoru
japanese_jlpt_n4,to_stand_something_up_to_er,立てる,たてる,tateru
japanese_jlpt_n4,to_give_to_do_for,くれる,くれる,kureru
japanese_jlpt_n4,member_of,～員,～いん,-in
japanese_jlpt_n4,cause_origin_source,原因,げんいん,gen'in
japanese_jlpt_n4,to_be_surprised_to_be_aston,驚く,おどろく,odoroku
japanese_jlpt_n4,extra_modest_expression_f_2,いただく,頂く,itadaku
japanese_jlpt_n4,grandmother,祖母,そぼ,sobo
japanese_jlpt_n4,place_location,場所,ばしょ,basho
japanese_jlpt_n4,answer_response,答,こたえ,kotae
japanese_jlpt_n4,certainly_of_course,もちろん,もちろん,mochiron
japanese_jlpt_n4,to_soak_to_moisten_to_pickl,漬ける,つける,tsukeru
japanese_jlpt_n4,reception_ist_desk,受付,うけつけ,uketsuke
japanese_jlpt_n4,within_inside,内,うち,uchi
japanese_jlpt_n4,screen,スクリーン,スクリーン,sukuriin
japanese_jlpt_n4,to_increase_to_multiply,増える,ふえる,fueru
japanese_jlpt_n4,or_otherwise,または,または,matawa
japanese_jlpt_n4,injury_to_animate_object_hu,けがする,けがする,kegasuru
japanese_jlpt_n4,less_than_below,以下,いか,ika
japanese_jlpt_n4,to_choose_to_select,選ぶ,えらぶ,erabu
japanese_jlpt_n4,just_did_only,～ばかり,～ばかり,bakari
japanese_jlpt_n4,heart_mind,心,こころ,kokoro
japanese_jlpt_n4,to_start_doing,～だす,～だす,dasu
japanese_jlpt_n4,salad,サラダ,サラダ,sarada
japanese_jlpt_n4,to_deliver_v_t,届ける,とどける,todokeru
japanese_jlpt_n4,greet_ing,挨拶,あいさつする,aisatsu suru
japanese_jlpt_n4,scenery_landscape,景色,けしき,keshiki
japanese_jlpt_n4,if_i_remember_correctly_cer,確か,たしか,tashika
japanese_jlpt_n4,steak,ステーキ,ステーキ,sutēki
japanese_jlpt_n4,foodstuff_groceries,食料品,しょくりょうひん,shokuryōhin
japanese_jlpt_n4,forest,森,もり,mori
japanese_jlpt_n4,within_less_no_more_than,以内,いない,inai
japanese_jlpt_n4,plans_arrangement_schedule,予定,よてい,yotei
japanese_jlpt_n4,overcoat_over_exceeding_exa,オーバー,オーバー,oobaa
japanese_jlpt_n4,to_get_dry,乾く,かわく,kawaku
japanese_jlpt_n4,stone,石,いし,ishi
japanese_jlpt_n4,to_recall_to_remember,思い出す,おもいだす,omoidasu
japanese_jlpt_n4,to_dance,踊る,おどる,odoru
japanese_jlpt_n4,small_fine_minute,細かい,こまかい,komakai
japanese_jlpt_n4,to_paint_to_plaster,塗る,ぬる,nuru
japanese_jlpt_n4,your_her_husband,ご主人,ごしゅじん,goshujin
japanese_jlpt_n4,unusual_rare,珍しい,めずらしい,mezurashii
japanese_jlpt_n4,errand_task_business_to_tak,用,よう,yō
japanese_jlpt_n4,government_worker_public_se,公務員,こうむいん,kōmuin
japanese_jlpt_n4,someone_s_daughter_polite,お嬢さん,おじょうさん,ojōsan
japanese_jlpt_n4,preparation,用意,ようい,yōi
japanese_jlpt_n4,to_search_to_seek_to_look_f,探す,さがす,sagasu
japanese_jlpt_n4,shape,形,かたち,katachi
japanese_jlpt_n4,driving,運転,うんてんする,unten suru
japanese_jlpt_n4,all_completely,すっかり,すっかり,sukkari
japanese_jlpt_n4,announcer,アナウンサー,アナウンサー,anaunsaa
japanese_jlpt_n4,souvenir,お土産,おみやげ,omiyage
japanese_jlpt_n4,eraser,消しゴム,けしゴム,keshigomu
japanese_jlpt_n4,a_japanese_inn,旅館,りょかん,ryokan
japanese_jlpt_n4,coast_seashore,海岸,かいがん,kaigan
japanese_jlpt_n4,lonely_lonesome,寂しい,さびしい,sabishii
japanese_jlpt_n4,fire,火,ひ,hi
japanese_jlpt_n4,to_raise_v_t_to_bring_up,育てる,そだてる,sodateru
japanese_jlpt_n4,miso_bean_paste,味噌,みそ,miso
japanese_jlpt_n4,congratulation_celebration,お祝い,おいわい,oiwai
japanese_jlpt_n4,vehicle,乗り物,のりもの,norimono
japanese_jlpt_n4,information_guidance,案内,あんないする,annai suru
japanese_jlpt_n4,to_go_back_and_forth_to_com,通う,かよう,kayou
japanese_jlpt_n4,to_lead_to_take_a_person,連れる,つれる,tsureru
japanese_jlpt_n4,technique_technology_skill,技術,ぎじゅつ,gijutsu
japanese_jlpt_n4,small_bird,小鳥,ことり,kotori
japanese_jlpt_n4,lodging_boarding_house,下宿,げしゅく,geshuku
japanese_jlpt_n4,jam,ジャム,ジャム,jamu
japanese_jlpt_n4,invitation,招待,しょうたいする,shoutai suru
japanese_jlpt_n4,mirror,鏡,かがみ,kagami
japanese_jlpt_n4,it_should_be_so,はず,はず,hazu
japanese_jlpt_n4,law,法律,ほうりつ,hōritsu
japanese_jlpt_n4,to_advance_to_proceed,進む,すすむ,susumu
japanese_jlpt_n4,to_enjoy,楽む,たのしむ,tanoshimu
japanese_jlpt_n4,trade,貿易,ぼうえき,bōeki
japanese_jlpt_n4,oppose_opposition_resistanc,反対,はんたい,hantai
japanese_jlpt_n4,extra_modest_expression_f_3,おる,おる,oru
japanese_jlpt_n4,extra_modest_humble_express,申す,もうす,mōsu
japanese_jlpt_n4,an_exam,試験,しけん,shiken
japanese_jlpt_n4,diligent_serious,真面目,まじめ,majime
japanese_jlpt_n4,honorific_expression_for_2,ごらんになる,-- honorific expression for みる --,goran ni naru
japanese_jlpt_n4,clerk_shop_employee,店員,てんいん,ten'in
japanese_jlpt_n4,to_stay_over_night_v_i,泊まる,とまる,tomaru
japanese_jlpt_n4,hon_good_ok_all_right,よろしい,よろしい,yoroshii
japanese_jlpt_n4,this_evening_tonight,今夜,こんや,kon'ya
japanese_jlpt_n4,change_balance_of_money_ret,おつり,おつり,otsuri
japanese_jlpt_n4,check,チェックする,チェックする,chekku suru
japanese_jlpt_n4,conversation,会話,かいわ,kaiwa
japanese_jlpt_n4,air_atmosphere,空気,くうき,kuuki
japanese_jlpt_n4,traffic_transportation,交通,こうつう,koutsuu
japanese_jlpt_n4,word_processor,ワープロ,ワープロ,wāpuro
japanese_jlpt_n4,to_rejoice_to_be_delighted_,喜ぶ,よろこぶ,yorokobu
japanese_jlpt_n4,express_train_or_bus,急行,きゅうこう,kyūkō
japanese_jlpt_n4,everyone,皆,みな,mina
japanese_jlpt_n4,flavor_taste,味,あじ,aji
japanese_jlpt_n4,airport_2,空港,くうこう,kūkō
japanese_jlpt_n4,glove_s,手袋,てぶくろ,tebukuro
japanese_jlpt_n4,principal_headmaster,校長,こうちょう,kōchō
japanese_jlpt_n4,feast_treating_someone,ごちそう,ごちそう,gochisō
japanese_jlpt_n4,dance,踊り,おどり,odori
japanese_jlpt_n4,interest_in_something,興味,きょうみ,kyōmi
japanese_jlpt_n4,to_move_to_a_new_place_of_r,引っ越す,ひっこす,hikkosu
japanese_jlpt_n4,cooling_air_conditioning,冷房,れいぼう,reibō
japanese_jlpt_n4,circumstances_convenience,都合,つごう,tsugō
japanese_jlpt_n4,restraint_reserve_hesitate,遠慮,えんりょする,enryosuru
japanese_jlpt_n4,to_pass_away,亡くなる,なくなる,nakunaru
japanese_jlpt_n4,science,科学,かがく,kagaku
japanese_jlpt_n4,clearly_distinctly,はっきり,はっきり,hakkiri
japanese_jlpt_n4,humble_expression_for,差し上げる,さしあげる,sashiageru
japanese_jlpt_n4,feeling_sensation_mood,気持ち,きもち,kimochi
japanese_jlpt_n4,grandfather,祖父,そふ,sofu
japanese_jlpt_n4,harbor_port,港,みなと,minato
japanese_jlpt_n4,reservation,予約,よやく,yoyaku
japanese_jlpt_n4,terrific_great,凄い,すごい,sugoi
japanese_jlpt_n4,entry_to_school_or_universi,入学,にゅうがくする,nyūgaku suru
japanese_jlpt_n4,to_clean_tidy_up_v_t_to_put,片付ける,かたづける,katazukeru
japanese_jlpt_n4,to_copy_v_t_to_photograph,写す,うつす,utsusu
japanese_jlpt_n4,personal_computer,パソコン,パソコン,pasokon
japanese_jlpt_n4,department_division_manager,部長,ぶちょう,buchō
japanese_jlpt_n4,fire_2,火事,かじ,kaji
japanese_jlpt_n4,to_add_numbers,足す,たす,tasu
japanese_jlpt_n4,church,教会,きょうかい,kyōkai
japanese_jlpt_n4,they_usually_male,彼ら,かれら,karera
japanese_jlpt_n4,full_to_the_utmost,一杯,いっぱい,ippai
japanese_jlpt_n4,america_u_s_a,アメリカ,アメリカ,Amerika
japanese_jlpt_n4,man_male,男性,だんせい,dansei
japanese_jlpt_n4,reason,理由,りゆう,riyū
japanese_jlpt_n4,production_to_produce,生産,せいさんする,seisan suru
japanese_jlpt_n4,kimono_japanese_traditional,着物,きもの,kimono
japanese_jlpt_n4,a_toy,おもちゃ,おもちゃ,omocha
japanese_jlpt_n4,to_get_dark_to_come_to_an_e,暮れる,くれる,kureru
japanese_jlpt_n4,to_fish,釣る,つる,tsuru
japanese_jlpt_n4,suffix_for_familiar_female_,～ちゃん,～ちゃん,~chan
japanese_jlpt_n4,to_hit_to_strike,打つ,うつ,utsu
japanese_jlpt_n4,such_like_that,あんな,あんな,anna
japanese_jlpt_n4,to_apologize,謝る,あやまる,ayamaru
japanese_jlpt_n4,daytime_during_the_day,昼間,ひるま,hiruma
japanese_jlpt_n4,education,教育,きょういく,kyouiku
japanese_jlpt_n4,woman,女性,じょせい,josei
japanese_jlpt_n4,uncooked_rice,米,こめ,kome
japanese_jlpt_n4,hindrance_intrusion,邪魔,じゃま,jama
japanese_jlpt_n4,international,国際,こくさい,kokusai
japanese_jlpt_n4,corner,隅,すみ,sumi
japanese_jlpt_n4,humble_form_of_and,伺う,うかがう,ukagau
japanese_jlpt_n4,the_week_after_next,再来週,さらいしゅう,saraishuu
japanese_jlpt_n4,a_dream,夢,ゆめ,yume
japanese_jlpt_n4,throat,喉,のど,nodo
japanese_jlpt_n4,recently_nowadays_in_recent,最近,さいきん,saikin
japanese_jlpt_n4,surroundings,周り,まわり,mawari
japanese_jlpt_n4,history,歴史,れきし,rekishi
japanese_jlpt_n4,inconvenience,不便,ふべん,fuben
japanese_jlpt_n4,blood,血,ち,chi
japanese_jlpt_n4,to_continue_doing,～続ける,～つづける,~tsuzukeru
japanese_jlpt_n4,hair_fur,毛,け,ke
japanese_jlpt_n4,terrible_awful_unfair_cruel,ひどい,ひどい,hidoi
japanese_jlpt_n4,for_example_e_g,例えば,たとえば,tatoeba
japanese_jlpt_n4,very_considerably_quite,中々,なかなか,nakanaka
japanese_jlpt_n4,extremely,随分,ずいぶん,zuibun
japanese_jlpt_n4,easy_to_do,～やすい,～やすい,~yasui
japanese_jlpt_n4,closet,押し入れ,おしいれ,oshiire
japanese_jlpt_n4,electric_light,電灯,でんとう,dentō
japanese_jlpt_n4,to_scold,叱る,しかる,shikarru
japanese_jlpt_n4,sandal,サンダル,サンダル,sandaru
japanese_jlpt_n4,to_be_surprised,びっくりする,びっくりする,bikkurisuru
japanese_jlpt_n4,delicious_skillful_fortunat,うまい,うまい,umai
japanese_jlpt_n4,to_change_to_alter_to_vary,変える,かえる,kaeru
japanese_jlpt_n4,auditorium,講堂,こうどう,kōdō
japanese_jlpt_n4,child,子,こ,ko
japanese_jlpt_n4,to_boil,沸かす,わかす,wakasu
japanese_jlpt_n4,register,レジ,レジ,reji
japanese_jlpt_n4,little_while,しばらく,しばらく,shibaraku
japanese_jlpt_n4,particularly,特に,とくに,tokuni
japanese_jlpt_n4,to_open_to_become_empty_vac,空く,あく,aku
japanese_jlpt_n4,plan_project_schedule,計画,けいかくする,keikaku suru
japanese_jlpt_n4,street_avenue,通り,とおり,tōri
japanese_jlpt_n4,underwear,下着,したぎ,shitagi
japanese_jlpt_n4,economics_finance_economy,経済,けいざい,keizai
japanese_jlpt_n4,like_this_this_way,こう,こう,kō
japanese_jlpt_n4,certainly_by_all_means_with,是非,ぜひ,zehi
japanese_jlpt_n4,reverse_side_back,裏,うら,ura
japanese_jlpt_n4,good_advantage_in_order_to,為,ため,tame
japanese_jlpt_n4,hon_to_be,おいでになる,おいでになる,oide ni naru
japanese_jlpt_n4,to_change_v_i_to_be_transfo,変わる,かわる,kawaru
japanese_jlpt_n4,other_than_with_the_excepti,以外,いがい,igai
japanese_jlpt_n4,to_finish_to_end,済む,すむ,sumu
japanese_jlpt_n4,hamburger_steak,ハンバーグ,ハンバーグ,hanbāgu
japanese_jlpt_n4,city,市,し,shi
japanese_jlpt_n4,drawer,引き出し,ひきだし,hikidashi
japanese_jlpt_n4,play,遊び,あそび,asobi
japanese_jlpt_n4,preparation_2,支度,したくする,shitaku suru
japanese_jlpt_n4,to_start_doing_2,～始める,～はじめる,hajimeru
japanese_jlpt_n4,to_be_visible_polite_verb_m,見える,みえる,mieru
japanese_jlpt_n4,enough,十分,じゅうぶん,jūbun
japanese_jlpt_n4,sound_note,音,おと,oto
japanese_jlpt_n4,surely_definitely_undoubted,きっと,きっと,kitto
japanese_jlpt_n4,first_of_all_to_start_with,まず,まず,mazu
japanese_jlpt_n4,far_away_distant,遠く,とおく,tōku
japanese_jlpt_n4,approximately_in_most_cases,大体,だいたい,daitai
japanese_jlpt_n4,to_break_to_be_folded_to_gi,折れる,おれる,oreru
japanese_jlpt_n4,correct,正しい,ただしい,tadashii
japanese_jlpt_n4,import,輸入,ゆにゅう,yūnyū
japanese_jlpt_n4,reply_answer,返事,へんじ,henji
japanese_jlpt_n4,metropolitan,都,と,to
japanese_jlpt_n4,industry,産業,さんぎょう,sangyō
japanese_jlpt_n4,to_convey_a_message_to_tell,伝える,つたえる,tsutaeru
japanese_jlpt_n4,rich_person,お金持ち,かねもち; おかねもち,okanemochi
japanese_jlpt_n4,explanation,説明,せつめい,setsumei
japanese_jlpt_n4,island,島,しま,shima
japanese_jlpt_n4,tool,道具,どうぐ,dōgu
japanese_jlpt_n4,to_slide_to_slip,滑る,すべる,suberu
japanese_jlpt_n4,to_that_degree_extent,それほど,それほど,sorehodo
japanese_jlpt_n4,more_than_this_is_all,以上,いじょう,ijō
japanese_jlpt_n4,as_it_is,～まま,～まま,～mama
japanese_jlpt_n4,limited_express_train_faste,特急,とっきゅう,tokkyū
japanese_jlpt_n4,present_gift,プレゼント,プレゼント,purezento
japanese_jlpt_n4,according_to,～(に) よると,～(に) よると,～(ni) yoru to
japanese_jlpt_n4,wife_humble,妻,つま,tsuma
japanese_jlpt_n4,return_coming_back,帰り,かえり,kaeri
japanese_jlpt_n4,condition_state_health,具合,ぐあい,guai
japanese_jlpt_n4,solid_hard_firm,堅; 硬; 固い,かたい,katai
japanese_jlpt_n4,parking_lot,駐車場,ちゅうしゃじょう,chūshajō
japanese_jlpt_n4,suit,スーツ,スーツ,sūtsu
japanese_jlpt_n4,danger_risk_hazard,危険,きけん,kiken
japanese_jlpt_n4,hair,髪,かみ,kami
japanese_jlpt_n4,weather_forecast,天気予報,てんきよほう,tenkiyohō
japanese_jlpt_n4,girlfriend_she,彼女,かのじょ,kanojo
japanese_jlpt_n4,space_interval,間,あいだ,aida
japanese_jlpt_n4,graduation,卒業,そつぎょう,sotsugyō
japanese_jlpt_n4,and_conj_thereupon_because_,それで,それで,sorede
japanese_jlpt_n4,branch_twig,枝,えだ,eda
japanese_jlpt_n4,major_speciality,専門,せんもん,senmon
japanese_jlpt_n4,gradually_soon,そろそろ,そろそろ,sorosoro
japanese_jlpt_n4,to_send_to_dispatch,送る,おくる,okuru
japanese_jlpt_n4,to_give,あげる,あげる,ageru
japanese_jlpt_n4,to_make_noise_to_clamor,騒ぐ,さわぐ,sawagu
japanese_jlpt_n4,to_inquire_same_as,尋ねる,たずねる,tazuneru
japanese_jlpt_n4,broadcasting,放送,ほうそうする,hōsō suru
japanese_jlpt_n4,politics,政治,せいじ,seiji
japanese_jlpt_n4,citizen,市民,しみん,shimin
japanese_jlpt_n4,fax,ファックス,ファックス,fakkusu
japanese_jlpt_n4,to_lose_a_game_v_i_to_be_de,負ける,まける,makeru
japanese_jlpt_n4,finger_ring,指輪,ゆびわ,yubiwa
japanese_jlpt_n4,rural_countryside,田舎,いなか,inaka
japanese_jlpt_n4,to_discover_to_find_v_t,見つける,みつける,mitsukeru
japanese_jlpt_n4,high_school_student,高校生,こうこうせい,kōkōsei
japanese_jlpt_n4,a_lecture,講義,こうぎ,kōgi
japanese_jlpt_n4,so_much_like_that,そんなに,そんなに,sonnani
japanese_jlpt_n4,lunch_break_noon_recess,昼休み,ひるやすみ,hiruyasumi
japanese_jlpt_n4,lost_article_something_forg,忘れ物,わすれもの,wasuremono
japanese_jlpt_n4,to_get_down_to_go_come_down,下りる,おりる,oriru
japanese_jlpt_n4,arm_in_reference_to_body,腕,うで,ude
japanese_jlpt_n4,reason_explanation,訳,わけ,wake
japanese_jlpt_n4,consent_acceptance,承知,しょうちする,shouchi suru
japanese_jlpt_n4,diary_journal,日記,にっき,nikki
japanese_jlpt_n4,high_school_senior_high_sch,高校; 高等学校,こうこう; こうとうがっこう,kōkō; kōtōgakkō
japanese_jlpt_n4,to_resemble_to_be_similar,似る,にる,niru
japanese_jlpt_n4,to_finish_doing,～おわる,～おわる,owaru
japanese_jlpt_n4,heating,暖房,だんぼう,danbō
japanese_jlpt_n4,absence_not_at_home,留守,るす,rusude
japanese_jlpt_n4,rate_ratio_percentage,割合,わりあい,wariai
japanese_jlpt_n4,buddhist_temple,寺,てら,tera
japanese_jlpt_n4,to_grow_accustomed_to,慣れる,なれる,nareru
japanese_jlpt_n4,common_usual,普通,ふつう,futsū
japanese_jlpt_n4,to_help,手伝う,てつだう,tetsudau
japanese_jlpt_n4,i_see_i_now_understand,なるほど,なるほど,naruhodo
japanese_jlpt_n4,hon_to_give_to_confer,くださる,くださる,kudasaru
japanese_jlpt_n4,humble_son,息子,むすこ,musuko
japanese_jlpt_n4,someone_else_s_child_polite,お子さん,おこさん,okosan
japanese_jlpt_n4,venue_meeting_place,会場,かいじょう,kaijō
japanese_jlpt_n4,to_laugh_to_smile,笑う,わらう,warau
japanese_jlpt_n4,to_transport_to_carry,運ぶ,はこぶ,hakobu
japanese_jlpt_n4,literature,文学,ぶんがく,bungaku
japanese_jlpt_n4,light,光,ひかり,hikari
japanese_jlpt_n4,calling_on_someone_who_is_i,お見舞い,おみまい,omimai
japanese_jlpt_n4,a_seat,席,せき,seki
japanese_jlpt_n4,mr_mrs_ms,～様,～さま,sama
japanese_jlpt_n4,knowing_acquaintance,ご存じ,ごぞんじ,gozonji
japanese_jlpt_n4,to_descend_to_drop_to_fall,下る,さがる,sagaru
japanese_jlpt_n4,letter_character,字,じ,ji
japanese_jlpt_n4,asia,アジア,アジア,ajia
japanese_jlpt_n4,to_praise_to_say_nice_thing,褒める,ほめる,homeru
japanese_jlpt_n4,to_be_empty_in_reference_to,空く,すく,suku
japanese_jlpt_n4,ah,あ,あ,a
japanese_jlpt_n4,most,最も,もっとも,mottomo
japanese_jlpt_n4,to_fit_to_match,合う,あう,au
japanese_jlpt_n4,age_period,～代,～だい,~dai
japanese_jlpt_n4,last_end,最後,さいご,saigo
japanese_jlpt_n4,price,値段,ねだん,nedan
japanese_jlpt_n4,leaving_hospital,退院,たいいんする,taiin suru
japanese_jlpt_n4,exhibition,展覧会,てんらんかい,tenrankai
japanese_jlpt_n4,it_has_been_a_long_time_for,久しぶり,ひさしぶり,hisashiburi
japanese_jlpt_n4,curtain,カーテン,カーテン,kāten
japanese_jlpt_n4,train_steam,汽車,きしゃ,kisha
japanese_jlpt_n4,to_be_become_late,遅れる,おくれる,okureru
japanese_jlpt_n4,to_be_found_v_i_to_be_disco,見つかる,みつかる,mitsukaru
japanese_jlpt_n4,honorific_form_of_and,召し上がる,めしあがる,meshiagaru
japanese_jlpt_n4,to_gain_weight,太る,ふとる,futoru
japanese_jlpt_n4,injection,注射,ちゅうしゃ,chūsha
japanese_jlpt_n4,way_manner_kind,様,よう,yō
japanese_jlpt_n4,after_every,～おき,～おき,~oki
japanese_jlpt_n4,beginning_first,最初,さいしょ,saisho
japanese_jlpt_n4,honorable,御～,ご～,go~
japanese_jlpt_n4,peace_of_mind_relief,安心,あんしん,anshin
japanese_jlpt_n4,to_be_fixed,直る,なおる,naoru
japanese_jlpt_n4,to_collect_to_gather_v_t_to,集める,あつめる,atsumeru
japanese_jlpt_n4,to_correct_v_t_to_fix,直す,なおす,naosu
japanese_jlpt_n4,to_be_continued,続く,つづく,tsuzuku
japanese_jlpt_n4,senior_members_of_a_group,先輩,せんぱい,senpai
japanese_jlpt_n4,arrangement_appointment_pro,約束,やくそく,yakusoku
japanese_jlpt_n4,looking_after_to_look_after,世話,せわする,sewatsuku
japanese_jlpt_n4,neighborhood,近所,きんじょ,kinjo
japanese_jlpt_n4,in_the_future_prospects,将来,しょうらい,shōrai
japanese_jlpt_n4,hundred_million,億,おく,oku
japanese_jlpt_n4,mathematics,数学,すうがく,sūgaku
japanese_jlpt_n4,culture,文化,ぶんか,bunka
japanese_jlpt_n4,to_pay,払う,はらう,harau
japanese_jlpt_n4,custom_in_reference_to_cult,習慣,しゅうかん,shūkan
japanese_jlpt_n4,to_burn_to_be_roasted,焼ける,やける,yakeru
japanese_jlpt_n4,you_informal_for_men,君,きみ,kimi
japanese_jlpt_n4,to_grow_cold_to_cool_down,冷える,ひえる,hieru
japanese_jlpt_n4,to_be_started_to_be_switche,点く,つく,tsuku
japanese_jlpt_n4,the_other_day_recently,この間,このあいだ,kono aida
japanese_jlpt_n4,appearance_manner_shape_for,格好,かっこう,kakkou
japanese_jlpt_n4,to_mind_to_care_about_to_be,かまう,"to mind, to care about, to be concerned about",kamau
japanese_jlpt_n4,to_continue_to_keep_up,続ける,つづける,tsuzukeru
japanese_jlpt_n4,to_drop_to_lose,落す,おとす,otosu
japanese_jlpt_n4,tomorrow,明日,あす,asu
japanese_jlpt_n4,departure,出発,しゅっぱつする,shuppatsu suru
japanese_jlpt_n4,humble_polite_seeing_look_a,拝見,はいけんする,haiken suru
japanese_jlpt_n4,to_break,割れる,われる,wareru
japanese_jlpt_n4,back_of_body,背中,せなか,senaka
japanese_jlpt_n4,newspaper_company,新聞社,しんぶんしゃ,shinbunsha
japanese_jlpt_n4,to_bully_to_torment,いじめる,いじめる,ijimeru
japanese_jlpt_n4,to_go_around_to_revolve,回る、回す,まわる、まわす,"mawa-ru, mawa-su"
japanese_jlpt_n4,mr_junior_master,～君,～くん,-kun
japanese_jlpt_n4,honorific_expression_for_3,おっしゃる,おっしゃる,ossharu
japanese_jlpt_n4,sleepy_drowsy,眠い,ねむい,nemui
japanese_jlpt_n4,to_get_wet,濡れる,ぬれる,nureru
japanese_jlpt_n4,to_collapse_to_break_down,倒れる,たおれる,taoreru
japanese_jlpt_n4,supermarket,スーパー (マーケット),スーパー (マーケット),suupaa (maaketto)
japanese_jlpt_n4,accessory,アクセサリー,アクセサリー,akusesarī
japanese_jlpt_n4,to_think_about_to_consider,考える,かんがえる,kangaeru
japanese_jlpt_n4,to_face_to_go_towards,向かう,むかう,mukau
japanese_jlpt_n4,freedom,自由,じゆう,jiyū
japanese_jlpt_n4,way_of_doing_something,仕方,しかた,shikata
japanese_jlpt_n4,neck,首,くび,kubi
japanese_jlpt_n4,degree_extent,程,ほど,hodo
japanese_jlpt_n4,substitute_replacement,代わり,かわり,kawari
japanese_jlpt_n4,failure_mistake,失敗,しっぱい,shippai
japanese_jlpt_n4,manufacturing_industry,工業,こうぎょう,kōgyō
japanese_jlpt_n4,to_move_from_a_house_to_tra,移る,うつる,utsuru
japanese_jlpt_n4,suitcase,スーツケース,スーツケース,sūtsukēsu
japanese_jlpt_n4,beard,ひげ,ひげ,hige
japanese_jlpt_n4,the_professor_s_office_labo,研究室,けんきゅうしつ,kenkyūshitsu
japanese_jlpt_n4,factory,工場,こうじょう,kōjō
japanese_jlpt_n4,an_introduction,紹介,しょうかい,shōkai
japanese_jlpt_n4,but_although,けれど; けれども,けれど; けれども,keredo; keredomo
japanese_jlpt_n4,ship_boat,舟,ふね,fune
japanese_jlpt_n4,to_move,動く,うごく,ugoku
japanese_jlpt_n4,about_concerning,～(に) ついて,～(に) ついて,~ni tsuite
japanese_jlpt_n4,concert,コンサート,コンサート,konsāto
japanese_jlpt_n4,insect,虫,むし,mushi
japanese_jlpt_n4,kind_person_gentle_person_e,優しい,やさしい,yasashii
japanese_jlpt_n4,computer,コンピュータ; コンピューター,コンピュータ; コンピューター,konpyūta; konpyūtā
japanese_jlpt_n4,to_plant,植える,うえる,ueru
japanese_jlpt_n4,both_sides_both_parties,両方,りょうほう,ryōhō
japanese_jlpt_n4,to_become_dirty,汚れる,よごれる,yogoreru
japanese_jlpt_n4,swimming,水泳,すいえい,suiei
japanese_jlpt_n4,experience,経験,けいけんする,keikensuru
japanese_jlpt_n4,to_win,勝つ,かつ,katsu
japanese_jlpt_n4,sand,砂,すな,suna
japanese_jlpt_n4,police_police_station,警察,けいさつ,けいさつ
japanese_jlpt_n4,to_exchange_to_replace,取り替える,とりかえる,とりかえる
japanese_jlpt_n4,to_hurry_to_be_in_a_hurry_t,急ぐ,いそぐ,いそぐ
japanese_jlpt_n4,simple,簡単,かんたん,かんたん
japanese_jlpt_n4,humble_expression_for_and,参る,まいる,まいる
japanese_jlpt_n4,not_at_all_wholly_entirely,全然,ぜんぜん,ぜんぜん
japanese_jlpt_n4,special,特別,とくべつ,とくべつ
japanese_jlpt_n4,review_of_lessons_revision,復習,ふくしゅう,ふくしゅう
japanese_jlpt_n4,to_be_in_time_for,間に合う,まにあう,まにあう
japanese_jlpt_n4,to_be_helpful_to_be_useful,役に立つ,やくにたつ,yaku ni tatsu
japanese_jlpt_n4,very_soon_in_a_few_moments_,もうすぐ,もうすぐ,mō sugu
japanese_jlpt_n4,middle_center,真中,まんなか,man'naka
japanese_jlpt_n4,to_return_v_i_to_come_back,戻る,もどる,modoru
japanese_jlpt_n4,study_research_investigatio,研究,けんきゅう,kenkyū
japanese_jlpt_n4,cake,ケーキ,ケーキ,kēki
japanese_jlpt_n4,grass,草,くさ,kusa
japanese_jlpt_n4,to_be_crowded,込む,こむ,komu
japanese_jlpt_n4,these_days_nowadays,この頃,このごろ,konogoro
japanese_jlpt_n4,to_visit,訪ねる,たずねる,tazuneru
japanese_jlpt_n4,to_lower_v_t_to_hang,下げる,さげる,sageru
japanese_jlpt_n4,cherry_blossom_viewing,花見,はなみ,hanami
japanese_jlpt_n4,on_the_way_midway,途中,とちゅう,tochuu
japanese_jlpt_n4,hospitalization,入院,にゅういんする,nyuuin suru
japanese_jlpt_n4,to_transfer_trains_to_chang,乗り換える,のりかえる,norikaeru
japanese_jlpt_n4,to_part_from_to_separate,別れる,わかれる,wakareru
japanese_jlpt_n4,the_town_of,～町,～ちょう,~chou
japanese_jlpt_n4,safety_security,安全,あんぜん,anzen
japanese_jlpt_n4,female_nurse,看護婦,かんごふ,kangofu
japanese_jlpt_n4,sightseeing,見物,けんぶつ,kenbutsu
japanese_jlpt_n4,consultation,相談,そうだんする,sōdan
japanese_jlpt_n4,gas_station_service_station,ガソリンスタンド,ガソリンスタンド,gasorin sutando
japanese_jlpt_n4,tennis,テニス,テニス,tenisu
japanese_jlpt_n4,to_sleep,眠る,ねむる,nemuru
japanese_jlpt_n4,to_rise_to_go_up,上がる,あがる,agaru
japanese_jlpt_n4,translation,翻訳,ほんやく,hon'yaku
japanese_jlpt_n4,meal,食事,しょくじする,shokuji
japanese_jlpt_n4,thanks_or_owing_to,お陰,おかげ,okage
japanese_jlpt_n4,daughter_humble,娘,むすめ,musume
japanese_jlpt_n4,hot_water,湯,ゆ,yu
japanese_jlpt_n4,competition_contest,競争,きょうそう,kyōsō
japanese_jlpt_n4,business_meeting_conference,会議,かいぎ,kaigi
japanese_jlpt_n4,lake,湖,みずうみ,mizūmi
japanese_jlpt_n4,to_gather_v_i_to_collect,集まる,あつまる,atsumaru
japanese_jlpt_n4,difficult_to_do,～にくい,～にくい,~nikui
japanese_jlpt_n4,living_life_to_live,生活,せいかつする,seikatsu suru
japanese_jlpt_n4,thread,糸,いと,ito
japanese_jlpt_n4,relation_ship_connection,関係,かんけい,kankei
japanese_jlpt_n4,piano,ピアノ,ピアノ,piano
japanese_jlpt_n4,number_sequence_nd_th,～目,～め,~me
japanese_jlpt_n4,broadcast_program,番組,ばんぐみ,bangumi
japanese_jlpt_n4,urgent_sudden_steep,急,きゅう,kyū
japanese_jlpt_n4,shelves_rack,棚,たな,tana
japanese_jlpt_n4,cotton,木綿,もめん,momen
japanese_jlpt_n4,export,輸出,ゆしゅつする,yushutsu suru
japanese_jlpt_n4,type_style,タイプ,タイプ,taipu
japanese_jlpt_n4,pickpocket,すり,すり,suri
japanese_jlpt_n4,to_be_happy_to_be_glad,嬉しい,うれしい,ureshii
japanese_jlpt_n4,alcohol,アルコール,アルコール,arukooru
japanese_jlpt_n4,soft_soft_hat_software,ソフト,ソフト,sofuto
japanese_jlpt_n4,shinto_shrine,神社,じんじゃ,jinja
japanese_jlpt_n4,fairly_well_to_a_large_exte,大分,だいぶ,ōita
japanese_jlpt_n4,pleasure_joy,楽しみ,たのしみ,tanoshimi
japanese_jlpt_n4,hobby_pastime,趣味,しゅみ,shumi
japanese_jlpt_n4,telegram,電報,でんぽう,denpō
japanese_jlpt_n4,one_s_own_wife,家内,かない,kanai
japanese_jlpt_n4,finger,指,ゆび,yubi
japanese_jlpt_n4,from_now_on_after_this,これから,これから,korekara
japanese_jlpt_n4,occasionally,たまに,たまに,tamani
japanese_jlpt_n4,society,社会,しゃかい,shakai
japanese_jlpt_n5,head,頭,あたま,atama
japanese_jlpt_n5,new,新しい,あたらしい,atarashii
japanese_jlpt_n5,this_way_polite,あちら,あちら,achira
japanese_jlpt_n5,hot_in_reference_to_weather,暑い,あつい,atsui
japanese_jlpt_n5,hot_objects,熱い,あつい,atsui
japanese_jlpt_n5,kind_warm_hearted_thick_dee,厚い,あつい,atsui
japanese_jlpt_n5,over_there,あっち,あっち,acchi
japanese_jlpt_n5,afterwards_later_in_the_fut,後,あと,ato
japanese_jlpt_n5,you,あなた,あなた,anata
japanese_jlpt_n5,my_older_brother_humble,兄,あに,ani
japanese_jlpt_n5,my_older_sister_humble,姉,あね,ane
japanese_jlpt_n5,apartment_abbr,アパート,アパート,apāto
japanese_jlpt_n5,that_over_there_like_that_t,あの,あの,ano
japanese_jlpt_n5,to_bathe_to_shower,浴びる,あびる,abiru
japanese_jlpt_n5,dangerous_critical,危ない,あぶない,abunai
japanese_jlpt_n5,generous_sweet,甘い,あまい,amai
japanese_jlpt_n5,not_very_surplus,余り,あまり,amari
japanese_jlpt_n5,rain,雨,あめ,ame
japanese_jlpt_n5,hard_candy,飴,あめ,ame
japanese_jlpt_n5,to_wash,洗う,あらう,arau
japanese_jlpt_n5,to_be_to_have,在る,ある,aru
japanese_jlpt_n5,to_be_to_have_2,有る,ある,aru
japanese_jlpt_n5,to_walk,歩く,あるく,aruku
japanese_jlpt_n5,that_one_over_there,あれ,あれ,are
japanese_jlpt_n5,good,いい; よい,いい; よい,ii; yoi
japanese_jlpt_n5,no_not_at_all,いいえ,いいえ,iie
japanese_jlpt_n5,to_say,言う,いう,iu
japanese_jlpt_n5,house_home,家,いえ,ie
japanese_jlpt_n5,how_in_what_way,いかが,いかが,ikaga
japanese_jlpt_n5,to_go,行く,いく; ゆく,iku; yuku
japanese_jlpt_n5,how_many_how_old,いくつ,いくつ,ikutsu
japanese_jlpt_n5,how_much_how_many,いくら,いくら,ikura
japanese_jlpt_n5,pond,池,いけ,ike
japanese_jlpt_n5,doctor_physician,医者,いしゃ,isha
japanese_jlpt_n5,chair,椅子,いす,isu
japanese_jlpt_n5,busy_people_days,忙しい,いそがしい,isogashii
japanese_jlpt_n5,hurt_painful_sore,痛い,いたい,itai
japanese_jlpt_n5,one,一,いち,ichi
japanese_jlpt_n5,one_day_duration,一日,いちにち,ichinichi
japanese_jlpt_n5,best_most_first_number_one,一番,いちばん,ichiban
japanese_jlpt_n5,when,いつ,いつ,itsu
japanese_jlpt_n5,five_days_fifth_day_of_the_,五日,いつか,itsuka
japanese_jlpt_n5,together,一緒,いっしょ,issho
japanese_jlpt_n5,five_things,五つ,いつつ,itsutsu
japanese_jlpt_n5,always_usually_every_time_n,いつも,いつも,itsumo
japanese_jlpt_n5,dog,犬,いぬ,inu
japanese_jlpt_n5,now,今,いま,ima
japanese_jlpt_n5,meaning_significance,意味,いみ,imi
japanese_jlpt_n5,younger_sister_humble,妹,いもうと,imōto
japanese_jlpt_n5,disagreeable_detestable_unp,嫌,いや,iya
japanese_jlpt_n5,entrance,入口,いりぐち,iriguchi
japanese_jlpt_n5,humble_to_be_animate_to_exi,居る,いる,iru
japanese_jlpt_n5,to_need,要る,いる,iru
japanese_jlpt_n5,to_put_in,入れる,いれる,ireru
japanese_jlpt_n5,color,色,いろ,iro
japanese_jlpt_n5,various,色々,いろいろ,iroiro
japanese_jlpt_n5,above_up_top_etc_over_on_to,上,うえ,ue
japanese_jlpt_n5,back_behind_rear,後ろ,うしろ,ushiro
japanese_jlpt_n5,thin_weak,薄い,うすい,usui
japanese_jlpt_n5,a_song,歌,うた,uta
japanese_jlpt_n5,to_sing,歌う,うたう,utau
japanese_jlpt_n5,home_house_my_place,うち,うち,uchi
japanese_jlpt_n5,to_be_born,生まれる,うまれる,umareru
japanese_jlpt_n5,sea_beach,海,うみ,umi
japanese_jlpt_n5,to_sell_v_t,売る,うる,uru
japanese_jlpt_n5,noisy_annoying,うるさい,うるさい,urusai
japanese_jlpt_n5,coat_jacket,上着,うわぎ,uwagi
japanese_jlpt_n5,a_painting_a_picture_a_draw,絵,え,e
japanese_jlpt_n5,movie_film,映画,えいが,eiga
japanese_jlpt_n5,movie_theater_cinema,映画館,えいがかん,eigakan
japanese_jlpt_n5,english_language,英語,えいご,eigo
japanese_jlpt_n5,yes,ええ,ええ,ee
japanese_jlpt_n5,station,駅,えき,eki
japanese_jlpt_n5,elevator,エレベーター,エレベーター,erebētā
japanese_jlpt_n5,yen,～円,～えん,~en
japanese_jlpt_n5,pencil,鉛筆,えんぴつ,enpitsu
japanese_jlpt_n5,honorable_honorific,お～,お～,o~
japanese_jlpt_n5,delicious_tasty,美味しい,おいしい,oishii
japanese_jlpt_n5,many_there_are_a_lot,多い,おおい,ooi
japanese_jlpt_n5,big_large,大きい,おおきい,ookii
japanese_jlpt_n5,big,大きな,おおきな,ōkina
japanese_jlpt_n5,great_number_of_people,大勢,おおぜい,ōzei
japanese_jlpt_n5,mother_formal,お母さん,おかあさん,okāsan
japanese_jlpt_n5,confections_sweets_snack,お菓子,おかし,okashi
japanese_jlpt_n5,money,お金,おかね,okane
japanese_jlpt_n5,to_get_up_e_g_from_sleeping,起きる,おきる,okiru
japanese_jlpt_n5,to_put_to_lay_to_place,置く,おく,oku
japanese_jlpt_n5,someone_else_s_wife_hon,奥さん,おくさん,okusan
japanese_jlpt_n5,sake_alcohol,お酒,おさけ,osake
japanese_jlpt_n5,plate_dish,お皿,おさら,osara
japanese_jlpt_n5,uncle_middle_aged_man,伯父; 叔父さん,おじさん,oji-san
japanese_jlpt_n5,grandfather_male_senior_cit,おじいさん,おじいさん,ojiisan
japanese_jlpt_n5,to_teach_to_inform_to_instr,教える,おしえる,oshieru
japanese_jlpt_n5,to_push_to_press_to_stamp_e,押す,おす,osu
japanese_jlpt_n5,slow_to_be_late,遅い,おそい,osoi
japanese_jlpt_n5,green_tea,お茶,おちゃ,ocha
japanese_jlpt_n5,toilet_restroom_bathroom_li,お手洗い,おてあらい,otearai
japanese_jlpt_n5,father_formal,お父さん,おとうさん,otousan
japanese_jlpt_n5,younger_brother,弟,おとうと,otouto
japanese_jlpt_n5,man_male,男,おとこ,otoko
japanese_jlpt_n5,boy,男の子,おとこのこ,otokonoko
japanese_jlpt_n5,the_day_before_yesterday,一昨日,おととい,ototoi
japanese_jlpt_n5,year_before_last,おととし,おととし,ototoshi
japanese_jlpt_n5,adult,大人,おとな,otona
japanese_jlpt_n5,stomach,お腹,おなか,onaka
japanese_jlpt_n5,same_identical,同じ,おなじ,onaji
japanese_jlpt_n5,someone_else_s_older_brothe,お兄さん,おにいさん,oniisan
japanese_jlpt_n5,older_sister_formal,お姉さん,おねえさん,oneesan
japanese_jlpt_n5,aunt,伯母さん; 叔母さん,おばさん,obasan
japanese_jlpt_n5,grandmother_female_senior_c,おばあさん,おばあさん,obaasan
japanese_jlpt_n5,a_bath,お風呂,おふろ,ofuro
japanese_jlpt_n5,a_boxed_lunch,お弁当,おべんとう,obentō
japanese_jlpt_n5,to_learn_to_commit_to_memor,覚える,おぼえる,oboeru
japanese_jlpt_n5,policeman_friendly_term,おまわりさん,おまわりさん,omawarisan
japanese_jlpt_n5,heavy_serious,重い,おもい,omoi
japanese_jlpt_n5,interesting_amusing,面白い,おもしろい,omoshiroi
japanese_jlpt_n5,to_swim,泳ぐ,およぐ,oyogu
japanese_jlpt_n5,to_get_off,降りる,おりる,oriru
japanese_jlpt_n5,to_finish_to_close,終る,おわる,owaru
japanese_jlpt_n5,music,音楽,おんがく,ongaku
japanese_jlpt_n5,woman_female,女,おんな,onna
japanese_jlpt_n5,girl,女の子,おんなのこ,onna no ko
japanese_jlpt_n5,counter_for_occurrences_tim,～回,～かい,-kai
japanese_jlpt_n5,counter_for_stories_floors_,～階,～かい,-kai
japanese_jlpt_n5,foreign_country_abroad,外国,がいこく,gaikoku
japanese_jlpt_n5,foreigner,外国人,がいこくじん,gaikokujin
japanese_jlpt_n5,company_corporation,会社,かいしゃ,kaisha
japanese_jlpt_n5,stairs,階段,かいだん,kaidan
japanese_jlpt_n5,shopping,買い物,かいもの,kaimono
japanese_jlpt_n5,to_buy,買う,かう,kau
japanese_jlpt_n5,to_return_something,返す,かえす,kaesu
japanese_jlpt_n5,to_go_back_to_go_home_to_re,帰る,かえる,kaeru
japanese_jlpt_n5,face_body_part,顔,かお,kao
japanese_jlpt_n5,it_takes_amount_of_time_mon,かかる,かかる,kakaru
japanese_jlpt_n5,a_lock_a_key,鍵,かぎ,kagi
japanese_jlpt_n5,to_write,書く,かく,kaku
japanese_jlpt_n5,student,学生,がくせい,gakusei
japanese_jlpt_n5,number_of_months,～か月,～かげつ,~kagetsu
japanese_jlpt_n5,to_put_on_e_g_glasses_to_ha,掛ける,かける,kakeru
japanese_jlpt_n5,to_dial_call_e_g_phone_to_s,かける,かける,kakeru
japanese_jlpt_n5,umbrella_parasol,傘,かさ,kasa
japanese_jlpt_n5,to_lend,貸す,かす,kasu
japanese_jlpt_n5,wind_breeze,風,かぜ,kaze
japanese_jlpt_n5,cold_flu,風邪,かぜ,kaze
japanese_jlpt_n5,honorific_form_for_way_of_d,方,かた,kata
japanese_jlpt_n5,family_members_of_a_family,家族,かぞく,kazoku
japanese_jlpt_n5,katakana,片仮名,かたかな,katakana
japanese_jlpt_n5,month_of_year,～月,～がつ,~gatsu
japanese_jlpt_n5,a_school,学校,がっこう,gakkou
japanese_jlpt_n5,cup,カップ,カップ,kappu
japanese_jlpt_n5,home_family,家庭,かてい,katei
japanese_jlpt_n5,corner_e_g_desk_pavement,角,かど,kado
japanese_jlpt_n5,bag_basket,かばん,かばん,kaban
japanese_jlpt_n5,flower_vase,花瓶,かびん,kabin
japanese_jlpt_n5,to_wear_to_put_on_e_g_a_hat,かぶる,かぶる,kaburu
japanese_jlpt_n5,paper,紙,かみ,kami
japanese_jlpt_n5,camera,カメラ,カメラ,kamera
japanese_jlpt_n5,tuesday,火曜日,かようび,kayōbi
japanese_jlpt_n5,hot_and_spicy_salty,辛い,からい,karai
japanese_jlpt_n5,body_health,体,からだ,karada
japanese_jlpt_n5,to_borrow_to_owe,借りる,かりる,kariru
japanese_jlpt_n5,feel,～がる,～がる,~garu
japanese_jlpt_n5,light_non_serious_minor,軽い,かるい,karui
japanese_jlpt_n5,curry_abbr_for_curry_and_ri,カレー,カレー,karē
japanese_jlpt_n5,calendar,カレンダー,カレンダー,kalendā
japanese_jlpt_n5,river,川; 河,かわ,kawa
japanese_jlpt_n5,side,～側,～がわ,~gawa
japanese_jlpt_n5,cute_adorable,可愛い,かわいい,kawaii
japanese_jlpt_n5,kanji_chinese_character,漢字,かんじ,kanji
japanese_jlpt_n5,tree_wood_timber,木,き,ki
japanese_jlpt_n5,yellow,黄色,きいろ,kiiro
japanese_jlpt_n5,yellow_2,黄色い,きいろい,kiiroi
japanese_jlpt_n5,to_vanish_to_disappear,消える,きえる,kieru
japanese_jlpt_n5,to_hear_to_listen_to_ask,聞く,きく,kiku
japanese_jlpt_n5,north,北,きた,kita
japanese_jlpt_n5,guitar,ギター,ギター,gitā
japanese_jlpt_n5,dirty_unclean_filthy,汚い,きたない,kitanai
japanese_jlpt_n5,caf,喫茶店,きっさてん,kissaten
japanese_jlpt_n5,postal_postage_stamps,切手,きって,kitte
japanese_jlpt_n5,a_ticket,切符,きっぷ,kippu
japanese_jlpt_n5,yesterday,昨日,きのう,kinō
japanese_jlpt_n5,nine,九,きゅう,kyū
japanese_jlpt_n5,beef,牛肉,ぎゅうにく,gyūniku
japanese_jlpt_n5,milk,牛乳,ぎゅうにゅう,gyūnyū
japanese_jlpt_n5,today_this_day,今日,きょう,kyō
japanese_jlpt_n5,classroom,教室,きょうしつ,kyōshitsu
japanese_jlpt_n5,siblings_humble_brothers_an,兄弟,きょうだい,kyōdai
japanese_jlpt_n5,last_year,去年,きょねん,kyonen
japanese_jlpt_n5,dislike,嫌い,きらい,kirai
japanese_jlpt_n5,to_cut_to_hang_up_a_phone,切る,きる,kiru
japanese_jlpt_n5,to_put_on_clothes_above_you,着る,きる,kiru
japanese_jlpt_n5,pretty_clean_tidy,綺麗,きれい,kirei
japanese_jlpt_n5,abbr_kilo_kilogram,キロ; キログラム,キロ; キログラム,kiro; kiroguramu
japanese_jlpt_n5,abbr_kilo_kilometer,キロ; キロメートル,キロ; キロメートル,kiro; kiromeetoru
japanese_jlpt_n5,bank,銀行,ぎんこう,ginkou
japanese_jlpt_n5,friday,金曜日,きんようび,kinyoubi
japanese_jlpt_n5,nine_2,九,く,ku
japanese_jlpt_n5,medicine,薬,くすり,kusuri
japanese_jlpt_n5,with_te_form_verb_please_do,下さい,ください,kudasai
japanese_jlpt_n5,fruit,果物,くだもの,kudamono
japanese_jlpt_n5,job_opening_mouth,口,くち,kuchi
japanese_jlpt_n5,shoes_footwear,靴,くつ,kutsu
japanese_jlpt_n5,socks,靴下,くつした,kutsushita
japanese_jlpt_n5,country_place_of_origin,国,くに,kuni
japanese_jlpt_n5,cloudiness_cloudy_weather,曇り,くもり,kumori
japanese_jlpt_n5,to_become_cloudy_to_become_,曇る,くもる,kumoru
japanese_jlpt_n5,dark_gloomy,暗い,くらい,kurai
japanese_jlpt_n5,approximate_quantity,～くらい; ぐらい,～くらい; ぐらい,~kurai
japanese_jlpt_n5,a_class,クラス,クラス,kurasu
japanese_jlpt_n5,gram,グラム,グラム,guramu
japanese_jlpt_n5,to_come,来る,くる,kuru
japanese_jlpt_n5,car_vehicle,車,くるま,kuruma
japanese_jlpt_n5,black,黒,くろ,kuro
japanese_jlpt_n5,black_dark,黒い,くろい,kuroi
japanese_jlpt_n5,police_officer,警官,けいかん,keikan
japanese_jlpt_n5,this_morning,今朝,けさ,kesa
japanese_jlpt_n5,to_erase_to_delete_to_turn_,消す,けす,kesu
japanese_jlpt_n5,splendid_enough_tolerably,結構,けっこう,kekkou
japanese_jlpt_n5,marriage_get_married,結婚,けっこん (する),kekkon (suru)
japanese_jlpt_n5,monday,月曜日,げつようび,getsuyoubi
japanese_jlpt_n5,entrance_to_a_house_or_a_bu,玄関,げんかん,genkan
japanese_jlpt_n5,health_y_energetic,元気,げんき,genki
japanese_jlpt_n5,counter_for_small_items_e_g,～個,～こ,~ko
japanese_jlpt_n5,five,五,ご,go
japanese_jlpt_n5,word_language,～語,～ご,~go
japanese_jlpt_n5,a_park,公園,こうえん,kōen
japanese_jlpt_n5,intersection,交差点,こうさてん,kōsaten
japanese_jlpt_n5,black_tea,紅茶,こうちゃ,kōcha
japanese_jlpt_n5,police_box,交番,こうばん,kōban
japanese_jlpt_n5,voice,声,こえ,koe
japanese_jlpt_n5,coat_court_e_g_tennis,コート,コート,kōto
japanese_jlpt_n5,coffee,コーヒー,コーヒー,kōhī
japanese_jlpt_n5,here_this_place,ここ,ここ,koko
japanese_jlpt_n5,afternoon_p_m,午後,ごご,gogo
japanese_jlpt_n5,nine_days_ninth_day_of_the_,九日,ここのか,kokonoka
japanese_jlpt_n5,nine_things,九つ,ここのつ,kokonotsu
japanese_jlpt_n5,morning_a_m,午前,ごぜん,gozen
japanese_jlpt_n5,to_answer_to_reply,答える,こたえる,kotaeru
japanese_jlpt_n5,this_person_polite_this_way,こちら,こちら,kochira
japanese_jlpt_n5,this_person_this_direction_,こっち,こっち,kocchi
japanese_jlpt_n5,a_tumbler_a_glass,コップ,コップ,koppu
japanese_jlpt_n5,this_year,今年,ことし,kotoshi
japanese_jlpt_n5,language_word_s_expression_,言葉,ことば,kotoba
japanese_jlpt_n5,child_ren,子供,こども,kodomo
japanese_jlpt_n5,this,この,この,kono
japanese_jlpt_n5,rice_cooked_meal,御飯,ごはん,gohan
japanese_jlpt_n5,to_copy,コピーする,コピーする,kopii suru
japanese_jlpt_n5,to_be_bothered_to_have_diff,困る,こまる,komaru
japanese_jlpt_n5,this_one,これ,これ,kore
japanese_jlpt_n5,about_toward_approximately_,～ころ; ～ごろ,～ころ; ～ごろ,-koro; -goro
japanese_jlpt_n5,this_month,今月,こんげつ,kongetsu
japanese_jlpt_n5,this_week,今週,こんしゅう,konshuu
japanese_jlpt_n5,such_like_this,こんな,こんな,konna
japanese_jlpt_n5,tonight_this_evening,今晩,こんばん,konban
japanese_jlpt_n5,come_now_well,さあ,さあ,saa
japanese_jlpt_n5,years_old,～歳,～さい,sai
japanese_jlpt_n5,wallet,財布,さいふ,saifu
japanese_jlpt_n5,fish,魚,さかな,sakana
japanese_jlpt_n5,future_recent_previous,先,さき,saki
japanese_jlpt_n5,to_bloom,咲く,さく,saku
japanese_jlpt_n5,essay_composition,作文,さくぶん,sakubun
japanese_jlpt_n5,to_raise_stretch_out_hands_,差す,さす,sasu
japanese_jlpt_n5,counter_for_books,～冊,～さつ,~satsu
japanese_jlpt_n5,magazine_journal,雑誌,ざっし,zasshi
japanese_jlpt_n5,sugar,砂糖,さとう,satō
japanese_jlpt_n5,cold_in_reference_to_weathe,寒い,さむい,samui
japanese_jlpt_n5,year_after_next,さ来年,さらいねん,sarainen
japanese_jlpt_n5,mr_ms,～さん,～さん,~san
japanese_jlpt_n5,three,三,さん,san
japanese_jlpt_n5,walk_stroll,散歩,さんぽ (する),sanpo (suru)
japanese_jlpt_n5,four,四,し,shi
japanese_jlpt_n5,o_clock_time,～時,～じ,-ji
japanese_jlpt_n5,salt,塩,しお,shio
japanese_jlpt_n5,however_but,しかし,しかし,shikashi
japanese_jlpt_n5,time,時間,じかん,jikan
japanese_jlpt_n5,hours,～時間,～じかん,-jikan
japanese_jlpt_n5,work_job_occupation_employm,仕事,しごと,shigoto
japanese_jlpt_n5,dictionary,辞書,じしょ,jisho
japanese_jlpt_n5,quiet_calm,静か,しずか,shizuka
japanese_jlpt_n5,under_below_beneath,下,した,shita
japanese_jlpt_n5,seven,七,しち,shichi
japanese_jlpt_n5,question_inquiry,質問,しつもん,shitsumon
japanese_jlpt_n5,bicycle,自転車,じてんしゃ,jitensha
japanese_jlpt_n5,automobile,自動車,じどうしゃ,jidōsha
japanese_jlpt_n5,to_die,死ぬ,しぬ,shinu
japanese_jlpt_n5,dictionary_2,字引,じびき,jibiki
japanese_jlpt_n5,myself_oneself,自分,じぶん,jibun
japanese_jlpt_n5,to_close_to_be_closed,閉まる,しまる,shimaru
japanese_jlpt_n5,to_close_to_shut,閉める,しめる,shimeru
japanese_jlpt_n5,to_tie_to_fasten_to_tighten,締める,しめる,shimeru
japanese_jlpt_n5,well_well_then,じゃ; じゃあ,じゃ; じゃあ,ja; jaa
japanese_jlpt_n5,a_picture_a_photograph,写真,しゃしん,shashin
japanese_jlpt_n5,shirt,シャツ,シャツ,shatsu
japanese_jlpt_n5,shower,シャワー,シャワー,shawaa
japanese_jlpt_n5,ten,十,じゅう,juu
japanese_jlpt_n5,during_while,～中,～じゅう,-chuu
japanese_jlpt_n5,weeks,～週間,～しゅうかん,-shuu kan
japanese_jlpt_n5,a_class_of_school,授業,じゅぎょう,jugyou
japanese_jlpt_n5,homework,宿題,しゅくだい,shukudai
japanese_jlpt_n5,be_good_at_skillful,上手,じょうず,jouzu
japanese_jlpt_n5,strong_solid_durable,丈夫,じょうぶ,joubu
japanese_jlpt_n5,soy_sauce,醤油,しょうゆ,shouyu
japanese_jlpt_n5,cafeteria_dining_hall,食堂,しょくどう,shokudou
japanese_jlpt_n5,to_know_to_understand,知る,しる,shiru
japanese_jlpt_n5,white,白,しろ,shiro
japanese_jlpt_n5,white_2,白い,しろい,shiroi
japanese_jlpt_n5,counter_for_people,～人,～じん,~jin
japanese_jlpt_n5,newspaper,新聞,しんぶん,shinbun
japanese_jlpt_n5,wednesday,水曜日,すいようび,suiyoubi
japanese_jlpt_n5,to_breathe_in_to_suck,吸う,すう,suu
japanese_jlpt_n5,skirt,スカート,スカート,sukāto
japanese_jlpt_n5,liking_fondness_love,好き,すき,suki
japanese_jlpt_n5,past_to_exceed_too_much,～すぎ,～すぎ,~sugi
japanese_jlpt_n5,a_little_a_few,少ない,すくない,sukunai
japanese_jlpt_n5,immediately_soon,すぐに,すぐに,sugu ni
japanese_jlpt_n5,little_few,少し,すこし,sukoshi
japanese_jlpt_n5,cool_refreshing_in_referenc,涼しい,すずしい,suzushii
japanese_jlpt_n5,at_a_time,～ずつ,～ずつ,~zutsu
japanese_jlpt_n5,heater_lit_stove,ストーブ,ストーブ,sutōbu
japanese_jlpt_n5,spoon,スプーン,スプーン,supūn
japanese_jlpt_n5,sport_s,スポーツ,スポーツ,supōtsu
japanese_jlpt_n5,trousers,ズボン,ズボン,zubon
japanese_jlpt_n5,to_reside_to_live_in,住む,すむ,sumu
japanese_jlpt_n5,to_do_to_try_to_wear_small_,する,する,suru
japanese_jlpt_n5,to_sit,座る,すわる,suwaru
japanese_jlpt_n5,one_s_height_stature,背,せい,sei
japanese_jlpt_n5,student_pupil,生徒,せいと,seito
japanese_jlpt_n5,sweater,セーター,セーター,sētā
japanese_jlpt_n5,soap,石鹸,せっけん,sekken
japanese_jlpt_n5,men_s_suit,背広,せびろ,sebiro
japanese_jlpt_n5,narrow_not_spacious,狭い,せまい,semai
japanese_jlpt_n5,zero,ゼロ,ゼロ,zero
japanese_jlpt_n5,thousand,千,せん,sen
japanese_jlpt_n5,last_month,先月,せんげつ,sengetsu
japanese_jlpt_n5,last_week,先週,せんしゅう,senshuu
japanese_jlpt_n5,teacher_professor_master_do,先生,せんせい,sensei
japanese_jlpt_n5,washing_laundry,洗濯,せんたく,sentaku
japanese_jlpt_n5,all_entire_whole,全部,ぜんぶ,zenbu
japanese_jlpt_n5,yes_appears_to_be_the_case,そう; そうです,そう; そうです,sou; sou desu
japanese_jlpt_n5,cleaning_sweeping,掃除,そうじ (する),souji (suru)
japanese_jlpt_n5,and_like_that,そうして; そして,そうして; そして,soushite; soshite
japanese_jlpt_n5,that_place_there_bottom_sol,そこ,そこ,soko
japanese_jlpt_n5,over_there_2,そちら,そちら,sochira
japanese_jlpt_n5,over_there_3,そっち,そっち,socchi
japanese_jlpt_n5,outside_exterior,外,そと,soto
japanese_jlpt_n5,that,その,その,sono
japanese_jlpt_n5,near_close_beside_japanese_,そば,そば,soba
japanese_jlpt_n5,sky,空,そら,sora
japanese_jlpt_n5,that_one,それ,それ,sore
japanese_jlpt_n5,and_then_after_that,それから,それから,sorekara
japanese_jlpt_n5,in_that_situation_well_then,それでは,それでは,sore de wa
japanese_jlpt_n5,counter_for_vehicles_machin,～台,～だい,~dai
japanese_jlpt_n5,college_university,大学,だいがく,daigaku
japanese_jlpt_n5,embassy,大使館,たいしかん,taishikan
japanese_jlpt_n5,it_s_ok_all_right_no_need_t,大丈夫,だいじょうぶ,daijoubu
japanese_jlpt_n5,very_like_able_like_very_mu,大好き,だいすき,daisuki
japanese_jlpt_n5,important,大切,たいせつ,taisetsu
japanese_jlpt_n5,kitchen,台所,だいどころ,daidokoro
japanese_jlpt_n5,very_difficult_hard,大変,たいへん,taihen
japanese_jlpt_n5,tall_high_expensive,高い,たかい,takai
japanese_jlpt_n5,only_just_as,～だけ,～だけ,-dake
japanese_jlpt_n5,many_much,沢山,たくさん,takusan
japanese_jlpt_n5,taxi,タクシー,タクシー,takushī
japanese_jlpt_n5,to_take_something_out_to_ha,出す,だす,dasu
japanese_jlpt_n5,plural_suffix,～たち,～たち,-tachi
japanese_jlpt_n5,to_stand_up,立つ,たつ,tatsu
japanese_jlpt_n5,length_height,たて,たて,tate
japanese_jlpt_n5,building,建物,たてもの,tatemono
japanese_jlpt_n5,enjoyable_fun,楽しい,たのしい,tanoshii
japanese_jlpt_n5,to_request_to_ask_a_favor,頼む,たのむ,tanomu
japanese_jlpt_n5,tobacco_cigarettes,たばこ,たばこ,tabako
japanese_jlpt_n5,perhaps_probably_maybe,多分,たぶん,tabun
japanese_jlpt_n5,food,食べ物,たべもの,tabemono
japanese_jlpt_n5,to_eat,食べる,たべる,taberu
japanese_jlpt_n5,egg,卵,たまご,tamago
japanese_jlpt_n5,who,誰,だれ,dare
japanese_jlpt_n5,someone,誰か,だれか,dareka
japanese_jlpt_n5,birthday,誕生日,たんじょうび,tanjoubi
japanese_jlpt_n5,gradually_by_degrees,段々,だんだん,dandan
japanese_jlpt_n5,small_little,小さい,ちいさい,chiisai
japanese_jlpt_n5,small_little_2,小さな,ちいさな,chiisana
japanese_jlpt_n5,near_close_by_short,近い,ちかい,chikai
japanese_jlpt_n5,to_be_different_to_differ_w,違う,ちがう,chigau
japanese_jlpt_n5,nearby_in_the_neighborhood,近く,ちかく,chikaku
japanese_jlpt_n5,underground_train_subway,地下鉄,ちかてつ,chikatetsu
japanese_jlpt_n5,a_map,地図,ちず,chizu
japanese_jlpt_n5,my_father,父,ちち,chichi
japanese_jlpt_n5,brown,茶色,ちゃいろ,chairo
japanese_jlpt_n5,rice_bowl,茶碗,ちゃわん,chawan
japanese_jlpt_n5,during_while_ing,～中,～ちゅう,~chuu
japanese_jlpt_n5,just_right_exactly,丁度,ちょうど,chōdo
japanese_jlpt_n5,a_little_somewhat_just_a_li,ちょっと,ちょっと,chotto
japanese_jlpt_n5,one_day_first_day_of_the_mo,一日,ついたち,tsuitachi
japanese_jlpt_n5,to_use,使う,つかう,tsukau
japanese_jlpt_n5,to_get_become_tired_to_beco,疲れる,つかれる,tsukareru
japanese_jlpt_n5,next,次,つぎ,tsugi
japanese_jlpt_n5,to_arrive_at_to_reach,着く,つく,tsuku
japanese_jlpt_n5,desk,机,つくえ,tsukue
japanese_jlpt_n5,to_make_to_create,作る,つくる,tsukuru
japanese_jlpt_n5,to_turn_on_e_g_a_light_to_t,つける,つける,tsukeru
japanese_jlpt_n5,to_work_for,勤める,つとめる,tsutomeru
japanese_jlpt_n5,boring_dull_insignificant,つまらない,つまらない,tsumaranai
japanese_jlpt_n5,cold_things_people,冷たい,つめたい,tsumetai
japanese_jlpt_n5,strong_powerful,強い,つよい,tsuyoi
japanese_jlpt_n5,hand,手,て,te
japanese_jlpt_n5,tape,テープ,テープ,te-pu
japanese_jlpt_n5,tape_recorder,テープレコーダー,テープレコーダー,te-purekōdā
japanese_jlpt_n5,table,テーブル,テーブル,te-buru
japanese_jlpt_n5,to_go_out_to_depart,出かける,でかける,dekakeru
japanese_jlpt_n5,letter,手紙,てがみ,tegami
japanese_jlpt_n5,to_be_able_to_to_accomplish,できる,できる,dekiru
japanese_jlpt_n5,an_exit,出口,でぐち,deguchi
japanese_jlpt_n5,test,テスト,テスト,tesuto
japanese_jlpt_n5,then_well_so,では,では,dewa
japanese_jlpt_n5,abbr_department_store,デパート,デパート,depaato
japanese_jlpt_n5,but_however,でも,でも,demo
japanese_jlpt_n5,to_appear_to_leave,出る,でる,deru
japanese_jlpt_n5,television_tv,テレビ,テレビ,terebi
japanese_jlpt_n5,weather,天気,てんき,tenki
japanese_jlpt_n5,electricity_electric_light,電気,でんき,denki
japanese_jlpt_n5,electric_train,電車,でんしゃ,densha
japanese_jlpt_n5,a_telephone,電話,でんわ,denwa
japanese_jlpt_n5,door_japanese_style,戸,と,to
japanese_jlpt_n5,counter_for_occurrences_deg,～度,～ど,~do
japanese_jlpt_n5,door_western_style,ドア,ドア,dooa
japanese_jlpt_n5,bathroom_toilet,トイレ,トイレ,toire
japanese_jlpt_n5,how_in_what_way_2,どう,どう,dou
japanese_jlpt_n5,why_for_what_reason,どうして,どうして,doushite
japanese_jlpt_n5,please_kindly_by_all_means,どうぞ,どうぞ,douzo
japanese_jlpt_n5,animal,動物,どうぶつ,doubutsu
japanese_jlpt_n5,thank_you_somehow_no_matter,どうも,どうも,dōmo
japanese_jlpt_n5,ten_2,十,(〜を) とお,tō
japanese_jlpt_n5,far_away_distant,遠い,とおい,tōi
japanese_jlpt_n5,ten_days_tenth_day_of_the_m,十日,とおか,tōka
japanese_jlpt_n5,at_the_time_of,～時,～とき,-toki
japanese_jlpt_n5,sometimes,時々,ときどき,tokidoki
japanese_jlpt_n5,a_watch_a_clock,時計,とけい,tokei
japanese_jlpt_n5,where_what_place,どこ,どこ,doko
japanese_jlpt_n5,place,所,ところ,tokoro
japanese_jlpt_n5,year_age,年,とし,toshi
japanese_jlpt_n5,library,図書館,としょかん,toshokan
japanese_jlpt_n5,which_one_way_where_polite,どちら,どちら,dochira
japanese_jlpt_n5,which_one_which_way,どっち,どっち,docchi
japanese_jlpt_n5,very_much_greatly_exceeding,とても,とても,totemo
japanese_jlpt_n5,who_2,どなた,どなた,donata
japanese_jlpt_n5,next_to_next_door_to,隣,となり,tonari
japanese_jlpt_n5,which,どの,どの,dono
japanese_jlpt_n5,to_fly_to_hop,飛ぶ,とぶ,tobu
japanese_jlpt_n5,to_come_to_a_halt,止まる,とまる,tomaru
japanese_jlpt_n5,friend,友達,ともだち,tomodachi
japanese_jlpt_n5,saturday,土曜日,どようび,doyōbi
japanese_jlpt_n5,chicken_lit_bird,鳥,とり,tori
japanese_jlpt_n5,chicken_meat,鶏肉,とりにく,toriniku
japanese_jlpt_n5,to_take_a_class_to_get_a_gr,取る,とる,toru
japanese_jlpt_n5,to_take_a_photo_to_make_a_f,撮る,とる,toru
japanese_jlpt_n5,which_one,どれ,どれ,dore
japanese_jlpt_n5,what_what_kind_of,どんな,どんな,donna
japanese_jlpt_n5,there_isn_t_doesn_t_have,ない,ない,nai
japanese_jlpt_n5,knife,ナイフ,ナイフ,naifu
japanese_jlpt_n5,inside_middle_among,中,なか,naka
japanese_jlpt_n5,long_lengthy,長い,ながい,nagai
japanese_jlpt_n5,to_make_sound_animal,鳴く,なく,naku
japanese_jlpt_n5,to_lose_something,無くす,なくす,nakusu
japanese_jlpt_n5,why_same_as,なぜ,なぜ,naze
japanese_jlpt_n5,summer,夏,なつ,natsu
japanese_jlpt_n5,summer_vacation,夏休み,なつやすみ,natsuyasumi
japanese_jlpt_n5,et_cetera,～など,～など,nado
japanese_jlpt_n5,seven_things,七つ,ななつ,nanatsu
japanese_jlpt_n5,what,何,なん; なに,nan; nani
japanese_jlpt_n5,seven_days_seventh_day_of_t,七日,なのか,nanoka
japanese_jlpt_n5,name,名前,なまえ,namae
japanese_jlpt_n5,to_learn,習う,ならう,narau
japanese_jlpt_n5,to_line_up_to_stand_in_a_li,並ぶ,ならぶ,narabu
japanese_jlpt_n5,to_put_things_side_by_side_,並べる,ならべる,naraberu
japanese_jlpt_n5,to_become,なる,なる,naru
japanese_jlpt_n5,what_sort_of,何～,なん～,nan~
japanese_jlpt_n5,two,二,に,ni
japanese_jlpt_n5,bustling_busy,にぎやか,にぎやか,nigiyaka
japanese_jlpt_n5,meat,肉,にく,niku
japanese_jlpt_n5,west,西,にし,nishi
japanese_jlpt_n5,day_of_the_month_for_days,～日,～にち,nichi
japanese_jlpt_n5,sunday,日曜日,にちようび,nichiyōbi
japanese_jlpt_n5,luggage_baggage,荷物,にもつ,nimotsu
japanese_jlpt_n5,news,ニュース,ニュース,nyūsu
japanese_jlpt_n5,garden,庭,にわ,niwa
japanese_jlpt_n5,counter_for_people_2,～人,～にん,nin
japanese_jlpt_n5,to_take_off_clothes,脱ぐ,ぬぐ,nugu
japanese_jlpt_n5,lukewarm,温い,ぬるい,nurui
japanese_jlpt_n5,tie_necktie,ネクタイ,ネクタイ,nekutai
japanese_jlpt_n5,cat,猫,ねこ,neko
japanese_jlpt_n5,to_sleep_to_go_to_sleep_to_,寝る,ねる,neru
japanese_jlpt_n5,years,～年,～ねん,~nen
japanese_jlpt_n5,notebook,ノート,ノート,nōto
japanese_jlpt_n5,to_climb,登る,のぼる,noboru
japanese_jlpt_n5,drink_beverage,飲み物,のみもの,nomimono
japanese_jlpt_n5,to_drink,飲む,のむ,nomu
japanese_jlpt_n5,to_get_on_to_ride_in_to_boa,乗る,のる,noru
japanese_jlpt_n5,tooth,歯,は,ha
japanese_jlpt_n5,a_party,パーティー,パーティー,pātī
japanese_jlpt_n5,yes_2,はい,はい,hai
japanese_jlpt_n5,counter_for_cupfuls,～杯,～はい,-hai
japanese_jlpt_n5,ashtray,灰皿,はいざら,haizara
japanese_jlpt_n5,to_enter_to_contain_to_hold,入る,はいる,hairu
japanese_jlpt_n5,postcard,葉書,はがき,hagaki
japanese_jlpt_n5,to_put_on_items_below_your_,はく,はく,haku
japanese_jlpt_n5,box,箱,はこ,hako
japanese_jlpt_n5,bridge,橋,はし,hashi
japanese_jlpt_n5,chopsticks,箸,はし,hashi
japanese_jlpt_n5,something_begins,始まる,はじまる,hajimaru
japanese_jlpt_n5,beginning_start,初め; 始め,はじめ,hajime
japanese_jlpt_n5,for_the_first_time,初めて,はじめて,hajimete
japanese_jlpt_n5,to_run,走る,はしる,hashiru
japanese_jlpt_n5,bus_bath_bass,バス,バス,basu
japanese_jlpt_n5,butter,バター,バター,batā
japanese_jlpt_n5,20_years_old,二十歳,はたち,hatachi
japanese_jlpt_n5,to_work,働く,はたらく,hataraku
japanese_jlpt_n5,eight,八,はち,hachi
japanese_jlpt_n5,twenty_days_twentieth_day_o,二十日,はつか,hatsuka
japanese_jlpt_n5,flower,花,はな,hana
japanese_jlpt_n5,nose,鼻,はな,hana
japanese_jlpt_n5,talk_chat_story,話,はなし,hanashi
japanese_jlpt_n5,to_speak,話す,はなす,hanasu
japanese_jlpt_n5,my_mother,母,はは,haha
japanese_jlpt_n5,early,早い,はやい,hayai
japanese_jlpt_n5,fast_quick,速い,はやい,hayai
japanese_jlpt_n5,spring,春,はる,haru
japanese_jlpt_n5,to_post_to_paste_to_attach,貼る,はる,haru
japanese_jlpt_n5,clear_sunny_weather,晴れ,はれ,hare
japanese_jlpt_n5,to_be_sunny,晴れる,はれる,hareru
japanese_jlpt_n5,half_e_g_half_past_two,半,はん,han
japanese_jlpt_n5,evening,晩,ばん,ban
japanese_jlpt_n5,st_th_best,～番,～ばん,~ban
japanese_jlpt_n5,bread,パン,パン,pan
japanese_jlpt_n5,handkerchief,ハンカチ,ハンカチ,hankachi
japanese_jlpt_n5,number_series_of_digits,番号,ばんごう,bangō
japanese_jlpt_n5,dinner_evening_meal,晩御飯,ばんごはん,bangohan
japanese_jlpt_n5,half,半分,はんぶん,hanbun
japanese_jlpt_n5,east,東,ひがし,higashi
japanese_jlpt_n5,counter_for_small_animals,～匹,～ひき,~hiki
japanese_jlpt_n5,to_pull_to_draw_subtract,引く,ひく,hiku
japanese_jlpt_n5,to_play_a_string_instrument,弾く,ひく,hiku
japanese_jlpt_n5,short_low,低い,ひくい,hikui
japanese_jlpt_n5,airplane,飛行機,ひこうき,hikouki
japanese_jlpt_n5,left_hand_side,左,ひだり,hidari
japanese_jlpt_n5,man_person,人,ひと,hito
japanese_jlpt_n5,one_thing,一つ,ひとつ,hitotsu
japanese_jlpt_n5,one_month,一月,ひとつき,hitotsuki
japanese_jlpt_n5,one_person,一人,ひとり,hitori
japanese_jlpt_n5,free_time_leisure,暇,ひま,hima
japanese_jlpt_n5,hundred,百,ひゃく,hyaku
japanese_jlpt_n5,hospital,病院,びょういん,byōin
japanese_jlpt_n5,illness_sickness,病気,びょうき,byōki
japanese_jlpt_n5,hiragana,平仮名,ひらがな,hiragana
japanese_jlpt_n5,noon_daytime,昼,ひる,hiru
japanese_jlpt_n5,lunch_midday_meal,昼御飯,ひるごはん,hirugohan
japanese_jlpt_n5,spacious_wide_broad,広い,ひろい,hiroi
japanese_jlpt_n5,film_roll_of,フィルム,フィルム,firumu
japanese_jlpt_n5,envelope,封筒,ふうとう,fūtō
japanese_jlpt_n5,swimming_pool,プール,プール,pūru
japanese_jlpt_n5,fork,フォーク,フォーク,fōku
japanese_jlpt_n5,to_blow_wind_etc,吹く,ふく,fuku
japanese_jlpt_n5,clothes,服,ふく,fuku
japanese_jlpt_n5,two_things,二つ,ふたつ,futatsu
japanese_jlpt_n5,pork,豚肉,ぶたにく,butaniku
japanese_jlpt_n5,two_people,二人,ふたり,futari
japanese_jlpt_n5,two_days_second_day_of_the_,二日,ふつか,futsuka
japanese_jlpt_n5,fat_thick,太い,ふとい,futoi
japanese_jlpt_n5,winter,冬,ふゆ,fuyu
japanese_jlpt_n5,to_precipitate_to_fall_e_g_,降る,ふる,furu
japanese_jlpt_n5,old_in_reference_to_objects,古い,ふるい,furui
japanese_jlpt_n5,minutes,～分,～ふん,fun
japanese_jlpt_n5,sentence_text,文章,ぶんしょう,bunshō
japanese_jlpt_n5,a_page,ページ,ページ,pēji
japanese_jlpt_n5,unskillful_poor,下手,へた,heta
japanese_jlpt_n5,bed,ベッド,ベッド,beddo
japanese_jlpt_n5,pet,ペット,ペット,petto
japanese_jlpt_n5,a_room,部屋,へや,heya
japanese_jlpt_n5,area_vicinity,辺,へん,hen
japanese_jlpt_n5,pen,ペン,ペン,pen
japanese_jlpt_n5,study,勉強,べんきょう (する),benkyō
japanese_jlpt_n5,convenient_handy,便利,べんり,benri
japanese_jlpt_n5,hat_cap,帽子,ぼうし,bōshi
japanese_jlpt_n5,ball_point_pen,ボールペン,ボールペン,bōrupen
japanese_jlpt_n5,other_the_rest,外,ほか,hoka
japanese_jlpt_n5,pocket,ポケット,ポケット,poketto
japanese_jlpt_n5,to_want_in_need_of,欲しい,ほしい,hoshii
japanese_jlpt_n5,mailbox_post_position,ポスト,ポスト,posuto
japanese_jlpt_n5,thin_slender_fine,細い,ほそい,hosoi
japanese_jlpt_n5,button,ボタン,ボタン,botan
japanese_jlpt_n5,hotel,ホテル,ホテル,hoteru
japanese_jlpt_n5,book,本,ほん,hon
japanese_jlpt_n5,counter_for_long_cylindrica,～本,～ほん,~hon
japanese_jlpt_n5,bookshelf,本棚,ほんだな,hondana
japanese_jlpt_n5,real_true,本当,ほんとう,hontō
japanese_jlpt_n5,counter_for_flat_things,～枚,～まい,~mai
japanese_jlpt_n5,every_morning,毎朝,まいあさ,maiasa
japanese_jlpt_n5,every_month_monthly,毎月,まいげつ; まいつき,maitsuki / maigetsu
japanese_jlpt_n5,every_week,毎週,まいしゅう,maishū
japanese_jlpt_n5,every_day,毎日,まいにち,mainichi
japanese_jlpt_n5,every_year_yearly_annually,毎年,まいねん; まいとし,mai toshi / mainen
japanese_jlpt_n5,every_night,毎晩,まいばん,maiban
japanese_jlpt_n5,before_in_front,前,まえ,mae
japanese_jlpt_n5,in_front_of,～前,～まえ,~mae
japanese_jlpt_n5,to_turn_to_bend,曲る,まがる,magaru
japanese_jlpt_n5,terrible_in_reference_to_fo,まずい,まずい,mazui
japanese_jlpt_n5,and_furthermore,また,また,mata
japanese_jlpt_n5,yet_still_besides,まだ,まだ,mada
japanese_jlpt_n5,town_city,町,まち,machi
japanese_jlpt_n5,to_wait,待つ,まつ,matsu
japanese_jlpt_n5,straight_ahead_direct,まっすぐ,まっすぐ,massugu
japanese_jlpt_n5,match,マッチ,マッチ,macchi
japanese_jlpt_n5,window,窓,まど,mado
japanese_jlpt_n5,round_circular,丸い; 円い,まるい,marui
japanese_jlpt_n5,ten_thousand,万,まん,man
japanese_jlpt_n5,fountain_pen,万年筆,まんねんひつ,mannenhitsu
japanese_jlpt_n5,to_brush_teeth_to_polish,磨く,みがく,migaku
japanese_jlpt_n5,right_hand_side,右,みぎ,migi
japanese_jlpt_n5,short_length,短い,みじかい,mijikai
japanese_jlpt_n5,water,水,みず,mizu
japanese_jlpt_n5,store_shop,店,みせ,mise
japanese_jlpt_n5,to_show_to_display,見せる,みせる,miseru
japanese_jlpt_n5,road_street_way_directions,道,みち,michi
japanese_jlpt_n5,three_days_third_day_of_the,三日,みっか,mikka
japanese_jlpt_n5,three_things,三つ,みっつ,mittsu
japanese_jlpt_n5,green,緑,みどり,midori
japanese_jlpt_n5,all_of_you_everyone,皆さん,みなさん,minasan
japanese_jlpt_n5,south,南,みなみ,minami
japanese_jlpt_n5,ear,耳,みみ,mimi
japanese_jlpt_n5,to_see_to_look,見る,みる,miru
japanese_jlpt_n5,all_everyone_everybody,みんな,みんな,minna
japanese_jlpt_n5,six_days_sixth_day_of_month,六日,むいか,muika
japanese_jlpt_n5,beyond_over_there,向こう,むこう,mukou
japanese_jlpt_n5,difficult,難しい,むずかしい,muzukashii
japanese_jlpt_n5,six_things,六つ,むっつ,muttsu
japanese_jlpt_n5,village,村,むら,mura
japanese_jlpt_n5,eye_s,目,め,me
japanese_jlpt_n5,meter,メートル,メートル,meetoru
japanese_jlpt_n5,eye_glasses,眼鏡,めがね,megane
japanese_jlpt_n5,already_again_more,もう,もう,mou
japanese_jlpt_n5,thursday,木曜日,もくようび,mokuyoubi
japanese_jlpt_n5,hello_used_on_the_phone,もしもし,もしもし,moshimoshi
japanese_jlpt_n5,to_hold_to_carry_to_possess,持つ,もつ,motsu
japanese_jlpt_n5,more,もっと,もっと,motto
japanese_jlpt_n5,thing_concrete_object,物,もの,mono
japanese_jlpt_n5,gate,門,もん,mon
japanese_jlpt_n5,a_problem,問題,もんだい,mondai
japanese_jlpt_n5,shop,～屋,～や,~ya
japanese_jlpt_n5,greengrocer,八百屋,やおや,yaoya
japanese_jlpt_n5,vegetable,野菜,やさい,yasai
japanese_jlpt_n5,easy_plain_simple,易しい,やさしい,yasashii
japanese_jlpt_n5,inexpensive_cheap_things,安い,やすい,yasui
japanese_jlpt_n5,holiday_day_off_absence,休み,やすみ,yasumi
japanese_jlpt_n5,to_rest_to_have_a_break_to_,休む,やすむ,yasumu
japanese_jlpt_n5,eight_things,八つ,やっつ,yattsu
japanese_jlpt_n5,mountain,山,やま,yama
japanese_jlpt_n5,to_do_to_give_to_pets_paren,やる,やる,yaru
japanese_jlpt_n5,late_afternoon_typically_ju,夕方,ゆうがた,yuugata
japanese_jlpt_n5,dinner_supper_evening_meal,夕飯,ゆうはん,yuuhan
japanese_jlpt_n5,post_office,郵便局,ゆうびんきょく,yuubinkyoku
japanese_jlpt_n5,last_night,昨夜,ゆうべ,yuuhe
japanese_jlpt_n5,famous,有名,ゆうめい,yūmei
japanese_jlpt_n5,snow,雪,ゆき,yuki
japanese_jlpt_n5,slowly_at_ease,ゆっくりと,ゆっくりと,yukkuri to
japanese_jlpt_n5,eight_days_eighth_day_of_th,八日,ようか,yōka
japanese_jlpt_n5,western_style_clothes,洋服,ようふく,yōfuku
japanese_jlpt_n5,frequently_often_much_well_,よく,よく,yoku
japanese_jlpt_n5,beside_side_width,横,よこ,yoko
japanese_jlpt_n5,four_days_fourth_day_of_the,四日,よっか,yokka
japanese_jlpt_n5,four_things,四つ,よっつ,yottsu
japanese_jlpt_n5,to_call_one_s_name_to_invit,呼ぶ,よぶ,yobu
japanese_jlpt_n5,to_read,読む,よむ,yomu
japanese_jlpt_n5,evening_night,夜,よる,yoru
japanese_jlpt_n5,weak,弱い,よわい,yowai
japanese_jlpt_n5,next_month,来月,らいげつ,raigetsu
japanese_jlpt_n5,next_week,来週,らいしゅう,raishuu
japanese_jlpt_n5,next_year,来年,らいねん,rainen
japanese_jlpt_n5,radio,ラジオ,ラジオ,rajio
japanese_jlpt_n5,radio_cassette_player,ラジオカセ,ラジオカセ,rajiokase
japanese_jlpt_n5,splendid_fine,りっぱ,りっぱ,rippa
japanese_jlpt_n5,international_student,留学生,りゅうがくせい,ryuugakusei
japanese_jlpt_n5,parents_lit_both_parents,両親,りょうしん,ryōshin
japanese_jlpt_n5,cooking_cuisine,料理,りょうり,ryōri
japanese_jlpt_n5,travel_trip,旅行,りょこう,ryokō
japanese_jlpt_n5,zero_nought,零,れい,rei
japanese_jlpt_n5,refrigerator,冷蔵庫,れいぞうこ,reizōko
japanese_jlpt_n5,record,レコード,レコード,rekōdo
japanese_jlpt_n5,restaurant,レストラン,レストラン,resutoran
japanese_jlpt_n5,to_practice,練習,れんしゅう (する),renshū
japanese_jlpt_n5,corridor,廊下,ろうか,rōka
japanese_jlpt_n5,six,六,ろく,roku
japanese_jlpt_n5,shirt_lit_white_shirt_busin,ワイシャツ,ワイシャツ,waishatsu
japanese_jlpt_n5,young,若い,わかい,wakai
japanese_jlpt_n5,to_understand,分かる,わかる,wakaru
japanese_jlpt_n5,to_forget,忘れる,わすれる,wasureru
japanese_jlpt_n5,i_myself,私,わたし,watashi
japanese_jlpt_n5,i_formal_myself_private_aff,私,わたくし,watakushi
japanese_jlpt_n5,to_hand_something_over_v_t_,渡す,わたす,watasu
japanese_jlpt_n5,to_cross_over_to_go_across,渡る,わたる,wataru
japanese_jlpt_n5,bad_sinful_inferior,悪い,わるい,warui
japanese_jlpt_n3,sofa_couch,ソファー,ソファー,sofā
japanese_jlpt_n3,humble_miserable_crude,粗末,そまつ,somatsu
japanese_jlpt_n3,each_every_respectively,それぞれ,それぞれ,sorezore
japanese_jlpt_n3,but_still_and_yet_neverthel,それでも,それでも,soredemo
japanese_jlpt_n3,and,それと,それと,soretomo
japanese_jlpt_n3,or_or_else,それとも,それとも,soretomo
japanese_jlpt_n3,to_become_complete_to_be_eq,揃う,そろう,sorou
japanese_jlpt_n3,to_put_things_in_order_to_a,揃える,そろえる,soroeru
japanese_jlpt_n3,loss_disadvantage,損,そん,son
japanese_jlpt_n3,damage_loss,損害,そんがい,songai
japanese_jlpt_n3,to_raise_to_lift_to_boost,高める,たかめる,takameru
japanese_jlpt_n3,treasure,宝,たから,takara
japanese_jlpt_n3,house_home,宅,たく,taku
japanese_jlpt_n3,to_boil_to_cook,炊く,たく,taku
japanese_jlpt_n3,to_burn_to_kindle_to_build_,焚く,たく,taku
japanese_jlpt_n3,to_embrace_to_hug,抱く,だく,daku
japanese_jlpt_n3,however,だけど,だけど,dakedo
japanese_jlpt_n3,certain_sure_if_i_remember_,たしか,たしか,tashika
japanese_jlpt_n3,to_ascertain_to_make_sure,確かめる,たしかめる,tashikameru
japanese_jlpt_n3,a_little_same_as,多少,たしょう,tashō
japanese_jlpt_n4,honorific_expression_for_2,ごらんになる,goran ni naru,goran ni naru
japanese_jlpt_n4,to_mind_to_care_about_to_be,かまう,kamau,kamau
japanese_jlpt_n1,developing_film,現像,げんぞう,genzō
japanese_jlpt_n1,principle_general_rule,原則,げんそく,gensoku
japanese_jlpt_n1,point_of_view,見地,けんち,kenchi
japanese_jlpt_n1,actual_place_local,現地,げんち,genchi
japanese_jlpt_n1,limit_restriction,限定,げんてい,gentei
japanese_jlpt_n1,origin_coordinates_starting,原点,げんてん,genten
japanese_jlpt_n1,original_source,原典,げんてん,genten
japanese_jlpt_n1,atomic_bomb,原爆,げんばく,genbaku
japanese_jlpt_n1,the_text_original,原文,げんぶん,genbun
japanese_jlpt_n1,strict_close,厳密,げんみつ,genmitsu
japanese_jlpt_n1,wisdom_intelligence_prudenc,賢明,けんめい,kenmei
japanese_jlpt_n1,thrift_economy_frugality,倹約,けんやく,kenyaku
japanese_jlpt_n1,crude_oil,原油,げんゆ,genyu
japanese_jlpt_n1,multi_use_combined_use,兼用,けんよう,kenyō
japanese_jlpt_n1,political_power_authority_i,権力,けんりょく,kenryoku
japanese_jlpt_n1,discussion_speech,言論,げんろん,genron
japanese_jlpt_n1,deceased_late,故～,こ～,ko~
japanese_jlpt_n1,vocabulary_glossary,語彙,ごい,goi
japanese_jlpt_n1,to_fall_in_love_with_to_lov,恋する,こいする,koisuru
japanese_jlpt_n1,1st_in_rank_shell,甲,こう,kō
japanese_jlpt_n1,light,～光,～こう,kō
japanese_jlpt_n1,good_will_favor_courtesy,好意,こうい,kōi
japanese_jlpt_n1,act_deed_conduct,行為,こうい,kōi
japanese_jlpt_n1,agreement_consent_mutual_un,合意,ごうい,gōi
japanese_jlpt_n1,engineering,工学,こうがく,kōgaku
japanese_jlpt_n1,protest_objection,抗議,こうぎ,kōgi
japanese_jlpt_n1,consultation_conference,合議,ごうぎ,gōgi
japanese_jlpt_n1,imperial_palace,皇居,こうきょ,kōkyo
japanese_jlpt_n1,prosperous_conditions_healt,好況,こうきょう,kōkyō
japanese_jlpt_n1,mining_industry,鉱業,こうぎょう,kōgyō
japanese_jlpt_n1,starting_a_business_industr,興業,こうぎょう,kōgyō
japanese_jlpt_n1,tableland_plateau,高原,こうげん,kōgen
japanese_jlpt_n1,mutual_reciprocal_alternate,交互,こうご,kōgo
japanese_jlpt_n1,brightly,煌々と,こうこうと,kōkōto
japanese_jlpt_n1,archeology,考古学,こうこがく,kōkogaku
japanese_jlpt_n1,handicraft_maneuvering,工作,こうさく,kōsaku
japanese_jlpt_n1,cultivation_farming,耕作,こうさく,kōsaku
japanese_jlpt_n1,mine,鉱山,こうざん,kōzan
japanese_jlpt_n1,short_course_training,講習,こうしゅう,kōshū
japanese_jlpt_n1,verbal_statement,口述,こうじゅつ,kōjutsu
japanese_jlpt_n1,subsidy_deduction,控除,こうじょ,kōjo
japanese_jlpt_n1,negotiation,交渉,こうしょう,kōshō
japanese_jlpt_n1,high_noble_refined,高尚,こうしょう,kōshō
japanese_jlpt_n1,rise_improvement_progress,向上,こうじょう,kōjō
japanese_jlpt_n1,march_parade,行進,こうしん,kōshin
japanese_jlpt_n1,spices,香辛料,こうしんりょう,kōshinryō
japanese_jlpt_n1,rainfall_precipitation,降水,こうすい,kōsui
japanese_jlpt_n1,flood,洪水,こうずい,kōzui
japanese_jlpt_n1,synthetic_mixed,合成,ごうせい,gōsei
japanese_jlpt_n1,openly,公然,こうぜん,kōzen
japanese_jlpt_n1,dispute_resistance,抗争,こうそう,kōsō
japanese_jlpt_n1,plan_plot_idea_conception,構想,こうそう,kōsō
japanese_jlpt_n1,retreat_backspace,後退,こうたい,kōtai
japanese_jlpt_n1,luster_glossy_finish_of_pho,光沢,こうたく,kōtaku
japanese_jlpt_n1,public_corporation,公団,こうだん,kōdan
japanese_jlpt_n1,satisfactory_in_good_shape,好調,こうちょう,kōchō
japanese_jlpt_n1,oral,口頭,こうとう,kōtō
japanese_jlpt_n1,reading,講読,こうどく,kōdoku
japanese_jlpt_n1,subscription,購読,こうどく,kōdoku
japanese_jlpt_n1,purchase_buy,購入,こうにゅう,kōnyū
japanese_jlpt_n1,official_recognition_author,公認,こうにん,kōnin
japanese_jlpt_n1,cost_of_fuel_and_light,光熱費,こうねつひ,kōnetsuhi
japanese_jlpt_n1,purchase_buy_2,購買,こうばい,kōbai
japanese_jlpt_n1,popularity_favorable_reputa,好評,こうひょう,kōhyō
japanese_jlpt_n1,delivering_furnishing_with_,交付,こうふ,kōfu
japanese_jlpt_n1,public_appeal_public_contri,公募,こうぼ,kōbo
japanese_jlpt_n1,ingenious_skillful_clever,巧妙,こうみょう,kōmyō
japanese_jlpt_n1,government_business_public_,公用,こうよう,kōyō
japanese_jlpt_n1,retail,小売,こうり,kōri
japanese_jlpt_n1,efficiency,効率,こうりつ,kōritsu
japanese_jlpt_n1,public_institution,公立,こうりつ,kōritsu
japanese_jlpt_n1,guard_convoy_escort,護衛,ごえい,goei
japanese_jlpt_n1,corner,コーナー,コーナー,kōnā
japanese_jlpt_n1,small_diminutive,小柄,こがら,kogara
japanese_jlpt_n1,cheque_check,小切手,こぎって,kogitte
japanese_jlpt_n1,domestic_products,国産,こくさん,kokusan
japanese_jlpt_n1,state_sponsored_national,国定,こくてい,kokutei
japanese_jlpt_n1,confession_acknowledgment,告白,こくはく,kokuhaku
japanese_jlpt_n1,national_defense,国防,こくぼう,kokubō
japanese_jlpt_n1,national_ownership,国有,こくゆう,kokuyū
japanese_jlpt_n1,paradise,極楽,ごくらく,gokuraku
japanese_jlpt_n1,u_n_united_nations,国連,こくれん,kokuren
japanese_jlpt_n1,dark_brown,焦げ茶,こげちゃ,kogechya
japanese_jlpt_n1,word_root_word_derivation_e,語源,ごげん,gogen
japanese_jlpt_n1,feeling_sensation_mood,心地,ここち,kokochi
japanese_jlpt_n1,knowledge_information,心得,こころえ,kokoroe
japanese_jlpt_n1,readiness_intention_aim,心掛け,こころがけ,kokorogake
japanese_jlpt_n1,to_bear_in_mind_to_aim_to_d,心掛ける,こころがける,kokorogakeru
japanese_jlpt_n1,will_intention_motive,志,こころざし,kokorozashi
japanese_jlpt_n1,to_plan_to_intend_to_aspire,志す,こころざす,kokorozasu
japanese_jlpt_n1,heartening_reassuring,心強い,こころづよい,kokorozuyoi
japanese_jlpt_n1,helpless_hopeless_discourag,心細い,こころぼそい,kokorobosoi
japanese_jlpt_n1,trial_experiment,試み,こころみ,kokoromi
japanese_jlpt_n1,to_try_to_test,試みる,こころみる,kokoromiru
japanese_jlpt_n1,pleasant_agreeable,快い,こころよい,kokoroyoi
japanese_jlpt_n1,error,誤差,ごさ,gosa
japanese_jlpt_n1,to_be_polite_to_exist,ございます (かん),ございます (かん),gozaimasu (kan)
japanese_jlpt_n1,orphan,孤児,こじ,koji
japanese_jlpt_n1,to_get_complicated_to_grow_,こじれる,こじれる,kojireru
japanese_jlpt_n1,to_strain_to_filter,こす (みずを～),こす (みずを～),kosu (mizu o~)
japanese_jlpt_n1,treetop,梢,こずえ,kozue
japanese_jlpt_n1,individuality_personality_i,個性,こせい,kosei
japanese_jlpt_n1,census_family_register,戸籍,こせき,koseki
japanese_jlpt_n1,ancient_times,古代,こだい,kodai
japanese_jlpt_n1,table_with_heater_originall,こたつ,こたつ,kotatsu
japanese_jlpt_n1,to_fuss_over_to_be_particul,こだわる,こだわる,kodawaru
japanese_jlpt_n1,exaggeration,誇張,こちょう,kocho
japanese_jlpt_n1,secret_trick_hang,こつ (をつかむ),こつ (をつかむ),kotsu (o tsukamu)
japanese_jlpt_n1,funny_humorous_comical,滑稽,こっけい,kokkei
japanese_jlpt_n1,diplomatic_relations,国交,こっこう,kokko
japanese_jlpt_n1,curio,骨董品,こっとうひん,kottōhin
japanese_jlpt_n1,fixation_fixing_e_g_salary_,固定,こてい,kotei
japanese_jlpt_n1,matter_thing_affair_circums,事柄,ことがら,kotogara
japanese_jlpt_n1,isolation_loneliness_solitu,孤独,こどく,kodoku
japanese_jlpt_n1,altogether_entirely,ことごとく,ことごとく,kotogotoku
japanese_jlpt_n1,to_leave_a_message,言付け,ことづけ,kotoduke
japanese_jlpt_n1,especially_above_all,殊に,ことに,koto ni
japanese_jlpt_n1,in_very_small_pieces,粉々,こなごな,konagona
japanese_jlpt_n1,nice_likable_desirable,好ましい,このましい,konomashii
japanese_jlpt_n1,go_board,碁盤,ごばん,goban
japanese_jlpt_n1,particular_case,個別,こべつ,kobetsu
japanese_jlpt_n1,to_deceive_to_falsify_to_mi,ごまかす,ごまかす,gomakasu
japanese_jlpt_n1,meager_modest,細やか,こまやか,komayaka
japanese_jlpt_n1,a_commercial,コマーシャル,コマーシャル,komāsharu
japanese_jlpt_n1,to_include_to_put_into,込める,こめる,komeru
japanese_jlpt_n1,comment,コメント,コメント,komento
japanese_jlpt_n1,to_seclude_oneself_to_be_co,籠もる,こもる,komoru
japanese_jlpt_n1,characteristic_tradition_pe,固有,こゆう,koyū
japanese_jlpt_n1,calendar_almanac,暦,こよみ,koyomi
japanese_jlpt_n1,to_concentrate_to_devote_to,凝らす,こらす,korasu
