topic,word_id,word,meaning,romanization
korean_topik_1,k_0002,하다,To do,hada
korean_topik_1,k_0003,있다,To be,itda
korean_topik_1,k_0004,수,"way, method, Number",su
korean_topik_1,k_0005,하다,To do,hada
korean_topik_1,k_0006,나,I,na
korean_topik_1,k_0007,없다,"Do not exist, absent",eopda
korean_topik_1,k_0008,않다,To not do,anta
korean_topik_1,k_0009,사람,Person,saram
korean_topik_1,k_0010,우리,"we, our",uri
korean_topik_1,k_0011,그,"He, That",geu
korean_topik_1,k_0012,아니다,To not be,anida
korean_topik_1,k_0013,보다,To try,boda
korean_topik_1,k_0014,거,thing,geo
korean_topik_1,k_0015,보다,To see,boda
korean_topik_1,k_0016,같다,To be similar,gatda
korean_topik_1,k_0017,주다,"To give, to do for a person",juda
korean_topik_1,k_0018,대하다,"Face, confront",daehada
korean_topik_1,k_0019,가다,To go,gada
korean_topik_1,k_0020,년,Year,nyeon
korean_topik_1,k_0021,한,"One, a single",han
korean_topik_1,k_0022,말,"words,speaking",mal
korean_topik_1,k_0023,일,Work,il
korean_topik_1,k_0024,이,"A person, a man/woman",i
korean_topik_1,k_0025,말하다,Speak,malhada
korean_topik_1,k_0026,위하다,To do for the sake of,wihada
korean_topik_1,k_0027,그러나,However or but still,geureona
korean_topik_1,k_0028,오다,To come,oda
korean_topik_1,k_0029,알다,To know,alda
korean_topik_1,k_0030,씨,~ Mr.,ssi
korean_topik_1,k_0031,그렇다,That is right or yes.,geureota
korean_topik_1,k_0032,크다,"To be big, large",keuda
korean_topik_1,k_0033,일,One day,il
korean_topik_1,k_0034,사회,"culture,society",sahoe
korean_topik_1,k_0035,많다,"many, much",manta
korean_topik_1,k_0036,안,~ not ~ + VERB,an
korean_topik_1,k_0037,좋다,To be good,jota
korean_topik_1,k_0038,더,More,deo
korean_topik_1,k_0039,받다,Receive,batda
korean_topik_1,k_0040,그것,That thing,geugeot
korean_topik_1,k_0041,집,House,jip
korean_topik_1,k_0042,나오다,Come out,naoda
korean_topik_1,k_0043,그리고,And or and then,geurigo
korean_topik_1,k_0044,문제,"question,problem",munje
korean_topik_1,k_0045,그런,Such a,geureon
korean_topik_1,k_0046,살다,To live,salda
korean_topik_1,k_0047,저,That,jeo
korean_topik_1,k_0048,못하다,Be impossible,mothada
korean_topik_1,k_0049,생각하다,To think,saenggakhada
korean_topik_1,k_0050,모르다,To not know,moreuda
korean_topik_1,k_0051,속,The inside,sok
korean_topik_1,k_0052,만들다,To make,mandeulda
korean_topik_1,k_0053,데,"Place, point, instance",de
korean_topik_1,k_0054,앞,"In front of, before",ap
korean_topik_1,k_0055,경우,A case or an instance,gyeongu
korean_topik_1,k_0056,중,"The center, the middle",jung
korean_topik_1,k_0057,어떤,"What kind of, what sort of",eotteon
korean_topik_1,k_0058,잘,Well,jal
korean_topik_1,k_0059,그녀,She,geunyeo
korean_topik_1,k_0060,먹다,"Eat, chow down on",meokda
korean_topik_1,k_0061,자신,"one’s own self, one\’s own body",jasin
korean_topik_1,k_0062,문화,culture,munhwa
korean_topik_1,k_0063,원,"A unit of south korean money, KRW",won
korean_topik_1,k_0064,생각,Thought,saenggak
korean_topik_1,k_0065,어떻다,"how,what.. do you think of",eotteota
korean_topik_1,k_0066,명,Person counter,myeong
korean_topik_1,k_0067,통하다,"Run, lead; flow; go through",tonghada
korean_topik_1,k_0068,그러다,"and so, and then, well",geureoda
korean_topik_1,k_0069,그러다,"and so, and then, well",geureoda
korean_topik_1,k_0070,소리,"A sound,noise",sori
korean_topik_1,k_0071,다시,Again,dasi
korean_topik_1,k_0072,다른,Different,dareun
korean_topik_1,k_0073,이런,"Such, like this",ireon
korean_topik_1,k_0074,여자,"woman,female",yeoja
korean_topik_1,k_0075,개,Unit or piece,gae
korean_topik_1,k_0076,정도,"grade,degree",jeongdo
korean_topik_1,k_0077,다,"All, everything",da
korean_topik_1,k_0078,좀,A little,jom
korean_topik_1,k_0079,싶다,"want,hope",sipda
korean_topik_1,k_0080,보이다,"see,catch sight of",boida
korean_topik_1,k_0081,가지다,To have or take or hold,gajida
korean_topik_1,k_0082,함께,"Together, with",hamkke
korean_topik_1,k_0083,아이,Child,ai
korean_topik_1,k_0084,지나다,"pass,elapse,go on",jinada
korean_topik_1,k_0085,많이,A lot,mani
korean_topik_1,k_0086,시간,Time,sigan
korean_topik_1,k_0087,너,You,neo
korean_topik_1,k_0088,인간,"A person, a human being",ingan
korean_topik_1,k_0089,사실,"The truth, a fact",sasil
korean_topik_1,k_0090,나다,To be born,nada
korean_topik_1,k_0091,이렇다,Like this,ireota
korean_topik_1,k_0092,어머니,Mom,eomeoni
korean_topik_1,k_0093,눈,Eyes,nun
korean_topik_1,k_0094,뭐,Huh? (2) something,mwo
korean_topik_1,k_0095,점,Store,jeom
korean_topik_1,k_0096,의하다,"To be due to, owing to",uihada
korean_topik_1,k_0097,시대,"An age,period",sidae
korean_topik_1,k_0098,다음,Next,da-eum
korean_topik_1,k_0099,이러하다,"Be this way, be like follows",ir-eohada
korean_topik_1,k_0100,누구,Who,nugu
korean_topik_1,k_0101,곳,Place,got
korean_topik_1,k_0102,여러,"many,various",yeoreo
korean_topik_1,k_0103,안,Inside,an
korean_topik_1,k_0104,하나,One,hana
korean_topik_1,k_0105,세계,World,segye
korean_topik_1,k_0106,버리다,"(following a verb) the verb\’s action is over, perhaps in a sad way",beorida
korean_topik_1,k_0107,위,"The upper part, above",wi
korean_topik_1,k_0108,운동,"Motion, movement",undong
korean_topik_1,k_0109,퍼센트,Percent,peosenteu
korean_topik_1,k_0110,학교,School,hakgyo
korean_topik_1,k_0111,자기,"Oneself, number one, numerouno, self",jagi
korean_topik_1,k_0112,가장,Most,gajang
korean_topik_1,k_0113,대통령,The president,daetongnyeong
korean_topik_1,k_0114,가지,One of the kind or a sort,gaji
korean_topik_1,k_0115,시작하다,"To start,begin",sijakhada
korean_topik_1,k_0116,바로,"Right, correctly",baro
korean_topik_1,k_0117,어느,"Some, a certain",eoneu
korean_topik_1,k_0118,그래서,And so accordingly,geuraeseo
korean_topik_1,k_0119,무엇,"That thing,whatever",mueot
korean_topik_1,k_0120,정부,Government,jeongbu
korean_topik_1,k_0121,모든,Every one,modeun
korean_topik_1,k_0122,번,"Number, how many times",beon
korean_topik_1,k_0123,그거,That thing,geugeo
korean_topik_1,k_0124,돈,Money,don
korean_topik_1,k_0125,국가,A state or a nation,gukga
korean_topik_1,k_0126,그런데,But or however,geureonde
korean_topik_1,k_0127,날,Day,nal
korean_topik_1,k_0128,여기,A hobby,yeogi
korean_topik_1,k_0129,모두,Everybody,modu
korean_topik_1,k_0130,여성,Female,yeoseong
korean_topik_1,k_0131,친구,A friend,chingu
korean_topik_1,k_0132,마음,Heart,maeum
korean_topik_1,k_0133,후,After,hu
korean_topik_1,k_0134,놓다,"Put, place",nota
korean_topik_1,k_0135,관계,Connection or relation,gwangye
korean_topik_1,k_0136,아버지,Father,abeoji
korean_topik_1,k_0137,남자,Boy,namja
korean_topik_1,k_0138,어디,Where?,eodi
korean_topik_1,k_0139,몸,"body,physique",mom
korean_topik_1,k_0140,얼굴,Face,eolgul
korean_topik_1,k_0141,왜,Why?,wae
korean_topik_1,k_0142,나타나다,"Come out, appear",natanada
korean_topik_1,k_0143,지역,"An area, region",jiyeok
korean_topik_1,k_0144,다르다,Be different,dareuda
korean_topik_1,k_0145,모습,"shape,body",moseup
korean_topik_1,k_0146,물,Water,mul
korean_topik_1,k_0147,만나다,Meet,mannada
korean_topik_1,k_0148,내다,produce something,naeda
korean_topik_1,k_0149,보이다,"show,let see",boida
korean_topik_1,k_0150,쓰다,To write,sseuda
korean_topik_1,k_0151,이것,This thing,igeot
korean_topik_1,k_0152,없이,Without,eopsi
korean_topik_1,k_0153,이번,This time,ibeon
korean_topik_1,k_0154,길,Road,gil
korean_topik_1,k_0155,생활,"lifestyle,livelihood",saenghwal
korean_topik_1,k_0156,쓰다,Take (medicine),sseuda
korean_topik_1,k_0157,뿐,"only,alone,merely",ppun
korean_topik_1,k_0158,사이,space between 2 points; the relationship between 2 people,sai
korean_topik_1,k_0159,방법,"Way, method",bangbeop
korean_topik_1,k_0160,새롭다,"To be new,novel",saeropda
korean_topik_1,k_0161,내다,"to see through, to make it through sth",naeda
korean_topik_1,k_0162,앉다,To sit down,anjda
korean_topik_1,k_0163,처음,First,cheoeum
korean_topik_1,k_0164,손,The hand,son
korean_topik_1,k_0165,몇,A few,myeot
korean_topik_1,k_0166,그때,Then or at that time,geuttae
korean_topik_1,k_0167,과정,Process or course,gwajeong
korean_topik_1,k_0168,삶,Life,salm
korean_topik_1,k_0169,갖다,To hold,gatda
korean_topik_1,k_0170,찾다,"seek,look for",chatda
korean_topik_1,k_0171,특히,Especially,teukhi
korean_topik_1,k_0172,시,Time,si
korean_topik_1,k_0173,이상,"More than, above",isang
korean_topik_1,k_0174,지금,Now,jigeum
korean_topik_1,k_0175,나가다,To go out,nagada
korean_topik_1,k_0176,이야기,"Conversation, talk",iyagi
korean_topik_1,k_0177,교육,Education,gyoyuk
korean_topik_1,k_0178,사다,"To buy, purchase",sada
korean_topik_1,k_0179,경제,Economy,gyeongje
korean_topik_1,k_0180,아직,Still,ajik
korean_topik_1,k_0181,잡다,"seize,catch",japda
korean_topik_1,k_0182,같이,Together,gachi
korean_topik_1,k_0183,선생님,Teacher,seonsaengnim
korean_topik_1,k_0184,예술,"Art, an art",yesul
korean_topik_1,k_0185,서다,To stand,seoda
korean_topik_1,k_0186,못,Cannot,mot
korean_topik_1,k_0187,역사,History,yeoksa
korean_topik_1,k_0188,읽다,To read,ikda
korean_topik_1,k_0189,결과,Result,gyeolgwa
korean_topik_1,k_0190,내용,Contents,naeyong
korean_topik_1,k_0191,물론,Of course,mullon
korean_topik_1,k_0192,책,A book,chaek
korean_topik_1,k_0193,일어나다,"To rise, get up",ireonada
korean_topik_1,k_0194,당신,Formal you,dangsin
korean_topik_1,k_0195,시장,"market,fair",sijang
korean_topik_1,k_0196,넣다,"Put in, set in",neota
korean_topik_1,k_0197,중요하다,"To be important,weighty",jungyohada
korean_topik_1,k_0198,무슨,"What, what kind of",museun
korean_topik_1,k_0199,느끼다,To feel,neukkida
korean_topik_1,k_0200,어렵다,"To be hard, difficult",eoryeopda
korean_topik_1,k_0201,힘,Power,him
korean_topik_1,k_0202,너무,Too much,neomu
korean_topik_1,k_0203,나라,A country,nara
korean_topik_1,k_0204,부르다,To call,bureuda
korean_topik_1,k_0205,의미,"A meaning, a sense",uimi
korean_topik_1,k_0206,자리,"seat,spot",jari
korean_topik_1,k_0207,밝히다,To light up,balkida
korean_topik_1,k_0208,죽다,"die,pass away",jukda
korean_topik_1,k_0209,이미,Already,imi
korean_topik_1,k_0210,쪽,"Way, direction",jjok
korean_topik_1,k_0211,정치,Politics,jeongchi
korean_topik_1,k_0212,국민,The people or a nationality,gukmin
korean_topik_1,k_0213,생명,Life,saengmyeong
korean_topik_1,k_0214,얘기,Story,yaegi
korean_topik_1,k_0215,학생,Student,haksaeng
korean_topik_1,k_0216,연구,Research,yeon-gu
korean_topik_1,k_0217,엄마,Mamma,eomma
korean_topik_1,k_0218,이름,Name,ireum
korean_topik_1,k_0219,하나,One,hana
korean_topik_1,k_0220,내리다,Descend,naerida
korean_topik_1,k_0221,사건,"An event,incident",sageon
korean_topik_1,k_0222,및,As well as,mit
korean_topik_1,k_0223,쉽다,To be easy,swipda
korean_topik_1,k_0224,짓다,"To make, build ; to form a line (a group)",jitda
korean_topik_1,k_0225,이유,Reason,iyu
korean_topik_1,k_0226,필요하다,To need,pillyohada
korean_topik_1,k_0227,글,"words, a verse",geul
korean_topik_1,k_0228,생기다,"arise,occur,happen",saenggida
korean_topik_1,k_0229,사용하다,To use,sayonghada
korean_topik_1,k_0230,남편,Husband,nampyeon
korean_topik_1,k_0231,밖,The outside,bak
korean_topik_1,k_0232,세상,"The world,society",sesang
korean_topik_1,k_0233,작다,Small,jakda
korean_topik_1,k_0234,타다,Ride (bus),tada
korean_topik_1,k_0235,대학,University,daehak
korean_topik_1,k_0236,작품,A work of art,jakpum
korean_topik_1,k_0237,상황,State of things,sanghwang
korean_topik_1,k_0238,가운데,In the middle,gaunde
korean_topik_1,k_0239,보내다,Send,bonaeda
korean_topik_1,k_0240,즉,"namely,that is to say",jeuk
korean_topik_1,k_0241,상태,"condition,state",sangtae
korean_topik_1,k_0242,이후,After that,ihu
korean_topik_1,k_0243,당시,At that time,dangsi
korean_topik_1,k_0244,문학,Literature,munhak
korean_topik_1,k_0245,더욱,More and more,deouk
korean_topik_1,k_0246,아주,Extremely,aju
korean_topik_1,k_0247,지방,"A locality, district",jibang
korean_topik_1,k_0248,밤,Night,bam
korean_topik_1,k_0249,높다,High,nopta
korean_topik_1,k_0250,최근,Recently,choegeun
korean_topik_1,k_0251,채,"As it is, no change",chae
korean_topik_1,k_0252,현실,"Actuality, reality",hyeonsil
korean_topik_1,k_0253,환경,Environment,hwangyeong
korean_topik_1,k_0254,컴퓨터,Computer,keompyuteo
korean_topik_1,k_0255,먼저,First,meonjeo
korean_topik_1,k_0256,다니다,Go to and from a aplace,danida
korean_topik_1,k_0257,얼마나,"How many, how much",eolmana
korean_topik_1,k_0258,자체,one’s own body,jache
korean_topik_1,k_0259,열다,Open,yeolda
korean_topik_1,k_0260,머리,Head,meori
korean_topik_1,k_0261,묻다,to Ask,mutda
korean_topik_1,k_0262,남다,"Remain, be left over",namda
korean_topik_1,k_0263,부분,"part,portion",bubun
korean_topik_1,k_0264,기업,An enterprise or business,gieop
korean_topik_1,k_0265,변화,"Change, transformation",byeonhwa
korean_topik_1,k_0266,아들,"son,baby",adeul
korean_topik_1,k_0267,아,Oh dear,a
korean_topik_1,k_0268,선거,An election,seongeo
korean_topik_1,k_0269,관하다,Refer to or be about,gwanhada
korean_topik_1,k_0270,분,Minutes,bun
korean_topik_1,k_0271,그냥,Just because or in that condition,geunyang
korean_topik_1,k_0272,나누다,To divide,nanuda
korean_topik_1,k_0273,이용하다,"To use, make use of",iyonghada
korean_topik_1,k_0274,거의,Almost or nearly,geoui
korean_topik_1,k_0275,곧,Soon,got
korean_topik_1,k_0276,중심,"The nucleus, the focus, the heart",jungsim
korean_topik_1,k_0277,활동,Activity,hwaldong
korean_topik_1,k_0278,오늘,Today,oneul
korean_topik_1,k_0279,서로,"mutually,one another",seoro
korean_topik_1,k_0280,관심,Concern or interest,gwansim
korean_topik_1,k_0281,역시,"As expected, likewise",yeoksi
korean_topik_1,k_0282,이거,This thing,igeo
korean_topik_1,k_0283,애,"A baby, or a slightly derogative word for person",ae
korean_topik_1,k_0284,광고,Advertisement,gwanggo
korean_topik_1,k_0285,나다,"To come out, grow, spring up",nada
korean_topik_1,k_0286,방,A room,bang
korean_topik_1,k_0287,정신,"mind,spirit",jeongsin
korean_topik_1,k_0288,이르다,"To reach, arrive, get at",ireuda
korean_topik_1,k_0289,이루다,"Accomplish, complete",iruda
korean_topik_1,k_0290,아침,Morning,achim
korean_topik_1,k_0291,웃다,"To laugh, smile",utda
korean_topik_1,k_0292,현상,"The present situation, state",hyeonsang
korean_topik_1,k_0293,기술,Art or technique or ability,gisul
korean_topik_1,k_0294,전체,"The whole, the entire section",jeonche
korean_topik_1,k_0295,그래,So or yes or that’s right,geurae
korean_topik_1,k_0296,얻다,"Get, obtain",eotda
korean_topik_1,k_0297,아름답다,To be beautiful,areumdapda
korean_topik_1,k_0298,끝,The end,kkeut
korean_topik_1,k_0299,민족,"race,nation,people",minjok
korean_topik_1,k_0300,간,The interval between,gan
korean_topik_1,k_0301,조사,"investigation,inquiry",josa
korean_topik_1,k_0302,듯,To be like something,deut
korean_topik_1,k_0303,입,Mouth,ip
korean_topik_1,k_0304,뭐,Huh? (2) something,mwo
korean_topik_1,k_0305,그대로,Like that,geudaero
korean_topik_1,k_0306,영화,A movie,yeonghwa
korean_topik_1,k_0307,필요,"Need, requirement,necessity",piryo
korean_topik_1,k_0308,줄,"way,method",jul
korean_topik_1,k_0309,하늘,The sky,haneul
korean_topik_1,k_0310,년대,Year,nyeondae
korean_topik_1,k_0311,과학,Science,gwahak
korean_topik_1,k_0312,자연,Nature,jayeon
korean_topik_1,k_0313,정말,Really,jeongmal
korean_topik_1,k_0314,구조,Construction or structure,gujo
korean_topik_1,k_0315,결국,After all or in the end,gyeolguk
korean_topik_1,k_0316,밥,"Rice, a meal",bap
korean_topik_1,k_0317,입다,To wear,ipda
korean_topik_1,k_0318,오히려,"Rather,preferably",ohiryeo
korean_topik_1,k_0319,프로그램,Program,peurogeuraem
korean_topik_1,k_0320,네,Yes,ne
korean_topik_1,k_0321,이루어지다,"Get accomplished, achieved",irueojida
korean_topik_1,k_0322,남,"Others, other people",nam
korean_topik_1,k_0323,하루,A day,haru
korean_topik_1,k_0324,그림,A picture,geurim
korean_topik_1,k_0325,적,"The time,the occasion,when",jeok
korean_topik_1,k_0326,터,"one’s status, one’s lot",teo
korean_topik_1,k_0327,마시다,To drink,masida
korean_topik_1,k_0328,치다,"to attack, assault",chida
korean_topik_1,k_0329,혼자,Alone,honja
korean_topik_1,k_0330,나가다,"To advance, proceed, go forward",nagada
korean_topik_1,k_0331,이제,Now,ije
korean_topik_1,k_0332,교수,Teaching or instruction,gyosu
korean_topik_1,k_0333,술,Alcohol,sul
korean_topik_1,k_0334,사랑,Love,sarang
korean_topik_1,k_0335,전화,Telephone,jeonhwa
korean_topik_1,k_0336,끝나다,To draw to a close or to end,kkeunnada
korean_topik_1,k_0337,맞다,"Be right, correct; to match, be fitting for",matda
korean_topik_1,k_0338,아빠,Dad,appa
korean_topik_1,k_0339,걸리다,To be hung up or suspended,geollida
korean_topik_1,k_0340,지키다,"Protect, maintain",jikida
korean_topik_1,k_0341,한번,Once,hanbeon
korean_topik_1,k_0342,커피,Coffee,keopi
korean_topik_1,k_0343,가슴,Chest,gaseum
korean_topik_1,k_0344,길다,To be long,gilda
korean_topik_1,k_0345,바라보다,"Look at, watch ; to look forward to, hope for",baraboda
korean_topik_1,k_0346,알아보다,"To investigate, examine, search",araboda
korean_topik_1,k_0347,맛,Flavor,mat
korean_topik_1,k_0348,대부분,Most,daebubun
korean_topik_1,k_0349,산업,Industry,saneop
korean_topik_1,k_0350,매우,Very,maeu
korean_topik_1,k_0351,오르다,"Go up, climb, ascend",oreuda
korean_topik_1,k_0352,음식,Food,eumsik
korean_topik_1,k_0353,표정,"Facial expression, look",pyojeong
korean_topik_1,k_0354,꼭,For sure,kkok
korean_topik_1,k_0355,일부,"A part, a portion",ilbu
korean_topik_1,k_0356,요즘,"Recently, nowadays",yojeum
korean_topik_1,k_0357,계획,A plan or a project,gyehoek
korean_topik_1,k_0358,느낌,"Touch, feel",neukkim
korean_topik_1,k_0359,얼마,"How many, how much",eolma
korean_topik_1,k_0360,고개,The nape of the neck,gogae
korean_topik_1,k_0361,성격,"Personality ; character, nature",seonggyeok
korean_topik_1,k_0362,계속,Continuously,gyesok
korean_topik_1,k_0363,세기,Century,segi
korean_topik_1,k_0364,세우다,"Stand up, erect",seu-uda
korean_topik_1,k_0365,아내,Wife,anae
korean_topik_1,k_0366,가족,Family,gajok
korean_topik_1,k_0367,현재,"The present time, now, at present",hyeonjae
korean_topik_1,k_0368,세,Three,se
korean_topik_1,k_0369,발전,Development,baljeon
korean_topik_1,k_0370,차,"A vehicle, train/auto car",cha
korean_topik_1,k_0371,놀다,"Play, amuse oneself",nolda
korean_topik_1,k_0372,향하다,"To face, look out on",hyanghada
korean_topik_1,k_0373,관련,Relation or connection or reference,gwallyeon
korean_topik_1,k_0374,형태,"Form, shape",hyeongtae
korean_topik_1,k_0375,각,Each or every,gak
korean_topik_1,k_0376,도시,City,dosi
korean_topik_1,k_0377,작업,Work,jageop
korean_topik_1,k_0378,분위기,"atmosphere,surroundings",bunwigi
korean_topik_1,k_0379,그러하다,To be so or right,geureohada
korean_topik_1,k_0380,나이,Age,nai
korean_topik_1,k_0381,우선,"First of all, before everything",useon
korean_topik_1,k_0382,믿다,Believe,mitda
korean_topik_1,k_0383,바꾸다,"change,exchange",bakkuda
korean_topik_1,k_0384,낳다,To give birth,natcha
korean_topik_1,k_0385,바,"A thing, what",ba
korean_topik_1,k_0386,정보,"information,intelligence",jeongbo
korean_topik_1,k_0387,열리다,"Open, be opened, be unlocked",yeollida
korean_topik_1,k_0388,좋아하다,"To like, be fond of",joahada
korean_topik_1,k_0389,그리다,Picture or draw a picture,geurida
korean_topik_1,k_0390,만큼,Of that amount,mankeum
korean_topik_1,k_0391,배우다,To learn,baeuda
korean_topik_1,k_0392,시,"Poetry, lines of verse",si
korean_topik_1,k_0393,역할,"A part, a role",yeokhal
korean_topik_1,k_0394,옆,Next to,yeop
korean_topik_1,k_0395,행동,"Action, behavior",haengdong
korean_topik_1,k_0396,어,"Oh, well, why",eo
korean_topik_1,k_0397,국내,Inside the country,guknae
korean_topik_1,k_0398,비하다,Compare to,bihada
korean_topik_1,k_0399,기관,An engine or a machine,gigwan
korean_topik_1,k_0400,입장,"A position, situation",ipjang
korean_topik_1,k_0401,만하다,Be of the extent of,manhanda
korean_topik_1,k_0402,예,Example,ye
korean_topik_1,k_0403,아래,"The bottom, the lower part",arae
korean_topik_1,k_0404,방식,"A form, method, process",bangsik
korean_topik_1,k_0405,영향,"Influence, consequences",yeonghyang
korean_topik_1,k_0406,그럼,Certainly or of course.,geureom
korean_topik_1,k_0407,나서다,"Come out, come forth",naseoda
korean_topik_1,k_0408,흐르다,"Flow, stream",heureuda
korean_topik_1,k_0409,저,"Uh, well, …",jeo
korean_topik_1,k_0410,깊다,Deep,gipda
korean_topik_1,k_0411,배,A boat (boating),ba
korean_topik_1,k_0412,내,Inside,nae
korean_topik_1,k_0413,모양,"A shape, form",moyang
korean_topik_1,k_0414,산,A mountain,san
korean_topik_1,k_0415,새,New,sae
korean_topik_1,k_0416,하지만,"But, nevertheless",hajiman
korean_topik_1,k_0417,조건,"condition,stipulation",jokgeon
korean_topik_1,k_0418,문,Door,mun
korean_topik_1,k_0419,꽃,Flower,kkot
korean_topik_1,k_0420,단계,"A step, phase",dangye
korean_topik_1,k_0421,올리다,"Raise, lift up",ollida
korean_topik_1,k_0422,그동안,During that time,geudongan
korean_topik_1,k_0423,교사,Instructor,gyosa
korean_topik_1,k_0424,갑자기,Suddenly,gapjagi
korean_topik_1,k_0425,넘다,Cross or go across,neomda
korean_topik_1,k_0426,지니다,"Carry with, hold, possess",jinida
korean_topik_1,k_0427,바람,Wind,baram
korean_topik_1,k_0428,잘하다,To do well,jalhada
korean_topik_1,k_0429,마을,Town,maeul
korean_topik_1,k_0430,어리다,"To be very young, juvenile",eorida
korean_topik_1,k_0431,대표,Representative,daepyo
korean_topik_1,k_0432,가능성,Possibility,ganeungseong
korean_topik_1,k_0433,방향,Direction,banghyang
korean_topik_1,k_0434,대회,A great meeting,daehoe
korean_topik_1,k_0435,목소리,Voice,moksori
korean_topik_1,k_0436,노래,Song,norae
korean_topik_1,k_0437,바다,Sea,bada
korean_topik_1,k_0438,힘들다,"To be hard, difficult",himdeulda
korean_topik_1,k_0439,공부,Study,gongbu
korean_topik_1,k_0440,움직이다,"To move, stir",umjigida
korean_topik_1,k_0441,의원,A member,uiwon
korean_topik_1,k_0442,노력,Effort,nor yeok
korean_topik_1,k_0443,전혀,"entirely,utterly,completely",jeon hyeo
korean_topik_1,k_0444,언니,Older sister,eon ni
korean_topik_1,k_0445,단체,"A corps, a group",dan che
korean_topik_1,k_0446,분,One part,bun
korean_topik_1,k_0447,알려지다,To become known,al lyeo ji da
korean_topik_1,k_0448,가능하다,To be possible,ga neung ha da
korean_topik_1,k_0449,능력,"Ability, capability, how much and how well",neung nyeok
korean_topik_1,k_0450,주장하다,"To assert,maintain",ju jang ha da
korean_topik_1,k_0451,자식,one’s children,ja sik
korean_topik_1,k_0452,불,Fire,bul
korean_topik_1,k_0453,주민,"inhabitants,dwellers",jumin
korean_topik_1,k_0454,모으다,"gather,get together",mo-euda
korean_topik_1,k_0455,자료,"materials,data",jaryo
korean_topik_1,k_0456,존재,Existence,jonjae
korean_topik_1,k_0457,학년,A school year,haknyeon
korean_topik_1,k_0458,신문,A newspaper,sinmun
korean_topik_1,k_0459,가지다,Entertain or hold or have,gajida
korean_topik_1,k_0460,이해하다,To understand,ihaehada
korean_topik_1,k_0461,제품,Manufactured goods,jepum
korean_topik_1,k_0462,분야,Field,bunya
korean_topik_1,k_0463,선생,Teacher,seonsaeng
korean_topik_1,k_0464,사업,Business,saeop
korean_topik_1,k_0465,행위,"An act, deed, behavior",haengwi
korean_topik_1,k_0466,수준,Level,sujune
korean_topik_1,k_0467,지난해,Last year,jinaenhae
korean_topik_1,k_0468,표현,"Verbal expression, representation, manifestation",pyohyeon
korean_topik_1,k_0469,기분,Mood,gibun
korean_topik_1,k_0470,대,"Era, period",dae
korean_topik_1,k_0471,젊다,"To be young,youthful",jeomda
korean_topik_1,k_0472,옷,Clothes,ot
korean_topik_1,k_0473,기능,Function or functionality,ginyeong
korean_topik_1,k_0474,순간,"A moment,a second",sungan
korean_topik_1,k_0475,전쟁,War,jeonjaeng
korean_topik_1,k_0476,전,Before,jeon
korean_topik_1,k_0477,꿈,A Dream,kkum
korean_topik_1,k_0478,할머니,Grandmother,halmeoni
korean_topik_1,k_0479,회의,"A meeting, a conference",hoeui
korean_topik_1,k_0480,방송,Broadcast,bangsong
korean_topik_1,k_0481,이야기하다,To talk,iyagihada
korean_topik_1,k_0482,나무,Tree,namu
korean_topik_1,k_0483,자다,To sleep,jada
korean_topik_1,k_0484,연극,"drama,a play",yeongeuk
korean_topik_1,k_0485,마찬가지,The same,machangaji
korean_topik_1,k_0486,걷다,To walk,geodda
korean_topik_1,k_0487,노동,"Labor, work",nodong
korean_topik_1,k_0488,이때,"At this time, moment",itttae
korean_topik_1,k_0489,과거,The past,gwageo
korean_topik_1,k_0490,가치,Price,gachi
korean_topik_1,k_0491,시간,a Length of time (한시간 동안),sigan
korean_topik_1,k_0492,집단,"A group, a collective body",jipdan
korean_topik_1,k_0493,현대,"The present age, times",hyeondae
korean_topik_1,k_0494,살펴보다,Watch closely,salpyeoboda
korean_topik_1,k_0495,장관,A government cabinet minister,janggwan
korean_topik_1,k_0496,차이,"difference,disparity",chai
korean_topik_1,k_0497,풀다,"Untie, loosen ; to melt into",pulda
korean_topik_1,k_0498,시절,"season,time,occasion",sijeol
korean_topik_1,k_0499,물건,A thing,mulgeon
korean_topik_1,k_0500,직접,Directly,jikjeop
korean_topik_2,k_0501,개인,Private or individual,gaein
korean_topik_2,k_0502,근데,But or however,geunde
korean_topik_2,k_0503,발,Foot,bal
korean_topik_2,k_0504,작가,"writer,author",jakga
korean_topik_2,k_0505,효과,"Effect, effectiveness",hyogwa
korean_topik_2,k_0506,불교,Buddhism,bulgyo
korean_topik_2,k_0507,끌다,Pull,kkeulda
korean_topik_2,k_0508,대로,"Like, according to",daero
korean_topik_2,k_0509,빨리,Quickly,ppalli
korean_topik_2,k_0510,시작되다,"To begin,start",sijakdoeda
korean_topik_2,k_0511,말다,Cease,malda
korean_topik_2,k_0512,설명하다,To explain,seolmyeonghada
korean_topik_2,k_0513,우주,The universe,uju
korean_topik_2,k_0514,시기,"An opportunity,chance",sigi
korean_topik_2,k_0515,마치,"As though, as if",machi
korean_topik_2,k_0516,살,Years old,sal
korean_topik_2,k_0517,생산,1) production 2)birth,saengsan
korean_topik_2,k_0518,바라다,"Wish, hope",barada
korean_topik_2,k_0519,강하다,To be strong or powerful,ganghada
korean_topik_2,k_0520,경험,Experience or undergo or suffer,gyeongheom
korean_topik_2,k_0521,음악,Music,eumak
korean_topik_2,k_0522,최고,The best,chwego
korean_topik_2,k_0523,나타내다,"Show, display",natanaeda
korean_topik_2,k_0524,아프다,To hurt,apeuda
korean_topik_2,k_0525,적다,"To be small, few in number",jeokda
korean_topik_2,k_0526,비,Rain,bi
korean_topik_2,k_0527,고향,Hometown,gohyang
korean_topik_2,k_0528,놀라다,Be surprised,nollada
korean_topik_2,k_0529,다양하다,"To be various, diverse",dayanghada
korean_topik_2,k_0530,울다,"To cry, weep",ulda
korean_topik_2,k_0531,농민,A farmer,nongmin
korean_topik_2,k_0532,은행,A bank,eunhaeng
korean_topik_2,k_0533,지내다,"To pass, spend time",jinaeda
korean_topik_2,k_0534,결혼,Marriage,gyeolhon
korean_topik_2,k_0535,법,"A law, the law",beop
korean_topik_2,k_0536,소설,"A novel, fiction story",soseol
korean_topik_2,k_0537,예,"Yes, certainly, right",ye
korean_topik_2,k_0538,오후,The afternoon,ohu
korean_topik_2,k_0539,질서,"Order, system",jilseo
korean_topik_2,k_0540,담다,Put in a bottle,damda
korean_topik_2,k_0541,모이다,"Meet, assemble",moida
korean_topik_2,k_0542,시민,Residents of a city,simin
korean_topik_2,k_0543,회장,"Chariman, the president",hoeijang
korean_topik_2,k_0544,빠르다,"Be fast, quick",ppareuda
korean_topik_2,k_0545,스스로,"On its own, of its own free will",seuseuro
korean_topik_2,k_0546,아기,"baby,infant",agi
korean_topik_2,k_0547,아저씨,"Sir, calling an unknown male",ajeossi
korean_topik_2,k_0548,옛날,"Ancient times, antiquity",yennal
korean_topik_2,k_0549,이날,"Today, this day",inal
korean_topik_2,k_0550,제대로,As properly is suitable,jedaero
korean_topik_2,k_0551,달,The moon,dal
korean_topik_2,k_0552,던지다,To throw,deonjida
korean_topik_2,k_0553,참,"really,truly",cham
korean_topik_2,k_0554,공간,Space or room,gonggan
korean_topik_2,k_0555,이곳,"This place, here",igot
korean_topik_2,k_0556,마지막,"Last, final",majimak
korean_topik_2,k_0557,벌이다,(1) to plan to start a job/project (2) to play a table game,beorida
korean_topik_2,k_0558,병원,Hospital,byeongwon
korean_topik_2,k_0559,자세,"Position, posture",jase
korean_topik_2,k_0560,강조하다,Place empasis upon,gangjohada
korean_topik_2,k_0561,경찰,The police,gyeongchal
korean_topik_2,k_0562,맡다,Take charge of,matda
korean_topik_2,k_0563,저녁,Evening,jeonyeok
korean_topik_2,k_0564,한편,"One side, one way",hanpyeon
korean_topik_2,k_0565,그러면,If so or if that is the case,geureomyeon
korean_topik_2,k_0566,기자,A journalist,gija
korean_topik_2,k_0567,넓다,Broad,neolpda
korean_topik_2,k_0568,시험,A test,siheom
korean_topik_2,k_0569,잠,Sleep,jam
korean_topik_2,k_0570,주로,"principally,mainly",juro
korean_topik_2,k_0571,훨씬,"By far, very much so",hwolssin
korean_topik_2,k_0572,면,Side,myeon
korean_topik_2,k_0573,통일,Unification,tongil
korean_topik_2,k_0574,건강,Health,geongang
korean_topik_2,k_0575,가깝다,Close,gakkapda
korean_topik_2,k_0576,건물,Building,geonmul
korean_topik_2,k_0577,시설,"establishment,institution",siseol
korean_topik_2,k_0578,외국,A foreign country,oeguk
korean_topik_2,k_0579,밑,The bottom,mit
korean_topik_2,k_0580,어른,"A man, an adult",eoreun
korean_topik_2,k_0581,주변,A circumference,jubyeon
korean_topik_2,k_0582,대신,Instead of,daesin
korean_topik_2,k_0583,원인,"A cause,a factor",wonin
korean_topik_2,k_0584,팔다,To sell,palda
korean_topik_2,k_0585,차례,"(1) order,precedence (2) one time, one round",charye
korean_topik_2,k_0586,군,An army,gun
korean_topik_2,k_0587,열심히,"Enthusiastically,with zeal",yeolsimhi
korean_topik_2,k_0588,일하다,"To work, labor",ilhada
korean_topik_2,k_0589,재산,"property,fortune, assets, possessions",jaesan
korean_topik_2,k_0590,팀,Team,tim
korean_topik_2,k_0591,부모,Parents,bumo
korean_topik_2,k_0592,약간,Somewhat,yakgan
korean_topik_2,k_0593,언어,"language,speech",eoneo
korean_topik_2,k_0594,요구하다,"To demand,claim,request",yoguhada
korean_topik_2,k_0595,올라가다,"To go up, ascend",ollagada
korean_topik_2,k_0596,첫,First,cheot
korean_topik_2,k_0597,감독,The director,gamdok
korean_topik_2,k_0598,그날,That day or that same day,geunal
korean_topik_2,k_0599,사실,"Actually, really",sasil
korean_topik_2,k_0600,자주,"Always, constantly",jaju
korean_topik_2,k_0601,당하다,"Have, encounter",danghada
korean_topik_2,k_0602,삼다,Make a thing of,samda
korean_topik_2,k_0603,약,"About, approximately",yak
korean_topik_2,k_0604,기간,A period or a time or,gigan
korean_topik_2,k_0605,담배,Tobacco,dambae
korean_topik_2,k_0606,일으키다,"Riase, get up; start, commence",ireukida
korean_topik_2,k_0607,일단,Temporarily,ildan
korean_topik_2,k_0608,할아버지,Grandfather,harabeoji
korean_topik_2,k_0609,조직,"Organization (composition, structure)",jojik
korean_topik_2,k_0610,태어나다,"To be born, see the light of day",taeeonada
korean_topik_2,k_0611,공장,Construction site,gongjang
korean_topik_2,k_0612,벌써,Already,beolsseo
korean_topik_2,k_0613,즐기다,"Enjoy oneself,take pleasure,delight",jeulgida
korean_topik_2,k_0614,지,"since,from",ji
korean_topik_2,k_0615,환자,A patient,hwanja
korean_topik_2,k_0616,변하다,Change,byeonhada
korean_topik_2,k_0617,사고,An accident,sago
korean_topik_2,k_0618,그래도,All the same,geuraedo
korean_topik_2,k_0619,아무리,However much,amuri
korean_topik_2,k_0620,맞추다,"Adjust, adapt",matchuda
korean_topik_2,k_0621,쌀,Uncooked rice,ssal
korean_topik_2,k_0622,일반,"universal,common,usual",ilban
korean_topik_2,k_0623,재미있다,"interesting,fun",jaemiitda
korean_topik_2,k_0624,가르치다,To teach,gareuchida
korean_topik_2,k_0625,대화,Conversation,daehwa
korean_topik_2,k_0626,막다,"Stop, obstruct",makda
korean_topik_2,k_0627,올해,This year,olhae
korean_topik_2,k_0628,형,An elder brother,hyeong
korean_topik_2,k_0629,달리,Differently,dalli
korean_topik_2,k_0630,버리다,Throw away,beorida
korean_topik_2,k_0631,붙이다,"affix,put on",butida
korean_topik_2,k_0632,인물,"A man, a person",inmul
korean_topik_2,k_0633,늘,Always,neul
korean_topik_2,k_0634,모두,everything,modu
korean_topik_2,k_0635,전국,The whole country,jeonguk
korean_topik_2,k_0636,마치다,"Finish, complete",machida
korean_topik_2,k_0637,전,"all,every",jeon
korean_topik_2,k_0638,다만,"Only, merely",daman
korean_topik_2,k_0639,도움,Help,doum
korean_topik_2,k_0640,가정,Famly,gajeong
korean_topik_2,k_0641,걸다,Hang up or suspend,geolda
korean_topik_2,k_0642,빠지다,To fall into,ppajida
korean_topik_2,k_0643,멀다,To be far,meolda
korean_topik_2,k_0644,버스,Bus,beoseu
korean_topik_2,k_0645,오늘날,"These days, nowadays",oneulnal
korean_topik_2,k_0646,잠시,For a little while,jamsi
korean_topik_2,k_0647,농업,Agriculture,nongeop
korean_topik_2,k_0648,대다,"Put, place up to",daeda
korean_topik_2,k_0649,식,"form,style",sik
korean_topik_2,k_0650,의견,"An opinion,a suggestion",uigyeon
korean_topik_2,k_0651,무대,Stage,mudae
korean_topik_2,k_0652,사진,Picture,sajin
korean_topik_2,k_0653,주장,"assertion,insistance",jujang
korean_topik_2,k_0654,표현하다,"To express, make known by saying",pyohyeonhada
korean_topik_2,k_0655,인하다,"To be due to, caused by",inhada
korean_topik_2,k_0656,이상하다,"To be strange,queer",isanghada
korean_topik_2,k_0657,제일,The first,jeil
korean_topik_2,k_0658,붙다,"Stick, adhere to",butda
korean_topik_2,k_0659,아마,Probably,ama
korean_topik_2,k_0660,얘기하다,To tell a story,yaegihada
korean_topik_2,k_0661,잇다,"Join, connect",itda
korean_topik_2,k_0662,조금,A little,jogeum
korean_topik_2,k_0663,경기,Race or match or contest,gyeonggi
korean_topik_2,k_0664,목적,"goal,purpose",mokjeok
korean_topik_2,k_0665,태도,"attitude,comportment",taedo
korean_topik_2,k_0666,남성,Male,namseong
korean_topik_2,k_0667,주위,"The circumference,the girth",juwi
korean_topik_2,k_0668,대책,Countermeasure,daechaek
korean_topik_2,k_0669,그만,That much or a little amount,geuman
korean_topik_2,k_0670,발생하다,"Originate, come from",balsaehada
korean_topik_2,k_0671,다리,Leg,dari
korean_topik_2,k_0672,아무,"anybody,everybody",amu
korean_topik_2,k_0673,어쩌다,"By chance, accident",eojjeoda
korean_topik_2,k_0674,재료,"stuff,material",jaeryo
korean_topik_2,k_0675,각각,Each and every,gakgak
korean_topik_2,k_0676,결코,Never or by no means,gyeolko
korean_topik_2,k_0677,옮기다,"Move, transfer (2)(sickness) communicate, transfer to",omgida
korean_topik_2,k_0678,항상,Always,hangsang
korean_topik_2,k_0679,해,A year,hae
korean_topik_2,k_0680,잃다,"To lose, to miss, to be deprived",ilta
korean_topik_2,k_0681,자유,Freedom,jayu
korean_topik_2,k_0682,책임,Responsibility,chaegim
korean_topik_2,k_0683,바뀌다,Be changed,bakkwida
korean_topik_2,k_0684,비슷하다,To resemble,biseuthada
korean_topik_2,k_0685,심하다,"To be extreme,intense",simhada
korean_topik_2,k_0686,경쟁,Competition or rivalry,gyeongjaeng
korean_topik_2,k_0687,사랑하다,To love,saranghada
korean_topik_2,k_0688,아니,No!,ani
korean_topik_2,k_0689,여름,"summer,summertime",yeoreum
korean_topik_2,k_0690,자라다,To grow up,jarada
korean_topik_2,k_0691,회,"A time, an inning, a round in a game",hoe
korean_topik_2,k_0692,구체적,Concretely,guchejeok
korean_topik_2,k_0693,기회,An opportunity,gihoe
korean_topik_2,k_0694,실시하다,"To enforce,put into effect",silshihada
korean_topik_2,k_0695,지구,The earth,jigu
korean_topik_2,k_0696,번째,How many times,beonjjae
korean_topik_2,k_0697,소비자,A consumer,sobija
korean_topik_2,k_0698,싫다,"To not like, to hate",silta
korean_topik_2,k_0699,규모,Scale or scope or structure,gyumo
korean_topik_2,k_0700,기준,A standard or basis,gijun
korean_topik_2,k_0701,말,End,mal
korean_topik_2,k_0702,반드시,Most certainly,bandasi
korean_topik_2,k_0703,셈,"An intention,design,purpose",sem
korean_topik_2,k_0704,갖추다,Make or get ready or prepare,gachuda
korean_topik_2,k_0705,그러니까,And so it is that,geureonikka
korean_topik_2,k_0706,받아들이다,Accept,badadeurida
korean_topik_2,k_0707,값,Price,gap
korean_topik_2,k_0708,현장,"on site, on location, at the site in question",hyeonjang
korean_topik_2,k_0709,건설,Construction,geonseol
korean_topik_2,k_0710,꺼내다,To get out or draw out,kkeonaeda
korean_topik_2,k_0711,노동자,"Laborer, worker",nodongja
korean_topik_2,k_0712,언제나,"everytime,always",eonjena
korean_topik_2,k_0713,완전히,"completely,perfectly",wanjeonhi
korean_topik_2,k_0714,자동차,Car,jadongcha
korean_topik_2,k_0715,전하다,"To transmit,convey",jeonhada
korean_topik_2,k_0716,존재하다,To exist,jonjaehada
korean_topik_2,k_0717,개월,Each and every month,gaewol
korean_topik_2,k_0718,맞다,"receive,welcome (note, usually this is 맞히다)",matda
korean_topik_2,k_0719,별로,"Especially, particularly",byeollo
korean_topik_2,k_0720,어린이,"A youngster, a child",eorini
korean_topik_2,k_0721,정하다,"To set,determine",jeonghada
korean_topik_2,k_0722,한마디,One word,hanmadi
korean_topik_2,k_0723,유지하다,"To preserve, maintain",yujihada
korean_topik_2,k_0724,이데올로기,Ideology,ideollogi
korean_topik_2,k_0725,공부하다,To study,gongbuhada
korean_topik_2,k_0726,대중,The masses,daejung
korean_topik_2,k_0727,늘어나다,Grow longer,neureonada
korean_topik_2,k_0728,닦다,"Wipe clean, polish",dakda
korean_topik_2,k_0729,만,"As many as, full, complete",man
korean_topik_2,k_0730,말씀,Speech,malsseum
korean_topik_2,k_0731,괜찮다,To be okay,gwaenchanta
korean_topik_2,k_0732,눈물,A tear,nunmul
korean_topik_2,k_0733,각종,All sorts or varieties,gakjong
korean_topik_2,k_0734,빛,Light,bit
korean_topik_2,k_0735,아니,Not,ani
korean_topik_2,k_0736,피하다,"avoid,keep away",pihada
korean_topik_2,k_0737,거치다,Pass or go through,geochida
korean_topik_2,k_0738,나아가다,"Advance, go forward",naagada
korean_topik_2,k_0739,야,"(Word to get somebody’s attention) Hey!! (2) impolite speech for 이다, to be",ya
korean_topik_2,k_0740,지식,"Knowledge, information",jisik
korean_topik_2,k_0741,여전히,"As it used to be, as before ; still, persistently, even still",yeojeonhi
korean_topik_2,k_0742,주인,"The head of a family,the owner",juin
korean_topik_2,k_0743,발견하다,To discover,balgyeonhada
korean_topik_2,k_0744,선,"A line, a route",seon
korean_topik_2,k_0745,인류,The human race,illyu
korean_topik_2,k_0746,특징,"A special feature, a distinguishing feature",teukjing
korean_topik_2,k_0747,선수,An athlete,seonsu
korean_topik_2,k_0748,형식,"A form, formality, mold",hyeongsik
korean_topik_2,k_0749,마련하다,"To plan, arrange",maryeonhada
korean_topik_2,k_0750,반,Half,ban
korean_topik_2,k_0751,발표하다,To announce,balpyohada
korean_topik_2,k_0752,주제,"Subject, theme, topic",juje
korean_topik_2,k_0753,걸치다,1) put a thing over or across 2) to range from A to B,geolchida
korean_topik_2,k_0754,겪다,Experience or undergo or suffer,gyeokda
korean_topik_2,k_0755,관점,A point of view or a standpoint/outlook,gwanjeom
korean_topik_2,k_0756,귀,Ear,gwi
korean_topik_2,k_0757,기본,A foundation,gibon
korean_topik_2,k_0758,미터,Meter,miteo
korean_topik_2,k_0759,사라지다,To disappear,sarajida
korean_topik_2,k_0760,어떠하다,To be how,eotteohada
korean_topik_2,k_0761,감정,Feelings,gamjeong
korean_topik_2,k_0762,기억,A memory,gieok
korean_topik_2,k_0763,놈,A fellow,nom
korean_topik_2,k_0764,인기,Popularity,ingi
korean_topik_2,k_0765,배,Abdomen,bae
korean_topik_2,k_0766,아파트,Apartment,apateu
korean_topik_2,k_0767,가끔,Sometimes,gakkem
korean_topik_2,k_0768,구성,"Organization or constitution , the framework of something",guseong
korean_topik_2,k_0769,술,Spoonful,sul
korean_topik_2,k_0770,실제로,In reality,siljero
korean_topik_2,k_0771,짧다,"Short, brief",jjalpda
korean_topik_2,k_0772,고맙다,To thank,gomapda
korean_topik_2,k_0773,관리,Management or administration,gwalli
korean_topik_2,k_0774,그곳,That place,geugot
korean_topik_2,k_0775,보다,"More than, greater than ….",boda
korean_topik_2,k_0776,비롯하다,"begin,start",birothada
korean_topik_2,k_0777,과연,Just as one thought,gwayeon
korean_topik_2,k_0778,달리다,"run, make do fast",dallida
korean_topik_2,k_0779,바쁘다,Busy,bappeuda
korean_topik_2,k_0780,이전,Former days/times,ijeon
korean_topik_2,k_0781,인정하다,"To acknowledge,authorize",injeonghada
korean_topik_2,k_0782,자,A person,ja
korean_topik_2,k_0783,중앙,The middle and the heart,jungang
korean_topik_2,k_0784,나쁘다,To be bad,nappeuda
korean_topik_2,k_0785,불구하다,"Deformity, malformation",bulguhada
korean_topik_2,k_0786,시키다,To make,sikida
korean_topik_2,k_0787,게임,Game,geim
korean_topik_2,k_0788,국제,International,gukje
korean_topik_2,k_0789,그룹,Group,geurup
korean_topik_2,k_0790,인생,Life,insaeng
korean_topik_2,k_0791,전통,"tradition,convention",jeontong
korean_topik_2,k_0792,기르다,Educate or train or cultivate,gireuda
korean_topik_2,k_0793,잔,"A cup, wine glass",jan
korean_topik_2,k_0794,조사하다,"To examine,investigate",josahada
korean_topik_2,k_0795,커다랗다,To be very big/large,keodareota
korean_topik_2,k_0796,있다,To be,itda
korean_topik_2,k_0797,시인,A poet,siin
korean_topik_2,k_0798,언제,"when,at what time",eonje
korean_topik_2,k_0799,외,"Except, save for",oe
korean_topik_2,k_0800,평가,"Evaluation, appraisal",pyeongga
korean_topik_2,k_0801,내려오다,Come down,naeryeooda
korean_topik_2,k_0802,위치,"A position, a location",wichi
korean_topik_2,k_0803,줄이다,"reduce,decrease",jurida
korean_topik_2,k_0804,가격,Price,gagyeok
korean_topik_2,k_0805,달라지다,"To change, vary",dallajida
korean_topik_2,k_0806,비다,"To be empty, vacant",bida
korean_topik_2,k_0807,삼국,Three countries,samguk
korean_topik_2,k_0808,손님,Customer,sonnim
korean_topik_2,k_0809,원하다,To want,wonhada
korean_topik_2,k_0810,통신,"communications,correspondance",tongsin
korean_topik_2,k_0811,확인하다,"To confirm,corroborate",hwaginhada
korean_topik_2,k_0812,모임,"A group, a party",moim
korean_topik_2,k_0813,수,The number of sth,su
korean_topik_2,k_0814,웃음,"Laughter, a smile",useum
korean_topik_2,k_0815,기계,An instrument or a machine,gigye
korean_topik_2,k_0816,모양,"signs,indications",moyang
korean_topik_2,k_0817,물질,"matter,material",muljil
korean_topik_2,k_0818,아나운서,Announcer,anawonseo
korean_topik_2,k_0819,뉴스,News,nyuseu
korean_topik_2,k_0820,살아가다,"Lead a life, get along",saragada
korean_topik_2,k_0821,펴다,"Spread out, unfold",pyeoda
korean_topik_2,k_0822,배,"Times, x-fold",bae
korean_topik_2,k_0823,수업,"school,teaching",sueop
korean_topik_2,k_0824,겨울,Winter,gyeoul
korean_topik_2,k_0825,종교,"religion,a faith",jonggyo
korean_topik_2,k_0826,층,"floor,grade,class",cheung
korean_topik_2,k_0827,자연스럽다,To be natural,jayeonseureopda
korean_topik_2,k_0828,장,One piece of sth flat,jang
korean_topik_2,k_0829,식사,A meal,siksa
korean_topik_2,k_0830,안다,"To hold, embrace",anda
korean_topik_2,k_0831,이해,Understanding,ihae
korean_topik_2,k_0832,잊다,To forget,itda
korean_topik_2,k_0833,제시하다,To present,jesihada
korean_topik_2,k_0834,반,"Group, company, party",ban
korean_topik_2,k_0835,불과하다,Nothing more than,bulgwahada
korean_topik_2,k_0836,혹은,If that’s not the case,hogeun
korean_topik_2,k_0837,엄청나다,"To be absurd,wild,terribly large",eomcheongnada
korean_topik_2,k_0838,편,"Direction, way (the wind is blowing that ~)",pyeon
korean_topik_2,k_0839,텔레비전,Television,tellebijeon
korean_topik_2,k_0840,파악하다,"Grasp, seize, understand",paakhada
korean_topik_2,k_0841,편,"Compilation, editing",pyeon
korean_topik_2,k_0842,실천,Practice,silcheon
korean_topik_2,k_0843,노력하다,"To try hard, strive",noryeokhada
korean_topik_2,k_0844,보호,"protection,shelter",boho
korean_topik_2,k_0845,씻다,"To wash,cleanse",ssitda
korean_topik_2,k_0846,늦다,To be late (time),neutda
korean_topik_2,k_0847,이웃,The neighborhood,iut
korean_topik_2,k_0848,편지,Letter,pyeonji
korean_topik_2,k_0849,공동,Association or union or collaboration,gongdong
korean_topik_2,k_0850,까닭,Reason,kkada
korean_topik_2,k_0851,방안,"A plan, scheme",bang-an
korean_topik_2,k_0852,센티미터,Centimeter,sentimiteo
korean_topik_2,k_0853,팔,An arm,pal
korean_topik_2,k_0854,분명하다,To be clear/obvious,bunmyeonghada
korean_topik_2,k_0855,분석,Analysis,bunseok
korean_topik_2,k_0856,소녀,A young girl,sonyeo
korean_topik_2,k_0857,지나가다,"To pass, elapse",jinagada
korean_topik_2,k_0858,차,"order,sequence,degree",cha
korean_topik_2,k_0859,상품,Product,sangpum
korean_topik_2,k_0860,설명,Explanation,seolmyeong
korean_topik_2,k_0861,훌륭하다,To be excellent,hullyunghada
korean_topik_2,k_0862,관계자,The interested or affected parties,gwangyeja
korean_topik_2,k_0863,새로,"newly,anew",saero
korean_topik_2,k_0864,세,Age in years,se
korean_topik_2,k_0865,이어지다,"Get joined, be connected",ieojida
korean_topik_2,k_0866,티브이,TV,tibeui
korean_topik_2,k_0867,봄,Spring,bom
korean_topik_2,k_0868,종류,"kind,sort,species",jongnyu
korean_topik_2,k_0869,낮다,Be low,natda
korean_topik_2,k_0870,어깨,Shoulder,eokkae
korean_topik_2,k_0871,부부,Man and wife,bubu
korean_topik_2,k_0872,오래,"Long, for a long time",orae
korean_topik_2,k_0873,요구,"A demand, claim, request",yogu
korean_topik_2,k_0874,키우다,"To raise, bring up, rear",kiuda
korean_topik_2,k_0875,눕다,Lie down,nipda
korean_topik_2,k_0876,발전하다,"To develop, grow",baljeonhada
korean_topik_2,k_0877,여행,Trip,yeohaeng
korean_topik_2,k_0878,죽음,Death,jugeum
korean_topik_2,k_0879,고통,Suffering or agony,gotong
korean_topik_2,k_0880,공,Ball,gong
korean_topik_2,k_0881,어울리다,"To be becoming, suiting",eoullida
korean_topik_2,k_0882,오월,May,owol
korean_topik_2,k_0883,쉬다,"to relax, take a break",swida
korean_topik_2,k_0884,알리다,"To inform, tell a person",allida
korean_topik_2,k_0885,차다,"To be full, to be filled with (PASSIVE)",chada
korean_topik_2,k_0886,과,A lesson or a section or a department,gwa
korean_topik_2,k_0887,멀리,Far away,meolli
korean_topik_2,k_0888,빼다,"Pull out, extract",ppaeda
korean_topik_2,k_0889,예정,"A program, schedule",yejeong
korean_topik_2,k_0890,오빠,Older brother,oppa
korean_topik_2,k_0891,즐겁다,"Be pleasant,agreeable",jeulgeopda
korean_topik_2,k_0892,한계,"Boundary, limits",hangye
korean_topik_2,k_0893,흔히,"Generally, commonly ; often",heunhi
korean_topik_2,k_0894,바탕,"Natural disposition ; to go all out in a fight, 아주 크게 싸우다 ; the background",batang
korean_topik_2,k_0895,사월,April,sawol
korean_topik_2,k_0896,싸우다,To fight,ssaunda
korean_topik_2,k_0897,예쁘다,"Pretty, lovely",yeppeuda
korean_topik_2,k_0898,갈등,Conflict or troubles,galdeung
korean_topik_2,k_0899,느껴지다,Feel,neukkyeojida
korean_topik_2,k_0900,의지,"will,volition",uiji
korean_topik_2,k_0901,전문,A specialty,jeonmun
korean_topik_2,k_0902,정확하다,To be exact,jeonghwakhada
korean_topik_2,k_0903,초기,"The early days, the initial period",chogi
korean_topik_2,k_0904,나중,"The last, the latter part",najung
korean_topik_2,k_0905,맛있다,Delicious,masitda
korean_topik_2,k_0906,며칠,How many days,myeochil
korean_topik_2,k_0907,쓴 맛,see 6000,sseun mat
korean_topik_2,k_0908,찾아오다,"To go meet somebody, to go get sth",chajaoda
korean_topik_2,k_0909,미,"beauty,grace",mi
korean_topik_2,k_0910,사용,"use,emply",sayong
korean_topik_2,k_0911,시선,one’s line of vision,siseon
korean_topik_2,k_0912,아무런,No sort of,amureon
korean_topik_2,k_0913,언론,"A speech, discussion",eollon
korean_topik_2,k_0914,투자,Investment,tuja
korean_topik_2,k_0915,지원,"helping, supporting, aiding",jiwon
korean_topik_2,k_0916,결정하다,To decide,gyeoljeonghada
korean_topik_2,k_0917,경영,Management or administration,gyeongyeong
korean_topik_2,k_0918,목표,"goal,object",mokpyo
korean_topik_2,k_0919,성장,Growth,seongjang
korean_topik_2,k_0920,숲,Forest,sup
korean_topik_2,k_0921,없어지다,"To lose, get lost",eopseojida
korean_topik_2,k_0922,작년,Last year,jaknyeon
korean_topik_2,k_0923,내려가다,To go down,naeryeogada
korean_topik_2,k_0924,미치다,To reach,michida
korean_topik_2,k_0925,새벽,"dawn,daybreak",saebyeok
korean_topik_2,k_0926,쓰레기,Garbage,sseuregi
korean_topik_2,k_0927,얼른,"Fast, quickly, rapidly",eolleun
korean_topik_2,k_0928,임금,"Wages, pay",imgeum
korean_topik_2,k_0929,피해,Damage,pihae
korean_topik_2,k_0930,한,A limit,han
korean_topik_2,k_0931,무섭다,"fearful,dreadful",museopda
korean_topik_2,k_0932,직장,one’s work place,jikjang
korean_topik_2,k_0933,참다,"Bear, endure",chamda
korean_topik_2,k_0934,크기,"Size, dimensions",keugi
korean_topik_2,k_0935,고기,Meat,gogi
korean_topik_2,k_0936,남기다,To leave behind,namgida
korean_topik_2,k_0937,서양,The Western countries,seoyang
korean_topik_2,k_0938,주요,"The major, the chief thing",juyo
korean_topik_2,k_0939,가져오다,To bring or get,gajyeooda
korean_topik_2,k_0940,냄새,Smell,naemsae
korean_topik_2,k_0941,부드럽다,"soft,tender",budeureopda
korean_topik_2,k_0942,여기다,"Think, consider as",yeogida
korean_topik_2,k_0943,이,"this,this thing",i
korean_topik_2,k_0944,공연,A public performance,gongyeon
korean_topik_2,k_0945,남녀,Man and woman,namnyeo
korean_topik_2,k_0946,내놓다,"Put out, take out",naenota
korean_topik_2,k_0947,만들어지다,"Make, create",mandeureojida
korean_topik_2,k_0948,속도,Speed,sokdo
korean_topik_2,k_0949,심각하다,"seriousness,gravity",simgakhada
korean_topik_2,k_0950,준비,Preparation,junbi
korean_topik_2,k_0951,계속되다,To continue,gyesokdoeda
korean_topik_2,k_0952,구월,September,guwol
korean_topik_2,k_0953,맑다,"clean,pure",makda
korean_topik_2,k_0954,소년,A boy,sonyeon
korean_topik_2,k_0955,소식,"News, information",sosik
korean_topik_2,k_0956,유월,June,yuwol
korean_topik_2,k_0957,작용,Application,jagyong
korean_topik_2,k_0958,허리,"The waist, the small of the back",heori
korean_topik_2,k_0959,골,Goal,gol
korean_topik_2,k_0960,공업,The industry or manufacturing industry,gong-eop
korean_topik_2,k_0961,그중,Among the rest of them,geujung
korean_topik_2,k_0962,노인,Old person,noin
korean_topik_2,k_0963,벌다,"To earn (money) ; (2) to invite, to bring onto oneself",beolda
korean_topik_2,k_0964,살리다,"1) revive, bring around, restore to life 2) save,spare,rescue",sallida
korean_topik_2,k_0965,새,A bird,sae
korean_topik_2,k_0966,영어,The english language,yeongeo
korean_topik_2,k_0967,출신,"A native, place one is from",chulsin
korean_topik_2,k_0968,결정,A decision or determination,gyeoljeong
korean_topik_2,k_0969,경향,Tendency or trend,gyeonghyang
korean_topik_2,k_0970,기록,A record or a document,girok
korean_topik_2,k_0971,나름,Depending on,nareum
korean_topik_2,k_0972,대답하다,"To answer, reply",daedapada
korean_topik_2,k_0973,반면,One side,banmyeon
korean_topik_2,k_0974,썰다,"Chip, mince,dice",sseolda
korean_topik_2,k_0975,움직임,"movement,motion,activity",umjigim
korean_topik_2,k_0976,이미지,Image,imiji
korean_topik_2,k_0977,터지다,"Break, be torn, get away from",teojida
korean_topik_2,k_0978,특성,"A special/unique characteristic (individuality making, peculiarity)",teukseong
korean_topik_2,k_0979,교장,Principal,gyojaeng
korean_topik_2,k_0980,벗다,"Take off, remove",beotda
korean_topik_2,k_0981,업무,"Buisness, duty",eommu
korean_topik_2,k_0982,입시,An entrance examination,ipsi
korean_topik_2,k_0983,준비하다,To prepare,junbihada
korean_topik_2,k_0984,청소년,"Young boys and girls, teenagers",cheongsonyeon
korean_topik_2,k_0985,응,"Yes, i see!",eung
korean_topik_2,k_0986,이기다,To win,igida
korean_topik_2,k_0987,찾아보다,To go meet somebody,chajaboda
korean_topik_2,k_0988,취하다,"To adopt, assume, take",chwihada
korean_topik_2,k_0989,다루다,"Treat, deal with",daruda
korean_topik_2,k_0990,달,The moon,dal
korean_topik_2,k_0991,사장,Company boss,sajang
korean_topik_2,k_0992,삼월,March,samwol
korean_topik_2,k_0993,그렇지만,But or however,geureochiman
korean_topik_2,k_0994,선배,one’s senior,seonbae
korean_topik_2,k_0995,업체,A business enterprise,eopche
korean_topik_2,k_0996,키,"stature,height",ki
korean_topik_2,k_0997,구하다,1) To buy or purchase or 2) look for or seek or want,guhada
korean_topik_2,k_0998,국회,The National Assembly,gukhoe
korean_topik_2,k_0999,그러므로,So or hence or therefore,geureomeuro
korean_topik_2,k_1000,포함하다,"To include,contain",pohamhada
korean_topik_3,k_1001,걱정,Worry,geokjeong
korean_topik_3,k_1002,결혼하다,Get married,gyeolhonhada
korean_topik_3,k_1003,만약,If,manyak
korean_topik_3,k_1004,바르다,Be straight; be honest,bareuda
korean_topik_3,k_1005,세월,"The times, things",sewol
korean_topik_3,k_1006,숨,A breath,sum
korean_topik_3,k_1007,행사,"An event, a function",haengsa
korean_topik_3,k_1008,깨닫다,to realize sth,kkaedatda
korean_topik_3,k_1009,누나,Older sister,nuna
korean_topik_3,k_1010,신,God,sin
korean_topik_3,k_1011,왕,King,wang
korean_topik_3,k_1012,점점,"More and more, by degrees",jeomjeom
korean_topik_3,k_1013,질문,"A question, a query",jilmun
korean_topik_3,k_1014,특별,"Be special, extraordinary",teukbyeol
korean_topik_3,k_1015,판단,"A judgment, a conclusion",pandan
korean_topik_3,k_1016,해결하다,"To fix a problem, solve a question",haegyeolhada
korean_topik_3,k_1017,거리,Distance,geori
korean_topik_3,k_1018,계속하다,To continue,gyesokada
korean_topik_3,k_1019,그치다,Stop or cease or halt,geuchida
korean_topik_3,k_1020,근처,Nearby or the vicinity,geuncheo
korean_topik_3,k_1021,너무나,Extremely,neomuna
korean_topik_3,k_1022,높이다,"Raise, elevate",nopida
korean_topik_3,k_1023,부정,"injustice,wrongfulness",bujeong
korean_topik_3,k_1024,사정,Circumstances,sajeong
korean_topik_3,k_1025,도대체,"In the world, on earth",dodaeche
korean_topik_3,k_1026,막,"Carelessly, at random",mak
korean_topik_3,k_1027,부모님,Parents,bumonim
korean_topik_3,k_1028,수출,Exporting sth,suchul
korean_topik_3,k_1029,계시다,(someone esteemed) to stay or be located,gyesida
korean_topik_3,k_1030,그,That,geu
korean_topik_3,k_1031,자르다,"cut,chop",jareuda
korean_topik_3,k_1032,데리다,Be accompanied by,derida
korean_topik_3,k_1033,마리,Number of animals,mari
korean_topik_3,k_1034,무척,Extremely,mucheok
korean_topik_3,k_1035,비용,Expense,biyong
korean_topik_3,k_1036,비행기,An airplane,bihaenggi
korean_topik_3,k_1037,옳다,"To be right, correct",olta
korean_topik_3,k_1038,원래,"originally,primarily",wollae
korean_topik_3,k_1039,처리,"handling,treatment",cheori
korean_topik_3,k_1040,최초,"In the very first, in the beginning",choecho
korean_topik_3,k_1041,꼴,Shape or form or appearance,kkol
korean_topik_3,k_1042,놀이,"Play, game",nori
korean_topik_3,k_1043,뿌리,A root,ppuri
korean_topik_3,k_1044,수입,Importing sth,suip
korean_topik_3,k_1045,초,"Initial, in the beginning, first",cho
korean_topik_3,k_1046,그리하여,And then or and so or and now,geurihayeo
korean_topik_3,k_1047,낮,Daytime,nat
korean_topik_3,k_1048,일찍,Early,iljjik
korean_topik_3,k_1049,직원,Staff,jigwon
korean_topik_3,k_1050,찍다,Stamp with a dojang,jjikda
korean_topik_3,k_1051,가볍다,Light,gabyeopda
korean_topik_3,k_1052,내부,The inside,naebu
korean_topik_3,k_1053,다소,"1) Large and small, 2) more or less",daso
korean_topik_3,k_1054,상대,"counterpart,companion,rival",sangdae
korean_topik_3,k_1055,오전,Morning,ojeon
korean_topik_3,k_1056,피부,Skin,pibu
korean_topik_3,k_1057,가게,Store,gage
korean_topik_3,k_1058,가득,Full,gadeuk
korean_topik_3,k_1059,그저,1) still or all the time 2) easily or with no effort,geujeo
korean_topik_3,k_1060,도,Degrees (temperature),do
korean_topik_3,k_1061,벽,A wall,byeok
korean_topik_3,k_1062,장군,A general,janggun
korean_topik_3,k_1063,무역,Trade,muyeok
korean_topik_3,k_1064,부담,"A burden,responsibility",budam
korean_topik_3,k_1065,약속,A promise,yaksok
korean_topik_3,k_1066,인사,Greetings,insa
korean_topik_3,k_1067,줄,"Line, row, chord",jul
korean_topik_3,k_1068,쳐다보다,To look up at,chyeodaboda
korean_topik_3,k_1069,충분히,"Enough, sufficiently",chungbunhi
korean_topik_3,k_1070,신체,The body,sinche
korean_topik_3,k_1071,에너지,Energy,eneoji
korean_topik_3,k_1072,위원,A member of a committee,wiwon
korean_topik_3,k_1073,정리하다,To adjust,jeongnihada
korean_topik_3,k_1074,집안,Inside the house,jipan
korean_topik_3,k_1075,배경,Background,baegyeong
korean_topik_3,k_1076,죽이다,To kill,jugida
korean_topik_3,k_1077,단순하다,Be simple-minded,dansunhada
korean_topik_3,k_1078,반대,Opposite and being opposed to (objecting to),bandae
korean_topik_3,k_1079,법칙,"A law, a rule",beopchik
korean_topik_3,k_1080,빠지다,"To indulge in, be addicted to",ppajida
korean_topik_3,k_1081,소금,Salt,sogeum
korean_topik_3,k_1082,오염,"Contamination, pollution",oyeom
korean_topik_3,k_1083,자전거,Bicycle,jajeongeo
korean_topik_3,k_1084,참여하다,"To participate in, take part in",chamyeohada
korean_topik_3,k_1085,탓,"fault,blame",tat
korean_topik_3,k_1086,푸르다,"To be blue, to be green",pureuda
korean_topik_3,k_1087,걔,Child,gyae
korean_topik_3,k_1088,그래,Yes or that’s right,geurae
korean_topik_3,k_1089,목,The neck,mok
korean_topik_3,k_1090,발표,Announcement,balpyo
korean_topik_3,k_1091,범죄,A crime,beomjoe
korean_topik_3,k_1092,위,"Position, grade, rank",wi
korean_topik_3,k_1093,흔들다,"Shake, sway",heundeulda
korean_topik_3,k_1094,기초,The foundation,gicho
korean_topik_3,k_1095,논리,Logic,nolli
korean_topik_3,k_1096,뽑다,"Pull out, draw",ppopda
korean_topik_3,k_1097,피우다,"To make, build, kindle",piuda
korean_topik_3,k_1098,감각,Sense or sensation or feeling,gamgak
korean_topik_3,k_1099,미리,Beforehand,miri
korean_topik_3,k_1100,부족하다,"Be short of, lack",bujokhada
korean_topik_3,k_1101,저희,We,jeohui
korean_topik_3,k_1102,진행되다,"To have progressed, be advanced",jinhaengdoeda
korean_topik_3,k_1103,교통,Traffic or transportation,gyotong
korean_topik_3,k_1104,기구,Structure or framework,gigu
korean_topik_3,k_1105,법,"A way, a method",beop
korean_topik_3,k_1106,오랜,For a long time,oraen
korean_topik_3,k_1107,젊은이,Young person,jeolmeuni
korean_topik_3,k_1108,후보,"candidature,candidacy",hubo
korean_topik_3,k_1109,거리,A road or street,geori
korean_topik_3,k_1110,과제,A subject or a thesis or homework; an exercise/a problem,gwaje
korean_topik_3,k_1111,근거,Basis or foundation,geungeo
korean_topik_3,k_1112,기록하다,To record and write down,girokada
korean_topik_3,k_1113,다가오다,Approach,dagaoda
korean_topik_3,k_1114,불다,Blow,bulda
korean_topik_3,k_1115,시각,angle/point of view. 관점.,sigak
korean_topik_3,k_1116,이끌다,"To guide,lead",ikkeulda
korean_topik_3,k_1117,종합,Synthesis,jonghap
korean_topik_3,k_1118,한글,Korean writing system,Hangeul
korean_topik_3,k_1119,가을,Autumn or fall,ga-eul
korean_topik_3,k_1120,개발하다,Develop or exploit or open up to development,gaebalhada
korean_topik_3,k_1121,내일,Tomorrow,naeil
korean_topik_3,k_1122,매일,Every day,maeil
korean_topik_3,k_1123,손가락,a finger,sonkarag
korean_topik_3,k_1124,수단,"means,way",sudan
korean_topik_3,k_1125,자,Well!!,ja
korean_topik_3,k_1126,자유롭다,To be free,jayuropda
korean_topik_3,k_1127,적극적,Positively,jeokgeukjeok
korean_topik_3,k_1128,판매,"Sale, selling",panmae
korean_topik_3,k_1129,형성,Formation,hyeongseong
korean_topik_3,k_1130,기울이다,Tip or slant or incline,giurida
korean_topik_3,k_1131,길이,Length or extent,giri
korean_topik_3,k_1132,장면,"A scene, situation",jangmyeon
korean_topik_3,k_1133,점차,"gradually,in steps",jeomcha
korean_topik_3,k_1134,톤,A ton,ton
korean_topik_3,k_1135,관련되다,Be connected or related to,gwallyeondoeda
korean_topik_3,k_1136,급,Class or grade or rank,geup
korean_topik_3,k_1137,나머지,"The rest, the remainder ; as a result of the excess of, as a result",nameoji
korean_topik_3,k_1138,날씨,Weather,nalssi
korean_topik_3,k_1139,더불다,"Join in, do together",deobulda
korean_topik_3,k_1140,의사,"A doctor, a physician",uisa
korean_topik_3,k_1141,개방,Open or throw open,gaebang
korean_topik_3,k_1142,건강하다,To be healthy,geonganghada
korean_topik_3,k_1143,미래,Future,mirae
korean_topik_3,k_1144,앞서,"Before, previously 2) in anticipation,beforehand",apseo
korean_topik_3,k_1145,여러분,"You (plural, to address a group at speech time)",yeoreobun
korean_topik_3,k_1146,왜냐하면,Because,waenyahamyeon
korean_topik_3,k_1147,인구,Population,ingu
korean_topik_3,k_1148,기대하다,To expect or look forward to,gidaeha-da
korean_topik_3,k_1149,네,You,ne
korean_topik_3,k_1150,도착하다,To arrive,dochakhada
korean_topik_3,k_1151,병,Sickness,byeong
korean_topik_3,k_1152,소프트웨어,Software,sopeuteuweeo
korean_topik_3,k_1153,흘리다,"spill,shed (tears,blood)",heullida
korean_topik_3,k_1154,반응,Reaction,baneung
korean_topik_3,k_1155,주인공,"The head of a family, the hero/heroine",juingong
korean_topik_3,k_1156,당연하다,"Be natural, be no wonder",dangyeonhada
korean_topik_3,k_1157,비판,"criticism,a comment",bipan
korean_topik_3,k_1158,빌리다,To lend,billida
korean_topik_3,k_1159,세대,Generation,sedae
korean_topik_3,k_1160,축구,Football,chukgu
korean_topik_3,k_1161,형님,"The respectful, proper way a man refers to an older friend",hyeongnim
korean_topik_3,k_1162,놓이다,Be put on sth else (2) to become peaceful,noida
korean_topik_3,k_1163,당장,"On the spot, immediately",dangjang
korean_topik_3,k_1164,무렵,The time when,muryeop
korean_topik_3,k_1165,밝다,To be promising,balkda
korean_topik_3,k_1166,사물,"objects,things",samul
korean_topik_3,k_1167,일반적,"Universal, general",ilbanjeok
korean_topik_3,k_1168,장소,Place,jangso
korean_topik_3,k_1169,곱다,Beautiful,gopda
korean_topik_3,k_1170,바닥,Floor,badak
korean_topik_3,k_1171,새끼,Baby animal,saekki
korean_topik_3,k_1172,생각되다,To come to think sth,saenggakdoeda
korean_topik_3,k_1173,서비스,Service,seobiseu
korean_topik_3,k_1174,선택하다,To choose,seontaekada
korean_topik_3,k_1175,심다,"plant,sow (a tree)",simda
korean_topik_3,k_1176,적다,Write down,jeokda
korean_topik_3,k_1177,코,The nose,ko
korean_topik_3,k_1178,간단하다,To be simple,gandanada
korean_topik_3,k_1179,고등학교,A senior high school,godeunghakgyo
korean_topik_3,k_1180,공개,"opening to the public, making public",gonggae
korean_topik_3,k_1181,교실,Classroom,gyosil
korean_topik_3,k_1182,스스로,"By oneself, do it alone",seuseuro
korean_topik_3,k_1183,견디다,Endure or bear,gyeondida
korean_topik_3,k_1184,기사,An article or an account,gisa
korean_topik_3,k_1185,막히다,Be stopped up,makhida
korean_topik_3,k_1186,매체,"A medium,medias",maechye
korean_topik_3,k_1187,별,A star,byeol
korean_topik_3,k_1188,복잡하다,Be complicated,bokjapada
korean_topik_3,k_1189,뿌리다,"sprinkle,scatter",ppurida
korean_topik_3,k_1190,영역,Territory,yeongyeok
korean_topik_3,k_1191,체험,An experience,chyeheom
korean_topik_3,k_1192,구속,To arrest or put in detention,gu sok
korean_topik_3,k_1193,어쩌면,"(1) it is possible that 아마도 2) how on earth, how the hell",eojjeomyeon
korean_topik_3,k_1194,극복하다,To overcome or surmount,geukbokhada
korean_topik_3,k_1195,불법,Illegal,bulbeop
korean_topik_3,k_1196,비밀,A secret,bimil
korean_topik_3,k_1197,색,Color,saek
korean_topik_3,k_1198,쓰이다,"To be used, to be utilized/employed",sse uida
korean_topik_3,k_1199,일정하다,"To be regular, established, uniform ; changeless, constant, certain, definite ; invariable (mathematics)",iljeonghada
korean_topik_3,k_1200,다지다,"Make sure, to harden oneself, firm up one\\`s will",dajida
korean_topik_3,k_1201,아까,A little while ago,akka
korean_topik_3,k_1202,알맞다,"To fit, be fitting, suitable",almaita
korean_topik_3,k_1203,이념,"An idea, a doctrine, ideology",inyeom
korean_topik_3,k_1204,희다,"White, fair",huida
korean_topik_3,k_1205,가리키다,Point to or indicate,garikida
korean_topik_3,k_1206,모시다,Attend on,mosida
korean_topik_3,k_1207,발달,"Development, growth",baldal
korean_topik_3,k_1208,수많다,Many and many,sumanta
korean_topik_3,k_1209,치르다,"Pay off, pay one’s bill",chireuda
korean_topik_3,k_1210,평화,Peace,pyeonghwa
korean_topik_3,k_1211,공사,Construction work or engineering work,gongsa
korean_topik_3,k_1212,박사,Doctor,baksa
korean_topik_3,k_1213,성,"a sex (male or female), a sexual gender",seong
korean_topik_3,k_1214,전문가,A specialist,jeonmunga
korean_topik_3,k_1215,단지,"Simple, merely",danji
korean_topik_3,k_1216,말씀하다,Speak,malsseumhada
korean_topik_3,k_1217,무용,"dancing,a dance",muyong
korean_topik_3,k_1218,불리다,To be called,bullida
korean_topik_3,k_1219,싸움,A fight,ssaum
korean_topik_3,k_1220,자꾸,"Constantly, repeatedly",jakku
korean_topik_3,k_1221,차리다,"Make ready,prepare",charida
korean_topik_3,k_1222,해외,"Abroad, foreign countries",haeoe
korean_topik_3,k_1223,그리,So or to that extent,geuri
korean_topik_3,k_1224,문화재,Cultural assets,munhwajae
korean_topik_3,k_1225,미소,Smile,miso
korean_topik_3,k_1226,보통,The normal,botong
korean_topik_3,k_1227,식당,Restaurant,sikdang
korean_topik_3,k_1228,의미하다,"To mean, signify",uimiada
korean_topik_3,k_1229,이래,"Since, after that, hereafter",irae
korean_topik_3,k_1230,체육,Physical education,cheyuk
korean_topik_3,k_1231,구성되다,To be organized,guseongdoeda
korean_topik_3,k_1232,독특하다,"Unique, characteristic, distinctive, peculiar, specific",dokteukhada
korean_topik_3,k_1233,사례,"thanks,gratitude",sarye
korean_topik_3,k_1234,소개하다,"To introduce,present",sogaehada
korean_topik_3,k_1235,잘되다,To turn out well,jaldoeda
korean_topik_3,k_1236,추진하다,"To propel, drive forward",chujinhada
korean_topik_3,k_1237,칠월,Month of July,chirwol
korean_topik_3,k_1238,틀,"A frame, framework; mold",teul
korean_topik_3,k_1239,평균,Average,pyeonggyun
korean_topik_3,k_1240,훈련,Training,hullyeon
korean_topik_3,k_1241,흐름,"Flowing, a stream/current",heureum
korean_topik_3,k_1242,십이월,December,sibiwol
korean_topik_3,k_1243,쌓이다,Be piled/heaped up,ssaina
korean_topik_3,k_1244,이익,Profit,iik
korean_topik_3,k_1245,쥐다,"To hold,seize",jwida
korean_topik_3,k_1246,컵,Cup,keop
korean_topik_3,k_1247,게다가,In addition,gedaga
korean_topik_3,k_1248,끓이다,Boil or heat or make hot,kkeurida
korean_topik_3,k_1249,논문,"Dissertations , an academic paper (these are 2 separate meanings)",nonmun
korean_topik_3,k_1250,멈추다,Stop,meomchuda
korean_topik_3,k_1251,사용되다,"Be used, be employed",sayongdoeda
korean_topik_3,k_1252,오랫동안,For a long time,oraetdongan
korean_topik_3,k_1253,위기,"A crisis,an emergency situation",wigi
korean_topik_3,k_1254,정당,A political party,jeongdang
korean_topik_3,k_1255,종이,Paper,jongi
korean_topik_3,k_1256,찾아가다,To go to a place to meet somebody,chajagada
korean_topik_3,k_1257,폭력,"voilent,brute force",pyeongryeok
korean_topik_3,k_1258,혹시,Sometimes,hoksi
korean_topik_3,k_1259,늘다,"Increase, gain",neulda
korean_topik_3,k_1260,양,"quantity,volume",yang
korean_topik_3,k_1261,절차,"process,formalities; 수속",jeolcha
korean_topik_3,k_1262,계시다,(honorofic) to stay or reside,gyesida
korean_topik_3,k_1263,공기,Air,gonggi
korean_topik_3,k_1264,닿다,"To reach, get to",datcha
korean_topik_3,k_1265,속하다,"Belong to, be affiliated with",sokhada
korean_topik_3,k_1266,올림픽,Olympic,Ollimpik
korean_topik_3,k_1267,이외,"Except, apart from",iwoe
korean_topik_3,k_1268,재미,"amusement,enjoyment",jaemi
korean_topik_3,k_1269,제공하다,"offer,proffer",jegonghada
korean_topik_3,k_1270,증가하다,"increase,rise,grow",jeunggahada
korean_topik_3,k_1271,기대,Expectation,gidae
korean_topik_3,k_1272,식물,"food,provisions",sikmul
korean_topik_3,k_1273,옛,"Old, ancient",yet
korean_topik_3,k_1274,외치다,"To shout, scream",oechida
korean_topik_3,k_1275,적어도,At the least,jeogeodo
korean_topik_3,k_1276,편하다,Untroubled from cares,pyeonhada
korean_topik_3,k_1277,평,"a Pyeong, a square area about 2 square meters",pyeong
korean_topik_3,k_1278,권리,A right or a claim to,gwolli
korean_topik_3,k_1279,끝내다,To end,kkeunnaeda
korean_topik_3,k_1280,대답,An answer,daedap
korean_topik_3,k_1281,시작,The beginning,sijak
korean_topik_3,k_1282,어려움,"difficulty, hardship",eoryeoum
korean_topik_3,k_1283,일주일,One whole day,iljuil
korean_topik_3,k_1284,자원,Resources,jawon
korean_topik_3,k_1285,춤,Dance,chum
korean_topik_3,k_1286,넘기다,"Pass over, send across",neomgida
korean_topik_3,k_1287,물체,A material body,mulche
korean_topik_3,k_1288,분명히,Obviously,bunmyeonghi
korean_topik_3,k_1289,시위,A demonstration,siwi
korean_topik_3,k_1290,아무것,Anything,amugeos
korean_topik_3,k_1291,온,"All, whole, entire",on
korean_topik_3,k_1292,젖다,"To be wet, soaked",jeotda
korean_topik_3,k_1293,제외하다,To exclude,joewehada
korean_topik_3,k_1294,최대,"The greatest, the largest",choedae
korean_topik_3,k_1295,평소,"Ordinary times, ordinarily",pyeongso
korean_topik_3,k_1296,견해,An opinion or view. Same as 의견,gyeonhae
korean_topik_3,k_1297,깨끗하다,To be clean or pure,kkaekkeuthada
korean_topik_3,k_1298,농사,Farming,nongsa
korean_topik_3,k_1299,안정,Stability,anjeong
korean_topik_3,k_1300,어둠,Darkness,eodum
korean_topik_3,k_1301,어둡다,"To be dark, dim, gloomy",eodupda
korean_topik_3,k_1302,어쨌든,"In any case, anyhow",eojjaetdeun
korean_topik_3,k_1303,주택,A house,jutaek
korean_topik_3,k_1304,고장,A district or producing area,gojang
korean_topik_3,k_1305,관련하다,To be related to or connected to,gwallyeonhada
korean_topik_3,k_1306,눈길,Line of vision,nungil
korean_topik_3,k_1307,물어보다,Ask,mureoboda
korean_topik_3,k_1308,미안하다,To be sorry,mianhada
korean_topik_3,k_1309,밀다,"push, shove",milda
korean_topik_3,k_1310,스트레스,Stress,seuteureseu
korean_topik_3,k_1311,음,"Sound you make to express doubt, worry",eum
korean_topik_3,k_1312,인사,"People, men of society",insa
korean_topik_3,k_1313,주어지다,"To offer, proffer (conditions)",jugeojida
korean_topik_3,k_1314,고려하다,Regard or respect,goryeohada
korean_topik_3,k_1315,과일,A fruit,gwal
korean_topik_3,k_1316,널리,Widely,neolli
korean_topik_3,k_1317,농촌,A farm village,nongchon
korean_topik_3,k_1318,올라오다,Come up,ollaoda
korean_topik_3,k_1319,챙기다,"gather, collect, assemble your stuff — to amass (money, a collection)",chaenggida
korean_topik_3,k_1320,고르다,Choose or select,goreuda
korean_topik_3,k_1321,바르다,"Spread, apply",bareuda
korean_topik_3,k_1322,벌어지다,"To get serious, enlarge",beoreojida
korean_topik_3,k_1323,소재,"material, subject matter",sojae
korean_topik_3,k_1324,전망,"A view, prospect",jeonmang
korean_topik_3,k_1325,포기하다,"To give up, to abandon",pogihada
korean_topik_3,k_1326,형성되다,"To be formed, made up",hyeongseongdoeda
korean_topik_3,k_1327,고치다,"To fix, amend, change",gochida
korean_topik_3,k_1328,그림자,A shadow or a silhouette or an image,geurimja
korean_topik_3,k_1329,눈,Snow,nun
korean_topik_3,k_1330,다하다,"Finish, go through, be exhausted, run out of",dahada
korean_topik_3,k_1331,마침내,"Finally, in the end",machimnae
korean_topik_3,k_1332,비교하다,To compare,bigyohada
korean_topik_3,k_1333,시월,October,siwol
korean_topik_3,k_1334,커지다,To become bigger,keojida
korean_topik_3,k_1335,한쪽,On one side,hanjjok
korean_topik_3,k_1336,검사,Investigation or inspection or examination or audit,geomsa
korean_topik_3,k_1337,결론,A conclusion,gyeollon
korean_topik_3,k_1338,맡기다,Entrust sb with sth,matgida
korean_topik_3,k_1339,박물관,Museum,bangmulgwan
korean_topik_3,k_1340,소문,A rumor,somun
korean_topik_3,k_1341,싣다,"To load, take (passengers)",sitda
korean_topik_3,k_1342,쌓다,To pile up,ssata
korean_topik_3,k_1343,어서,Quickly 2) kindly,eoseo
korean_topik_3,k_1344,자녀,one’s children,janyeo
korean_topik_3,k_1345,제목,"A subject, theme",jemok
korean_topik_3,k_1346,짓,Something you do,jit
korean_topik_3,k_1347,판결,A judgment (from a judge),pangyeol
korean_topik_3,k_1348,팔월,August,parwol
korean_topik_3,k_1349,하얗다,White,hayata
korean_topik_3,k_1350,희망,"Hope, wish",huimang
korean_topik_3,k_1351,가방,Bag,gabang
korean_topik_3,k_1352,군대,Troops or an army,gundae
korean_topik_3,k_1353,그만큼,That much or to that extent,geumankeum
korean_topik_3,k_1354,무어,What? 무엇,mueo
korean_topik_3,k_1355,비로소,For the first time,biroseo
korean_topik_3,k_1356,상대방,Conversation partner,sangdaebang
korean_topik_3,k_1357,서구,Western Europe,seogu
korean_topik_3,k_1358,소유,Possession,soyu
korean_topik_3,k_1359,시골,Countryside,sigol
korean_topik_3,k_1360,실수,A mistake,silsu
korean_topik_3,k_1361,잘못되다,To turn out wrong,jalmotdoeda
korean_topik_3,k_1362,치료,"Medical treatment, medical care",chiryo
korean_topik_3,k_1363,폭,Width; range,pok
korean_topik_3,k_1364,호,"A pen name, a title; a number, an issue",ho
korean_topik_3,k_1365,내밀다,To Push out,naemilda
korean_topik_3,k_1366,맞다,"Be struck, beaten",matda
korean_topik_3,k_1367,부문,"A section, department",bumun
korean_topik_3,k_1368,시리즈,Series,sirijeu
korean_topik_3,k_1369,임신,Pregnant,imsin
korean_topik_3,k_1370,잡히다,To be caught ; to extinguish a fire,japhida
korean_topik_3,k_1371,규정,Provision or stipulation,gyujeong
korean_topik_3,k_1372,그램,Gram,geuraem
korean_topik_3,k_1373,밭,"A field, farm",bat
korean_topik_3,k_1374,분석하다,To analyze,bunseokada
korean_topik_3,k_1375,식구,"Members of a family, your immediate family members (those you live with, preferably)",sikgu
korean_topik_3,k_1376,아예,"From the very first, from the very beginning",aye
korean_topik_3,k_1377,어찌,"How, in what way, by what means",eojji
korean_topik_3,k_1378,울리다,To ring (a bell) ; to create an echo effect,ullida
korean_topik_3,k_1379,작용하다,"To apply , use",jagyonghada
korean_topik_3,k_1380,확실하다,"To be sure, certain",hwaksilhada
korean_topik_3,k_1381,개선,Renovation or improvement or betterment,gaeseon
korean_topik_3,k_1382,그릇,A vessel or receptacle,geureut
korean_topik_3,k_1383,글자,A letter or a character,geulja
korean_topik_3,k_1384,바람직하다,"Be desirable, advisable, to be appropriate, good",baramjik-hada
korean_topik_3,k_1385,연구하다,"To research, investigate",yeon-guhada
korean_topik_3,k_1386,착하다,To be nice,chak-hada
korean_topik_3,k_1387,개,A dog,gae
korean_topik_3,k_1388,부동산,Real estate,budongsan
korean_topik_3,k_1389,신화,A myth,sinhwa
korean_topik_3,k_1390,양,Miss ~,yang
korean_topik_3,k_1391,점,"a spot, a blemish",jeom
korean_topik_3,k_1392,직업,"An occupation, calling",jigeop
korean_topik_3,k_1393,거두다,Collect or gather up,geoduda
korean_topik_3,k_1394,방학,School holidays,banghak
korean_topik_3,k_1395,범위,"Range, area",beomwi
korean_topik_3,k_1396,조상,Ancestors,josang
korean_topik_3,k_1397,철학,Philosophy,cheolhak
korean_topik_3,k_1398,검다,Black or dark,geomta
korean_topik_3,k_1399,곁,Neighborhood or vicinity,gyeot
korean_topik_3,k_1400,근본적,"foundational, fundamental",geunbonjeok
korean_topik_3,k_1401,너희,You guys,neohui
korean_topik_3,k_1402,대형,"Large, full-sized",daehyeong
korean_topik_3,k_1403,문제점,The point at issue,munjejeom
korean_topik_3,k_1404,본격적,Exemplary,bonkyeokjeok
korean_topik_3,k_1405,불가능하다,Impossible,bulganeunghada
korean_topik_3,k_1406,충격,"An impact, a shock",chunggyeok
korean_topik_3,k_1407,퍼지다,"Spread out, get broader",peojida
korean_topik_3,k_1408,금방,Just now or a moment ago,geumbang
korean_topik_3,k_1409,남쪽,South side,namjjok
korean_topik_3,k_1410,누르다,Press or push down,nureuda
korean_topik_3,k_1411,미술,"art, the fine arts",misul
korean_topik_3,k_1412,백성,The common people,baekseong
korean_topik_3,k_1413,상당히,"fairly, considerably",sangdanghi
korean_topik_3,k_1414,색깔,Color,saekkkal
korean_topik_3,k_1415,요리,Cooking,yori
korean_topik_3,k_1416,유명하다,To be famous,yumyeonghada
korean_topik_3,k_1417,자네,You,jane
korean_topik_3,k_1418,기13,1) energy 2) breath or wind,gi
korean_topik_3,k_1419,꽤,Fairly or considerably,kkwae
korean_topik_3,k_1420,외국인,"A foreigner, a foreign national",oegugin
korean_topik_3,k_1421,한참,"For some time, for a while",hancham
korean_topik_3,k_1422,군사,Military affairs,gunsa
korean_topik_3,k_1423,끊다,Cut off or sever,kkeunta
korean_topik_3,k_1424,넘어가다,Cross or go over,neomeogada
korean_topik_3,k_1425,담기다,Be put food in a bottle or for pickling,damgida
korean_topik_3,k_1426,마당,Garden,madang
korean_topik_3,k_1427,부인,A woman,buin
korean_topik_3,k_1428,서두르다,To hurry up,seodureuda
korean_topik_3,k_1429,지적,"Pointing out, indication",jijyeok
korean_topik_3,k_1430,짝,"One pair, one couple",jjak
korean_topik_3,k_1431,참으로,"really, indeed",chameuro
korean_topik_3,k_1432,충분하다,"To be sufficient, ample",chungbunhada
korean_topik_3,k_1433,기쁘다,To be happy,gippeuda
korean_topik_3,k_1434,숙제,Homework,sukje
korean_topik_3,k_1435,앞두다,Have a distance ahead,apduda
korean_topik_3,k_1436,예산,"An estimate, budget",yesan
korean_topik_3,k_1437,온갖,"All kinds, all sorts",ong'at
korean_topik_3,k_1438,우려,"worry, anxiety, fear",uryeo
korean_topik_3,k_1439,우산,An umbrella,usan
korean_topik_3,k_1440,기쁨,Joy or delight,gippeum
korean_topik_3,k_1441,깊이,Deepness,gipi
korean_topik_3,k_1442,꾸미다,Decorate,kkumida
korean_topik_3,k_1443,늘리다,"Increase, multiply",neullida
korean_topik_3,k_1444,무릎,A knee,mureup
korean_topik_3,k_1445,발견되다,Be discovered,balgyeondoeda
korean_topik_3,k_1446,보호하다,"protect, shelter, guard",bohohada
korean_topik_3,k_1447,시스템,System,siseutem
korean_topik_3,k_1448,이용,To use,iyong
korean_topik_3,k_1449,지난달,Last month,jinandal
korean_topik_3,k_1450,지르다,"Holler, yell, scream",jireuda
korean_topik_3,k_1451,참여,Participation,chamyeo
korean_topik_3,k_1452,걸음,Walking or stepping or a step,georeum
korean_topik_3,k_1453,겨우,Barely or narrowly. 간신히,gyeou
korean_topik_3,k_1454,마르다,Become dry,mareuda
korean_topik_3,k_1455,비교적,Comparatively,bigyojeok
korean_topik_3,k_1456,애쓰다,Make efforts/pains to do sth,aesseuda
korean_topik_3,k_1457,올바르다,"Be honest, straightforward",olbareuda
korean_topik_3,k_1458,책상,On the desk,chaeksang
korean_topik_3,k_1459,춥다,To be cold,chupda
korean_topik_3,k_1460,흔하다,To be everywhere,heunhada
korean_topik_3,k_1461,높아지다,Become high,nopajida
korean_topik_3,k_1462,늙다,Grow old,neulkda
korean_topik_3,k_1463,단위,"A unit, a monad",danwi
korean_topik_3,k_1464,무겁다,Heavy ; a stuffy atmosphere,mugeopda
korean_topik_3,k_1465,바람,"As a result, by the influence of",baram
korean_topik_3,k_1466,상상,Imagination,sangsang
korean_topik_3,k_1467,소득,"An income, earnings",sodeuk
korean_topik_3,k_1468,수도,"the capital city, e.g. Seoul, of a country",sudo
korean_topik_3,k_1469,역,"A part, a role",yeok
korean_topik_3,k_1470,인식하다,"recognition, cognizance",insikada
korean_topik_3,k_1471,자,A Chinese character,ja
korean_topik_3,k_1472,침대,A bed,chimdae
korean_topik_3,k_1473,권,A volume or a book,gwon
korean_topik_3,k_1474,맺다,"form, tie",maetda
korean_topik_3,k_1475,수요,"demand, requirement",suyo
korean_topik_3,k_1476,스타,Star,seuta
korean_topik_3,k_1477,시계,"clock, timekeeper, timepiece",sigye
korean_topik_3,k_1478,입술,The lips,ipsul
korean_topik_3,k_1479,잎,A leaf,ip
korean_topik_3,k_1480,중간,In the middle,junggan
korean_topik_3,k_1481,지도자,Leader,jidoja
korean_topik_3,k_1482,천천히,Slowly,cheoncheonhi
korean_topik_3,k_1483,구성하다,To organize or makeup,guseonghada
korean_topik_3,k_1484,대체로,"Generally, on the whole, for the most part",daechero
korean_topik_3,k_1485,몹시,Extremely,mopsi
korean_topik_3,k_1486,문득,Suddenly,mundeuk
korean_topik_3,k_1487,스포츠,Sports,seupocheu
korean_topik_3,k_1488,위원장,A chairman of a committee,wiwonjang
korean_topik_3,k_1489,저기,"That place, there",jeogi
korean_topik_3,k_1490,특별하다,"To be special, extraordinary",teukbyeolhada
korean_topik_3,k_1491,효과적,Effective,hyogwajeok
korean_topik_3,k_1492,가까이,Close,kakkai
korean_topik_3,k_1493,낫다,Superior,natda
korean_topik_3,k_1494,넘어서다,Pass over,neomeoseoda
korean_topik_3,k_1495,볶다,"fry, roast",bokkda
korean_topik_3,k_1496,생산하다,"To produce, make",saengsanhada
korean_topik_3,k_1497,언젠가,"One of these days, at some time in the future",eonjenga
korean_topik_3,k_1498,예술가,An artist,yesulga
korean_topik_3,k_1499,의도,"An intention, an aim",uido
korean_topik_3,k_1500,저지르다,"do,commit, spoil",jeojireuda
korean_topik_3,k_1501,줄어들다,Dwindle away,jureodeulda
korean_topik_3,k_1502,가만히,Quietly or softly,gamhi
korean_topik_3,k_1503,건,A matter or an object or a case,geon
korean_topik_3,k_1504,교회,Preach or moral instruction,gyohoe
korean_topik_3,k_1505,대구,Daegu city,Daegu
korean_topik_3,k_1506,외부,"The exterior, the outside",oebu
korean_topik_3,k_1507,한두,One or two,handu
korean_topik_3,k_1508,한때,"For a while, temporarily",hanttae
korean_topik_3,k_1509,화,Anger (get angry),hwa
korean_topik_3,k_1510,흙,"earth, the soil",heuk
korean_topik_3,k_1511,가난하다,Poor,gananhada
korean_topik_3,k_1512,고객,Customer,gogaek
korean_topik_3,k_1513,과학자,Scientist,gwahakja
korean_topik_3,k_1514,관광,Sightseeing or tourism,gwangwang
korean_topik_3,k_1515,살아오다,To come out alive,saraoda
korean_topik_3,k_1516,상대적,"relatively, correlatively",sangdaejeok
korean_topik_3,k_1517,수술,Surgery,susul
korean_topik_3,k_1518,식품,Groceries,sikpum
korean_topik_3,k_1519,연기,"performance, acting",yeongi
korean_topik_3,k_1520,일월,January,irwol
korean_topik_3,k_1521,조,"article, clause",jo
korean_topik_3,k_1522,첫째,The first,cheotjjae
korean_topik_3,k_1523,회원,A member of a society,hoewon
korean_topik_3,k_1524,도서관,Library,doseogwan
korean_topik_3,k_1525,들려오다,To echo (sound),deullyeooda
korean_topik_3,k_1526,조금씩,"A little at a time, little by little",jogeumssik
korean_topik_3,k_1527,조미료,"seasoning, condiment",jomiryeo
korean_topik_3,k_1528,풀리다,To come loose,pullida
korean_topik_3,k_1529,강력하다,To be strong or powerful,gangnyeokhada
korean_topik_3,k_1530,마늘,Garlic,maneul
korean_topik_3,k_1531,선물,"A present,gift",seonmul
korean_topik_3,k_1532,습관,Habit,seupgwan
korean_topik_3,k_1533,아주머니,"An aunt, a respectable word for a married, older woman",ajumeoni
korean_topik_3,k_1534,위험,Danger,wiheom
korean_topik_3,k_1535,지하,Underground,jihha
korean_topik_3,k_1536,활용하다,"Utilize, make practical use of",hwalyonghada
korean_topik_3,k_1537,가꾸다,1) grow or cultivatea 2) dress oneself up,gakkuda
korean_topik_3,k_1538,고민,Worry or anguish,gomin
korean_topik_3,k_1539,맨,"bare,naked",maen
korean_topik_3,k_1540,법률,"A law, statute",beomnyul
korean_topik_3,k_1541,상처,Wound,sangcheo
korean_topik_3,k_1542,좁다,Narrow,jopda
korean_topik_3,k_1543,지하철,Subway,jihacheol
korean_topik_3,k_1544,집다,Pick up,jipda
korean_topik_3,k_1545,현,"The present, the existence, actuality",hyeon
korean_topik_3,k_1546,화면,Screen,hwamyeon
korean_topik_3,k_1547,군,Mr.,gun
korean_topik_3,k_1548,대표적,Representative,daepyoejeok
korean_topik_3,k_1549,만일,"If, suppose",manil
korean_topik_3,k_1550,사회적,Socially,sahoejeok
korean_topik_3,k_1551,생겨나다,"To begin, germinate",saenggyeonada
korean_topik_3,k_1552,이어,"vulgarity, slang",ieo
korean_topik_3,k_1553,주부,A wife,jubu
korean_topik_3,k_1554,진리,"A truth, a fact",jilli
korean_topik_3,k_1555,태양,The sun,taeyang
korean_topik_3,k_1556,틀림없다,No mistaking it,teullimeopda
korean_topik_3,k_1557,프로,Professional,peuro
korean_topik_3,k_1558,피다,To bloom ( a flower ~),pida
korean_topik_3,k_1559,공급,Supply or provision,gonggeup
korean_topik_3,k_1560,도로,"A road, way",doro
korean_topik_3,k_1561,잘못,"wrong, mistake",jalmot
korean_topik_3,k_1562,지다,Carry (on the back),jida
korean_topik_3,k_1563,채우다,"To fill up, complete, fulfill",chaeuda
korean_topik_3,k_1564,균형,Balance or equilibrium,gyunhyeong
korean_topik_3,k_1565,기본적,Fundamental or basic,gibonjeok
korean_topik_3,k_1566,부족,A tribe,bujok
korean_topik_3,k_1567,사무실,Office,samusil
korean_topik_3,k_1568,이월,February,iwol
korean_topik_3,k_1569,일요일,Sunday,iryoil
korean_topik_3,k_1570,접근,Proximity,jeopgeun
korean_topik_3,k_1571,지켜보다,"Watch, stare at ( wait on some situation)",jikyeoboda
korean_topik_3,k_1572,개성,Individuality or personality,gaeseong
korean_topik_3,k_1573,달리다,"Hang, be suspended",dallida
korean_topik_3,k_1574,더하다,Get worse,deohada
korean_topik_3,k_1575,무너지다,Collapse,muneojida
korean_topik_3,k_1576,보통,Usually,botong
korean_topik_3,k_1577,쓰다,To wear (a hat),sseuda
korean_topik_3,k_1578,이러다,do/say think this way,ireoda
korean_topik_3,k_1579,일어서다,"To rise to one’s feet, stand up",ireoseoda
korean_topik_3,k_1580,죄,"A crime, a sin",joe
korean_topik_3,k_1581,참,In reality,cham
korean_topik_3,k_1582,총장,"The president, the chancellor (university’s)",chongjang
korean_topik_3,k_1583,핵심,"The kernel, the core",haeksim
korean_topik_3,k_1584,후반,The latter/second half,huban
korean_topik_3,k_1585,단순히,Simply,dansunhi
korean_topik_3,k_1586,달려가다,"Run, rush, dash",dallyeogada
korean_topik_3,k_1587,방문,A visit,bangmun
korean_topik_3,k_1588,불만,Dissatisfaction,bulman
korean_topik_3,k_1589,불편하다,To be unpleasant,bulpyeonhada
korean_topik_3,k_1590,종,"A sort, kind, species",jong
korean_topik_3,k_1591,피,Blood (is flowing),pi
korean_topik_3,k_1592,강,River,gang
korean_topik_3,k_1593,관객,Spectator,gwangaek
korean_topik_3,k_1594,막,Just now,mak
korean_topik_3,k_1595,밀리미터,Millimeter,millimiteo
korean_topik_3,k_1596,비싸다,To be expensive,bissada
korean_topik_3,k_1597,숫자,"A figure, number",sutja
korean_topik_3,k_1598,열,Heat,yeol
korean_topik_3,k_1599,왼쪽,The left side,oenjjok
korean_topik_3,k_1600,중세,The middle ages,jungse
korean_topik_3,k_1601,택시,Taxi,taeksi
korean_topik_3,k_1602,통합,"Unity, unification",tonghap
korean_topik_3,k_1603,계산,Calculation,gyesan
korean_topik_3,k_1604,꼬리,Tail,kkori
korean_topik_3,k_1605,놀랍다,To be surprising,nollapda
korean_topik_3,k_1606,양식,"A mode, a style, an order, a modality",yangsik
korean_topik_3,k_1607,예전,"Old days, former days",yejeon
korean_topik_3,k_1608,전기,Electricity,jeongi
korean_topik_3,k_1609,주식,Stock,jusik
korean_topik_3,k_1610,틀리다,"To be turned, warped 2) go wrong, be mistaken",teullida
korean_topik_3,k_1611,끊임없이,Constantly or unceasingly,kkeunimeopsi
korean_topik_3,k_1612,모델,Model,model
korean_topik_3,k_1613,붓다,"to pour (water, liquid)",butda
korean_topik_3,k_1614,상식,Common sense,sangsik
korean_topik_3,k_1615,상표,"trademark, brand",sangpyo
korean_topik_3,k_1616,시원하다,"Be cool, refreshing",siwonhada
korean_topik_3,k_1617,아니하다,To be/do not,anihada
korean_topik_3,k_1618,의식하다,"Be conscious of, be aware of",uisikhada
korean_topik_3,k_1619,고모,A paternal aunt,gomo
korean_topik_3,k_1620,궁금하다,To wonder or be curious about,gunggeumhada
korean_topik_3,k_1621,민주화,Democratization,minjuhwa
korean_topik_3,k_1622,보도,"news, report",bodo
korean_topik_3,k_1623,살피다,Take a good look at,salpida
korean_topik_3,k_1624,약하다,To be weak,yakada
korean_topik_3,k_1625,잘못하다,To make a mistake,jalmotada
korean_topik_3,k_1626,잡지,A magazine,japji
korean_topik_3,k_1627,거부하다,Deny or reject or disapprove,geobuhada
korean_topik_3,k_1628,공무원,Public servant,gongmuwon
korean_topik_3,k_1629,그만두다,Stop or discontinue,geumanduda
korean_topik_3,k_1630,댁,You and your family,daek
korean_topik_3,k_1631,반갑다,Be happy,bangapda
korean_topik_3,k_1632,부족,"lack, want (scarcity, insufficiency)",bujok
korean_topik_3,k_1633,실시,"execution, enforcement",silsi
korean_topik_3,k_1634,운명,"fate, fortune",unmyeong
korean_topik_3,k_1635,재정,"finances, economy",jaejeong
korean_topik_3,k_1636,차라리,"rather, preferably",charari
korean_topik_3,k_1637,학자,Scholar,hakja
korean_topik_3,k_1638,다녀오다,Drop in for a short visit,danyeooda
korean_topik_3,k_1639,달다,"to attach, fix",dalda
korean_topik_3,k_1640,대규모,On a large scale,daegyumo
korean_topik_3,k_1641,동,the same,dong
korean_topik_3,k_1642,민간,"civil, private",min-gan
korean_topik_3,k_1643,법원,Court of justice,beop-won
korean_topik_3,k_1644,비디오,Video,bi-di-o
korean_topik_3,k_1645,사실상,"Actually, in truth",sa-sil-sang
korean_topik_3,k_1646,아끼다,"grudge, spare",a-kki-da
korean_topik_3,k_1647,이쪽,"This side, our way",i-jjok
korean_topik_3,k_1648,지대,"Zone, belt, district",ji-dae
korean_topik_3,k_1649,판단하다,To make a conclusion,pan-dan-ha-da
korean_topik_3,k_1650,행복하다,To be happy,haeng-bok-ha-da
korean_topik_3,k_1651,굽다,To roast or bake,gup-da
korean_topik_3,k_1652,기름,Oil or fat,gireum
korean_topik_3,k_1653,실천하다,"To practice, put in theory",silcheonhada
korean_topik_3,k_1654,쏟아지다,To pour out,ssodajida
korean_topik_3,k_1655,연습,"practice, exercise",yeonseup
korean_topik_3,k_1656,오른쪽,The right side,oreunjjok
korean_topik_3,k_1657,용어,Technical terminology,yong-eo
korean_topik_3,k_1658,익히다,Habituate oneself to,ikhida
korean_topik_3,k_1659,지도,"Map, atlas",jido
korean_topik_3,k_1660,지위,"Position, status",jiwi
korean_topik_3,k_1661,풍부하다,"To be abundant, copious, plentiful",pungbuhada
korean_topik_3,k_1662,화장실,Bathroom,hwajangsil
korean_topik_3,k_1663,기억하다,To recall or remember,gieokada
korean_topik_3,k_1664,식량,"food, provisions",sikryang
korean_topik_3,k_1665,실험,"An experiment, test",silheom
korean_topik_3,k_1666,용기,Bravery,yonggi
korean_topik_3,k_1667,토론,"A debate, discussion",toron
korean_topik_3,k_1668,핵,"A nucleus, core",haek
korean_topik_3,k_1669,고급,High rank or first class,gogeup
korean_topik_3,k_1670,고생,A hard life or privation,gosaeng
korean_topik_3,k_1671,미치다,Be crazy,michida
korean_topik_3,k_1672,밟다,Step on,balpda
korean_topik_3,k_1673,상당하다,"Be proper, suitable",sangdanghada
korean_topik_3,k_1674,섞다,"blend, mix",seokda
korean_topik_3,k_1675,수석,The top seat,suseok
korean_topik_3,k_1676,없애다,"Remove, get rid of, do away with",eopsaeda
korean_topik_3,k_1677,이뤄지다,To make something for a specific purpose,irwojida
korean_topik_3,k_1678,적절하다,Appropriateness,jeokjeolhada
korean_topik_3,k_1679,정상,"The top, summit",jeongsang
korean_topik_3,k_1680,제사,A holiday ceremony,jesa
korean_topik_3,k_1681,주말,Weekend,jumal
korean_topik_3,k_1682,지혜,"Wisdom, wits",jihye
korean_topik_3,k_1683,참새,A sparrow,chamsae
korean_topik_3,k_1684,화장품,"Makup, cosmetics",hwajangpum
korean_topik_3,k_1685,굵다,Be thick or fat,gukda
korean_topik_3,k_1686,깨끗이,Clean or neatly,kkaekkeusi
korean_topik_3,k_1687,낡다,Clear,nalkda
korean_topik_3,k_1688,내년,Next year,naenyeon
korean_topik_3,k_1689,농산물,Agricultural products,nongsanmul
korean_topik_3,k_1690,눈앞,Before one’s eyes,nunap
korean_topik_3,k_1691,대학생,University student,daehaksaeng
korean_topik_3,k_1692,방문하다,To visit,bangmunhada
korean_topik_3,k_1693,붉다,"Be red, scalet",bulkda
korean_topik_3,k_1694,사고,"thought, contemplation",sago
korean_topik_3,k_1695,순서,"system, order, sequence",sunseo
korean_topik_3,k_1696,아무래도,"Never on any account, no matter what",amuraedo
korean_topik_3,k_1697,연구소,A research institute,yeonguso
korean_topik_3,k_1698,올,This year,oll
korean_topik_3,k_1699,위대하다,"To be great, mighty, grand",widae hada
korean_topik_3,k_1700,이사,House-moving,isa
korean_topik_3,k_1701,지배하다,"Control, direct",jibae hada
korean_topik_3,k_1702,틈,"A crack, gap, opening",teum
korean_topik_3,k_1703,가령,1) For example 2) supposing or admitting,garyeong
korean_topik_3,k_1704,거대하다,Huge or gigantic or enormous,geodaehada
korean_topik_3,k_1705,닫다,To close,datda
korean_topik_3,k_1706,매달리다,"Be suspended, to be hanging down (from) ; to stick to a job, to persevere",maedallida
korean_topik_3,k_1707,생일,A birthday,saengil
korean_topik_3,k_1708,섬,An island,seom
korean_topik_3,k_1709,이하,"Less than, below",iha
korean_topik_3,k_1710,참석하다,"To attend, take part in",chamseokhada
korean_topik_3,k_1711,토대,"A foundation, a base",todae
korean_topik_3,k_1712,해결,"Solution, settlement",haegyeol
korean_topik_3,k_1713,행복,Happiness,haengbok
korean_topik_3,k_1714,걸어가다,To go on foot or walk,georeogada
korean_topik_3,k_1715,근로자,Laborer,geulloja
korean_topik_3,k_1716,글쎄,Now or well or let me see,geulsse
korean_topik_3,k_1717,목숨,Life,moksum
korean_topik_3,k_1718,백화점,Department store,baekhwajeom
korean_topik_3,k_1719,변화하다,"To change, vary",byeonhwahada
korean_topik_3,k_1720,병,A bottle,pyeong
korean_topik_3,k_1721,빠져나가다,Get/go out of here,ppajyeonagada
korean_topik_3,k_1722,안녕하다,To say hello,annyeonghada
korean_topik_3,k_1723,여론,"Public opinion, public sentiment towards sth",yeoron
korean_topik_3,k_1724,의복,"Clothes, garments",uibok
korean_topik_3,k_1725,체조,Gymnastics,chejo
korean_topik_3,k_1726,출발하다,"To depart, leave",chulbalhada
korean_topik_3,k_1727,현실적,"Down to earth, Realistic",hyeonsiljeok
korean_topik_3,k_1728,화제,Subject of conversation,hwaje
korean_topik_3,k_1729,결정되다,To become decided,gyeoljeongdoeda
korean_topik_3,k_1730,고양이,Kitten,goyangi
korean_topik_3,k_1731,공격,Attack,gonggyeok
korean_topik_3,k_1732,물가,Prices of products,mulga
korean_topik_3,k_1733,민주주의,Democracy,minjujuui
korean_topik_3,k_1734,불안,"uneasiness, anxiety",buran
korean_topik_3,k_1735,소중하다,"To be important, valuable",sojunghada
korean_topik_3,k_1736,여유,"reserve, surplus",yeoyu
korean_topik_3,k_1737,의문,"A question, a doubt",uimun
korean_topik_3,k_1738,중학교,Middle school,jung hakgyo
korean_topik_3,k_1739,킬로미터,Kilometer,killomiteo
korean_topik_3,k_1740,파도,"Waves, billows",pado
korean_topik_3,k_1741,흰색,"gray, ash color",huinsaek
korean_topik_3,k_1742,가수,Singer,gasu
korean_topik_3,k_1743,단,"Only one, alone",dan
korean_topik_3,k_1744,방송국,Broadcasting station,bangsongguk
korean_topik_3,k_1745,빛나다,"shine, glitter",bitnada
korean_topik_3,k_1746,숨다,"To be in hiding, to hide oneself",sumda
korean_topik_3,k_1747,실리다,"To be printed,recorded; to be loaded onto a truck (luggage)",sillida
korean_topik_3,k_1748,압력,"pressure, stress",amnyeok
korean_topik_3,k_1749,예금,Deposit money,yegeum
korean_topik_3,k_1750,예상되다,"To expect, anticipate",yesangdoeda
korean_topik_3,k_1751,입학,Admission into school,ipak
korean_topik_3,k_1752,증권,"securities, document,deed",jeunggwon
korean_topik_3,k_1753,직후,Immediately after,jikhu
korean_topik_3,k_1754,차량,"vehicles, cars",charyang
korean_topik_3,k_1755,출산,Child birth,chulsan
korean_topik_3,k_1756,물다,"bite, put in the mouth",mulda
korean_topik_3,k_1757,선진국,A developed country,seonjinguk
korean_topik_3,k_1758,약,Medicine,yak
korean_topik_3,k_1759,어느새,"In no time, quickly",eoneusae
korean_topik_3,k_1760,재판,A trial,jaepan
korean_topik_3,k_1761,저쪽,"Over there, in that direction",jeojjok
korean_topik_3,k_1762,제자,A disciple,jeja
korean_topik_3,k_1763,창문,A window,changmun
korean_topik_3,k_1764,초,A second,cho
korean_topik_3,k_1765,치즈,Cheese,chijeu
korean_topik_3,k_1766,회복,"Recovery, recuperation",hoebok
korean_topik_3,k_1767,구역,A zone or district,guyeok
korean_topik_3,k_1768,대응,"Confrontation, opposition",daeeung
korean_topik_3,k_1769,반대하다,Be opposed to,bandaehada
korean_topik_3,k_1770,발휘하다,"Display, exhibit",balhwihada
korean_topik_3,k_1771,소비,Consumption,sobi
korean_topik_3,k_1772,심장,The heart,simjang
korean_topik_3,k_1773,아이고,Oh my god!,aigo
korean_topik_3,k_1774,조용히,Quietly,joyonghi
korean_topik_3,k_1775,중소기업,Small and medium enterprises,jungso gieop
korean_topik_3,k_1776,직접적,"Directly, immediately",jikjeopjeok
korean_topik_3,k_1777,진실,"Truth, sincerity",jinsil
korean_topik_3,k_1778,필자,"The writer, author",pilja
korean_topik_3,k_1779,협력,"Cooperation, cooperate with",hyeomnyeok
korean_topik_3,k_1780,가스,Gas,gaseu
korean_topik_3,k_1781,계층,A class or social stratum,gyecheung
korean_topik_3,k_1782,구멍,A hole,gumong
korean_topik_3,k_1783,담당,"Charge, undertaking",damdang
korean_topik_3,k_1784,만화,Cartoons,manwha
korean_topik_3,k_1785,먹이다,"support, feed",meogida
korean_topik_3,k_1786,무시하다,"disregard, ignore ; to be defiant and fail to observe",musihada
korean_topik_3,k_1787,보도하다,"To report, inform",bodohada
korean_topik_3,k_1788,살짝,"(1) softly, lightly, just a little (2) furtively, stealthily",saljjak
korean_topik_3,k_1789,생각나다,To remember,saenggangnada
korean_topik_3,k_1790,우유,Milk,uyu
korean_topik_3,k_1791,인상,pulling/drawing up,insang
korean_topik_3,k_1792,차갑다,Cold,chagओपदा
korean_topik_3,k_1793,철저하다,"thoroughness, cleanliness",चओल्जओहदा
korean_topik_3,k_1794,태아,"A fetus, an unborn child",टेआ
korean_topik_3,k_1795,관찰하다,Observe or view or watch,ग्वानछअलहादा
korean_topik_3,k_1796,괜히,"In vain or useless or fruitless, for a stupid reason",ग्वेनही
korean_topik_3,k_1797,끼다,"To put on or wear, to wear (a ring)",किदा
korean_topik_3,k_1798,날개,The wings,नालगे
korean_topik_3,k_1799,녀석,Fellow,न्येओसेओक
korean_topik_3,k_1800,눈빛,The glitter of one’s eyes,नुनबित
korean_topik_4,k_1801,단지,A public apt complex,दानजी
korean_topik_4,k_1802,물속,Inside the water,mulssok
korean_topik_4,k_1803,민주,Democracy,minju
korean_topik_4,k_1804,성공하다,To succeed,seonggonghada
korean_topik_4,k_1805,소나무,A pine tree,sonamu
korean_topik_4,k_1806,여기저기,Here and there,yeogijeogi
korean_topik_4,k_1807,여인,"beauty, belle",yeoin
korean_topik_4,k_1808,운영하다,"manage, administer",unyeonghada
korean_topik_4,k_1809,평가하다,"To evaluate, estimate, judge",pyeonggahada
korean_topik_4,k_1810,표,"A marker, indication",pyo
korean_topik_4,k_1811,필요성,Necessity,piryoseong
korean_topik_4,k_1812,감추다,Hide or conceal,gamchuda
korean_topik_4,k_1813,머무르다,Stay overnight,meomureuda
korean_topik_4,k_1814,부위,"A region, part",buwi
korean_topik_4,k_1815,비우다,"empty, vacate",biuda
korean_topik_4,k_1816,설치하다,"To found, establish, create",seolchihada
korean_topik_4,k_1817,십일월,November,si-bil-wol
korean_topik_4,k_1818,싸다,"Wrap in, bundle",ssada
korean_topik_4,k_1819,아울러,"And, both together",aulleo
korean_topik_4,k_1820,지시,"Directions, orders",jisi
korean_topik_4,k_1821,형성하다,"To form, make, take shape",hyeongseonghada
korean_topik_4,k_1822,형제,Brothers and sisters,hyeongje
korean_topik_4,k_1823,화려하다,"Splendor, magnificence of a display, a look",hwaryeohada
korean_topik_4,k_1824,거울,1) mirror 2) a pattern or model or exemplar,geoul
korean_topik_4,k_1825,덧붙이다,"Add a thing, append",deotbutida
korean_topik_4,k_1826,몇몇,Several,myeotmyeot
korean_topik_4,k_1827,무기,Weapon,mugi
korean_topik_4,k_1828,세계적,International,segyjeok
korean_topik_4,k_1829,안전,Safety,anjeon
korean_topik_4,k_1830,양파,An onion,yangpa
korean_topik_4,k_1831,이상,"Indisposition, abnormal",isang
korean_topik_4,k_1832,일종,"A kind, a sort, a species",iljong
korean_topik_4,k_1833,처지,"A situation,circumstances",cheoji
korean_topik_4,k_1834,촬영,"Photographing, taking pictures/films",chwaryeong
korean_topik_4,k_1835,타다,"Burn, blaze (firewood)",tada
korean_topik_4,k_1836,틀다,"To twist, wind",teulda
korean_topik_4,k_1837,형편,"The situation, the state of things (esp. financial)",hyeongpyeon
korean_topik_4,k_1838,가지,Eggplant,gaji
korean_topik_4,k_1839,감다,Close,gamda
korean_topik_4,k_1840,고추,Red pepper,gochu
korean_topik_4,k_1841,규칙,Rules or regulations,gyuchik
korean_topik_4,k_1842,본질,"True nature,essence",bonjil
korean_topik_4,k_1843,비치다,Shine,bichida
korean_topik_4,k_1844,빵,Bread,ppang
korean_topik_4,k_1845,서서히,"Slowly, little by little",seoseohi
korean_topik_4,k_1846,스승,"A teacher,master",seuseung
korean_topik_4,k_1847,신분,Social position,sinbun
korean_topik_4,k_1848,실시되다,To be enforced,silsidoeda
korean_topik_4,k_1849,아마도,Probably,amado
korean_topik_4,k_1850,안방,The inner room,anbang
korean_topik_4,k_1851,앓다,"To be ill, sick with sth",alta
korean_topik_4,k_1852,어제,Yesterday,eoje
korean_topik_4,k_1853,오직,"Only, merely, solely",ojig
korean_topik_4,k_1854,위험하다,To be dangerous,wihyeomhada
korean_topik_4,k_1855,자신,Self-confidence,jasin
korean_topik_4,k_1856,잠시,For a little while,jamsi
korean_topik_4,k_1857,졸업하다,To graduate,joreopada
korean_topik_4,k_1858,증거,"evidence,proof",jeunggeo
korean_topik_4,k_1859,초점,"A focus, a focal point",chojeom
korean_topik_4,k_1860,포함되다,To be included in,pohamdoeda
korean_topik_4,k_1861,호랑이,A tiger,horangi
korean_topik_4,k_1862,강화하다,Strengthen,ganghwahada
korean_topik_4,k_1863,공포,Fear or dread,gongpo
korean_topik_4,k_1864,권위,1) Authority or power 2) dignity or prestige,gwonwi
korean_topik_4,k_1865,덜,"Less, incompletely",deol
korean_topik_4,k_1866,미루다,"Postpone ; (2) to guess, infer and make an educated guess",miruda
korean_topik_4,k_1867,본래,"originally,primarily",bollae
korean_topik_4,k_1868,부엌,Kitchen,bueok
korean_topik_4,k_1869,세금,Tax,segeum
korean_topik_4,k_1870,실정,The actual situation,siljeong
korean_topik_4,k_1871,영양,Nutrition,yeongyang
korean_topik_4,k_1872,육체,"The flesh, the body",yukche
korean_topik_4,k_1873,입구,Entrance,ipgu
korean_topik_4,k_1874,잔뜩,"extremely, to the utmost",jantteuk
korean_topik_4,k_1875,적극,The positive,jeokgeuk
korean_topik_4,k_1876,최소한,At least,choesohan
korean_topik_4,k_1877,펼쳐지다,"Stretch, extend away",pyeolchyeojida
korean_topik_4,k_1878,경험하다,To experience or go through,gyeongheomhada
korean_topik_4,k_1879,그이,That person or he or him / she or her,geui
korean_topik_4,k_1880,넘치다,Overflow,neomchida
korean_topik_4,k_1881,놓치다,"Miss, let slip",nochida
korean_topik_4,k_1882,대기,The atmosphere,daegi
korean_topik_4,k_1883,독립,Independence,dongnip
korean_topik_4,k_1884,머릿속,Inside one’s head,meoritsok
korean_topik_4,k_1885,북쪽,The north direction,bukjjok
korean_topik_4,k_1886,불안하다,"To be uneasy, anxious",buranhada
korean_topik_4,k_1887,쇠고기,Beef,soegogi
korean_topik_4,k_1888,위반,"Violation, infringement",wiban
korean_topik_4,k_1889,카드,Card,kadeu
korean_topik_4,k_1890,평생,A lifetime,pyeongsaeng
korean_topik_4,k_1891,해당하다,To be applied/applicable under,haedanghada
korean_topik_4,k_1892,간부,"The leaders (cadre, exec, executive, management)",ganbu
korean_topik_4,k_1893,관념,An idea or notion,gwannyeom
korean_topik_4,k_1894,굉장히,Very much or greatly,gwinjanghi
korean_topik_4,k_1895,단어,Word,daneo
korean_topik_4,k_1896,덮다,"To cover, veil",deopda
korean_topik_4,k_1897,도와주다,To help,dowajuda
korean_topik_4,k_1898,도입,"introduction, invitation",doip
korean_topik_4,k_1899,몰다,Drive ; to chase or urge on,molda
korean_topik_4,k_1900,배우,Actor,baeu
korean_topik_4,k_1901,비추다,"(1) Shed, throw light on (2) to reflect in the mirror",bichuda
korean_topik_4,k_1902,신발,"shoes, footwear",sinbal
korean_topik_4,k_1903,알,"An egg, spawn (fish)",al
korean_topik_4,k_1904,앞서다,"To go before, precede",apseoda
korean_topik_4,k_1905,여건,"A postulate, a given condition",yeogeon
korean_topik_4,k_1906,오래전,Since a long time before,oraereon
korean_topik_4,k_1907,자격,Qualification,jagyeok
korean_topik_4,k_1908,통제,"control, regulation",tongje
korean_topik_4,k_1909,계단,A staircase or a set of stairs,gye dan
korean_topik_4,k_1910,김치,Spicy cabbage,gimchi
korean_topik_4,k_1911,끄덕이다,Nod,kkeudeogida
korean_topik_4,k_1912,낯설다,"To be unfamiliar with, to be a stranger to ( a person)",natseolda
korean_topik_4,k_1913,높이,Height (noun),nopi
korean_topik_4,k_1914,닮다,Resemble,damda
korean_topik_4,k_1915,마음속,Deep in one’s heart,maeumsok
korean_topik_4,k_1916,못지않다,Be just as good as,motjianta
korean_topik_4,k_1917,반영하다,"Reflect, be reflected",banyeonghada
korean_topik_4,k_1918,뼈,A bone,ppyeo
korean_topik_4,k_1919,성장하다,"To grow,be brought up",seongjanghada
korean_topik_4,k_1920,소속,"Belong to, attached to",sosok
korean_topik_4,k_1921,연결되다,"Connect, attach",yeongyeoldoeda
korean_topik_4,k_1922,장사,"trade,business",jangsa
korean_topik_4,k_1923,제작,"manufacture,production",jejak
korean_topik_4,k_1924,제한,"limits,bounds",jehan
korean_topik_4,k_1925,차다,to kick,chada
korean_topik_4,k_1926,추진,"Propulsion, drive",chujin
korean_topik_4,k_1927,취하다,To be drunk,chwihada
korean_topik_4,k_1928,콩,A bean,kong
korean_topik_4,k_1929,한숨,A breath,hansum
korean_topik_4,k_1930,헤어지다,"Part from, part company with",heeojida
korean_topik_4,k_1931,구입하다,Purchase or buying,guiphada
korean_topik_4,k_1932,날다,To fly,nalda
korean_topik_4,k_1933,너머,"Beyond, on the other side",neomeo
korean_topik_4,k_1934,여간,"just, a little. 여간 ~지 않다 means very very ~다",yeogan
korean_topik_4,k_1935,마련,"planning, making arrangements ; provisions, preparations",maryeon
korean_topik_4,k_1936,살,"flesh,muscle",sal
korean_topik_4,k_1937,선장,A captain,seonjang
korean_topik_4,k_1938,설탕,Sugar,seoltang
korean_topik_4,k_1939,순수하다,To be pure,sunsuhada
korean_topik_4,k_1940,스타일,Style,seutail
korean_topik_4,k_1941,시점,Point in time,sijeom
korean_topik_4,k_1942,싸다,Be inexpensive,ssada
korean_topik_4,k_1943,의사,"An intention, a purpose",uisa
korean_topik_4,k_1944,집중,Concentration,jipjung
korean_topik_4,k_1945,코드,Code,kodeu
korean_topik_4,k_1946,큰일,"An important affair, a serious matter",keunil
korean_topik_4,k_1947,거짓말,A lie or falsehood,geojitmal
korean_topik_4,k_1948,대단하다,"Considerable, grand",daedanhada
korean_topik_4,k_1949,대단히,Extremely,daedanhi
korean_topik_4,k_1950,마주,Face to face,maju
korean_topik_4,k_1951,세계관,A worldview,segyegwan
korean_topik_4,k_1952,온통,"Wholly, entirely",ontong
korean_topik_4,k_1953,의존하다,"To depend on, rely on",uijonhada
korean_topik_4,k_1954,자세히,In detail,jasehi
korean_topik_4,k_1955,점심,Lunch,jeomsim
korean_topik_4,k_1956,정확히,Exactly,jeonghwakhi
korean_topik_4,k_1957,지치다,"Be exhausted, fatigued",jichida
korean_topik_4,k_1958,청년,"A young man, a youth",cheongnyeon
korean_topik_4,k_1959,혀,The tongue,hyeo
korean_topik_4,k_1960,확대하다,"To enlarge,magnify",hwakdaehada
korean_topik_4,k_1961,후춧가루,Ground pepper,huchutgaru
korean_topik_4,k_1962,건설하다,To construct or erect,geonseolhada
korean_topik_4,k_1963,경쟁력,Competitiveness,gyeongjaengryeok
korean_topik_4,k_1964,마침,"Just, exactly",machim
korean_topik_4,k_1965,신용,"confidence,trust",sinyong
korean_topik_4,k_1966,연락,"Connection, communication",yeollak
korean_topik_4,k_1967,온몸,The whole body,onmom
korean_topik_4,k_1968,정,Feeling of attachment,jeong
korean_topik_4,k_1969,정신적,Mental,jeongsinjeok
korean_topik_4,k_1970,증상,Symptoms,jeungsang
korean_topik_4,k_1971,출연하다,"Appear on stage, act, sing",churyeonhada
korean_topik_4,k_1972,칼,A knife,kal
korean_topik_4,k_1973,한꺼번에,All at once,han-kkeo-beo-ne
korean_topik_4,k_1974,강제,Compulsion or coercion,gang-je
korean_topik_4,k_1975,건너다,Go over or go across,geon-neo-da
korean_topik_4,k_1976,깨다,Wake up from sleep,kkae-da
korean_topik_4,k_1977,낚시,Fishing,nak-si
korean_topik_4,k_1978,다가가다,To get near to,da-ga-ga-da
korean_topik_4,k_1979,문자,"letters,character",mun-ja
korean_topik_4,k_1980,묻다,to Stain,mut-da
korean_topik_4,k_1981,비롯되다,"To be begun, to have started",bi-rot-doe-da
korean_topik_4,k_1982,슬프다,"To be sad,sorrowful",seulpeuda
korean_topik_4,k_1983,신부,Bride,sinbu
korean_topik_4,k_1984,여겨지다,"To look, appear, think of sth as",yeogyeojida
korean_topik_4,k_1985,오징어,"Cuttlefish, squid",ojingeo
korean_topik_4,k_1986,요금,"A rate, a fare",yogeum
korean_topik_4,k_1987,용돈,"Pocket money, money for expenses",yongdon
korean_topik_4,k_1988,위주,Put first in importance,wiju
korean_topik_4,k_1989,음료,"A beverage, a drink",eumnyo
korean_topik_4,k_1990,의자,A chair,uija
korean_topik_4,k_1991,전자,An electron,jeonja
korean_topik_4,k_1992,전해지다,To be transmitted,jeonhaejida
korean_topik_4,k_1993,전환,"To exchange, convert, change",jeonhwan
korean_topik_4,k_1994,지경,"A boundary,situation,state",jijyeong
korean_topik_4,k_1995,진행,"Progress, advance",jinhaeng
korean_topik_4,k_1996,카메라,Camera,kamera
korean_topik_4,k_1997,통증,"An ache, pain",tongjeung
korean_topik_4,k_1998,편리하다,"To be convenient, handy",pyeollihada
korean_topik_4,k_1999,하천,"A river, watercourse",hacheon
korean_topik_4,k_2000,현금,"Cash, ready funds, not a credit card",hyeongeum
korean_topik_4,k_2001,화학,Chemistry,hwahak
korean_topik_4,k_2002,활발하다,"Be lively, sprightly",hwalbalhada
korean_topik_4,k_2003,가리다,Pile up or  stack up or heap up,garida
korean_topik_4,k_2004,거칠다,Coarse (texture) or  wild (behavior) or  (rain and wind) rough or  wild,geochilda
korean_topik_4,k_2005,그나마,Even though or  nevertheless,geunamana
korean_topik_4,k_2006,껍질,Skin or  nutshell,kkeopjil
korean_topik_4,k_2007,남부,The south part,nambu
korean_topik_4,k_2008,명령,"An order,command",myeongnyeong
korean_topik_4,k_2009,몰래,"secretly,quietly",mollae
korean_topik_4,k_2010,무조건,Unconditional,mujogeon
korean_topik_4,k_2011,반장,Squad leader,banjang
korean_topik_4,k_2012,부근,"neighborhood,vicinity",bugeun
korean_topik_4,k_2013,선택,A choice,seontaek
korean_topik_4,k_2014,역사가,Historian,yeoksaga
korean_topik_4,k_2015,연구자,Researcher,yeonguja
korean_topik_4,k_2016,연기자,"A performer, an actor",yeongija
korean_topik_4,k_2017,조그맣다,"Be tiny,small",jogeumata
korean_topik_4,k_2018,줄기,"A trunk, stem, stalk",julgi
korean_topik_4,k_2019,찾아내다,"To find out, discover",chajanaeda
korean_topik_4,k_2020,토요일,Saturday,toyoil
korean_topik_4,k_2021,경찰관,a policeman,gyeongchalgwan
korean_topik_4,k_2022,권하다,1) advise or  persuade 2) recommend,gwonhada
korean_topik_4,k_2023,극장,Theater or  playhouse,geukjang
korean_topik_4,k_2024,끝내,The end,kkeunnae
korean_topik_4,k_2025,대문,A big gate,daemun
korean_topik_4,k_2026,더욱이,"Besides, moreover",deougi
korean_topik_4,k_2027,별도,A separate way,byeoldo
korean_topik_4,k_2028,비극,A tragedy,bizeuk
korean_topik_4,k_2029,솜씨,"skill,ability",somssi
korean_topik_4,k_2030,시내,The city,sinae
korean_topik_4,k_2031,신,"joy,delight",sin
korean_topik_4,k_2032,실내,In the room,sillae
korean_topik_4,k_2033,쏟다,To pour .  붓다,ssotda
korean_topik_4,k_2034,연결하다,"Connect, attach",yeongyeolhada
korean_topik_4,k_2035,외교,Diplomacy,oegyo
korean_topik_4,k_2036,주머니,Pocket,jumeoni
korean_topik_4,k_2037,계약,Contract,gyeyak
korean_topik_4,k_2038,과장,The department/section head,gwajang
korean_topik_4,k_2039,극,Drama or  play,geuk
korean_topik_4,k_2040,나란히,"In a line, row",narani
korean_topik_4,k_2041,다방,Tea room,dabang
korean_topik_4,k_2042,부끄럽다,"Be shameful,disgraceful",bukkeureopda
korean_topik_4,k_2043,성공,"success,achievement",seonggong
korean_topik_4,k_2044,수행하다,Accomplishment,suhaenghada
korean_topik_4,k_2045,신청,"application,request",sincheong
korean_topik_4,k_2046,실로,"really,indeed",sillo
korean_topik_4,k_2047,아픔,Pain,apeum
korean_topik_4,k_2048,알아듣다,To listen and comprehend,aradeutda
korean_topik_4,k_2049,약간,"Some, a little",yakgan
korean_topik_4,k_2050,연기,"Smoke, fume",yeongi
korean_topik_4,k_2051,이동,"movement,migration,drift",idong
korean_topik_4,k_2052,인연,Cause and occasion,inyeon
korean_topik_4,k_2053,일행,"A party, a troupe; a row, a line",ilhaeng
korean_topik_4,k_2054,지도,"Instruction, guidance",jido
korean_topik_4,k_2055,지식인,An intellectual,jisigin
korean_topik_4,k_2056,진지하다,"To be serious, earnest",jinjihada
korean_topik_4,k_2057,치다,"to count, reckon, calculate",chida
korean_topik_4,k_2058,호흡,"Respiration, breath",hoheup
korean_topik_4,k_2059,흔들리다,"Shake, swing,rock,tremble",heundeullida
korean_topik_4,k_2060,기온,Temperature,gion
korean_topik_4,k_2061,날아가다,To fly away,naragada
korean_topik_4,k_2062,많아지다,Become a lot,manajida
korean_topik_4,k_2063,바위,"A rock, a crag",bawi
korean_topik_4,k_2064,버릇,Habit,beoreut
korean_topik_4,k_2065,비판하다,To criticize,bipanhada
korean_topik_4,k_2066,빨갛다,"deep-red,crimson",ppalgata
korean_topik_4,k_2067,세워지다,To become erected,sewjida
korean_topik_4,k_2068,술집,Bar of some kind,suljip
korean_topik_4,k_2069,쉬다,to breathe,swida
korean_topik_4,k_2070,오랜만,After a long time,oraenman
korean_topik_4,k_2071,일부러,"On purpose, intentionally",ilbureo
korean_topik_4,k_2072,전체적,"entirely,generally",jeonchejeok
korean_topik_4,k_2073,절반,Half,jeolban
korean_topik_4,k_2074,접근하다,"approach,get near",jeopgeunhada
korean_topik_4,k_2075,편안하다,To be peaceful,pyeonanada
korean_topik_4,k_2076,확실히,"certainly,for sure",hwaksilhi
korean_topik_4,k_2077,흩어지다,Scatter about,heuteojida
korean_topik_4,k_2078,갈다,1) sharpen  (a blade) 2) rub or  chafe 3) make juice in a mixer,galda
korean_topik_4,k_2079,교류,Interchange (cultural) ; alternating current (electrical),gyoryu
korean_topik_4,k_2080,글쓰기,Writing,geulsseugi
korean_topik_4,k_2081,기후,Climate or  weather,gihu
korean_topik_4,k_2082,내내,"All along, the entire time",naenae
korean_topik_4,k_2083,대기업,Big enterprise,daegieop
korean_topik_4,k_2084,대응하다,Cope or correspond to,daeeunghada
korean_topik_4,k_2085,도구,"Tool, instrument",dogu
korean_topik_4,k_2086,매력,"fascination,charm, bewitchery",maeryeok
korean_topik_4,k_2087,백,Hundreds of,baek
korean_topik_4,k_2088,보험,"guarantee,insurance",boheom
korean_topik_4,k_2089,부럽다,Be enviable,bureopda
korean_topik_4,k_2090,부장,Head of a department,bujang
korean_topik_4,k_2091,섞이다,"To be mixed,blended",seokkida
korean_topik_4,k_2092,소,A cow,so
korean_topik_4,k_2093,심리,A mental state,simni
korean_topik_4,k_2094,심정,"one’s heart, one’s feelings",simjeong
korean_topik_4,k_2095,쏘다,"(1) To shoot  (2) to sting, bite (an insect, animal)",ssoda
korean_topik_4,k_2096,아줌마,Old or married lady,ajumma
korean_topik_4,k_2097,위치하다,To be located,wichihada
korean_topik_4,k_2098,이룩하다,"Erect, build",irukhada
korean_topik_4,k_2099,이틀,Two days,iteul
korean_topik_4,k_2100,전달하다,To deliver,jeondalhada
korean_topik_4,k_2101,정말로,Really,jeongmallo
korean_topik_4,k_2102,추다,To dance,chuda
korean_topik_4,k_2103,켜다,"To light, turn on, kindle",kyeoda
korean_topik_4,k_2104,코너,Corner,koneo
korean_topik_4,k_2105,행동하다,"To act, behave",haengdonghada
korean_topik_4,k_2106,형사,"A criminal, penal case",hyeonsa
korean_topik_4,k_2107,희곡,"A drama, a play",huigok
korean_topik_4,k_2108,감동,Agitate or  stir up the emotions,gamdong
korean_topik_4,k_2109,공항,Airport,gonghang
korean_topik_4,k_2110,군인,Sb in the military,gunin
korean_topik_4,k_2111,굳이,Firmly or  admanantly,guji
korean_topik_4,k_2112,그늘,1) shade 2)parental prodection,geuneul
korean_topik_4,k_2113,급하다,Be urgent or  pressing or  iminent,geupada
korean_topik_4,k_2114,달걀,An egg,dalgyal
korean_topik_4,k_2115,대중문화,Pop culture,daejungmunhwa
korean_topik_4,k_2116,마련되다,To be planned and arranged,maryeondoeda
korean_topik_4,k_2117,마루,"A wooden floor, floor, flooring",maru
korean_topik_4,k_2118,무게,Weight,muge
korean_topik_4,k_2119,물기,Moisture,mulgi
korean_topik_4,k_2120,성적,"A result,grade",seongjeok
korean_topik_4,k_2121,솔직히,"frankly,candidly",soljikhi
korean_topik_4,k_2122,시도하다,"To try,attempt",sidohada
korean_topik_4,k_2123,아니요,"No, that’s not the case",aniyo
korean_topik_4,k_2124,예절,"propriety,decorum",yejeol
korean_topik_4,k_2125,인상,"Impression, imprint",insang
korean_topik_4,k_2126,인터넷,Internet,inteonet
korean_topik_4,k_2127,적용하다,To apply (sth to sth else),jeogyonghada
korean_topik_4,k_2128,전통적,Traditional,jeontongjeok
korean_topik_4,k_2129,참가하다,"To take part in, join",chamgahada
korean_topik_4,k_2130,치마,A skirt,chima
korean_topik_4,k_2131,친척,Relatives,chincheok
korean_topik_4,k_2132,특정하다,Specify,teukjeonghada
korean_topik_4,k_2133,호텔,Hotel,otel
korean_topik_4,k_2134,경계,Boundary,gyeonggye
korean_topik_4,k_2135,공식,A formula or  formality,gongsik
korean_topik_4,k_2136,그다지,So much or  to that extent,geudaji
korean_topik_4,k_2137,긴장,Tension,ginjang
korean_topik_4,k_2138,깎다,Cut or  trim,kkakda
korean_topik_4,k_2139,다리,Bridge,dari
korean_topik_4,k_2140,머물다,Stay overnight,meomulda
korean_topik_4,k_2141,명예,Honor,myeongye
korean_topik_4,k_2142,뱃사람,"A seaman, sailor",baetsaram
korean_topik_4,k_2143,부처,Buddha,bucheo
korean_topik_4,k_2144,숙이다,Lower one’s head,sugida
korean_topik_4,k_2145,아가씨,"Mis, young lady",agassi
korean_topik_4,k_2146,온도,Temperature,ondo
korean_topik_4,k_2147,이마,Forehead,ima
korean_topik_4,k_2148,절대로,Absolutely,jeoldaero
korean_topik_4,k_2149,지붕,A roof,jibung
korean_topik_4,k_2150,지원하다,"To desire, aspire, hence to apply for [e.g. a job] or volunteer for sth",jiwonhada
korean_topik_4,k_2151,진짜,Real,jinjja
korean_topik_4,k_2152,짙다,"Be dark, dense",jitta
korean_topik_4,k_2153,창밖,Outside the window,changbak
korean_topik_4,k_2154,청소,Cleaning,cheongso
korean_topik_4,k_2155,침묵,Silence,chimmuk
korean_topik_4,k_2156,텍스트,Text,tekseuteu
korean_topik_4,k_2157,표면,"Front, surface, exterior",pyomyeon
korean_topik_4,k_2158,햇살,The rays of the sun,haetsal
korean_topik_4,k_2159,객관적,Objective,gaekgwanjeok
korean_topik_4,k_2160,걱정하다,To worry or  be anxious,geokjeonghada
korean_topik_4,k_2161,경제적,Economical,gyeongjejeok
korean_topik_4,k_2162,구름,A cloud or  the clouds,gureum
korean_topik_4,k_2163,구석,1) a corner  2) an out of the way place,guseok
korean_topik_4,k_2164,끄다,Put out or  extinguish,kkeuda
korean_topik_4,k_2165,담당하다,Take charge of,damdanghada
korean_topik_4,k_2166,벗기다,"Unclothe, undress",beotgida
korean_topik_4,k_2167,부대,"A detachment, squad",budae
korean_topik_4,k_2168,불빛,Fire light,bulbich
korean_topik_4,k_2169,서클,Circle,seokeul
korean_topik_4,k_2170,시청자,TV audience member,sicheongja
korean_topik_4,k_2171,실체,"substance,essence",silche
korean_topik_4,k_2172,엄격하다,"To be strict, serious",eomgyeokhada
korean_topik_4,k_2173,완벽하다,Perfect,wanbyeokhada
korean_topik_4,k_2174,완전하다,To be perfect and faultless,wanjeonhada
korean_topik_4,k_2175,절,A Buddhist temple,jeol
korean_topik_4,k_2176,종업원,waiter/waitress,jong-eob-won
korean_topik_4,k_2177,증가,"An increase,augmentation",jeungga
korean_topik_4,k_2178,출연,Going on stage,chulyeon
korean_topik_4,k_2179,학기,An educational term,hakgi
korean_topik_4,k_2180,한동안,For quite a while,handong-an
korean_topik_4,k_2181,후기,The latter term/period,hugi
korean_topik_4,k_2182,계절,Season,gyejeol
korean_topik_4,k_2183,만지다,To touch,manjida
korean_topik_4,k_2184,목사,A pastor,moksa
korean_topik_4,k_2185,바늘,"A needle, pin",baneul
korean_topik_4,k_2186,버티다,"Endure, tolerate",beotida
korean_topik_4,k_2187,부,"A department, a part",bu
korean_topik_4,k_2188,분포하다,Distribution,bunpohada
korean_topik_4,k_2189,비중,Specific gravity,bijung
korean_topik_4,k_2190,수입,Income,suip
korean_topik_4,k_2191,아이디어,Idea,aidieo
korean_topik_4,k_2192,양쪽,Both sides,yangjjok
korean_topik_4,k_2193,예컨대,"For example, such as",yeokkeondae
korean_topik_4,k_2194,운동장,"Stadium, playground",undongjang
korean_topik_4,k_2195,전개,"unfolding,development,expansion",jeondae
korean_topik_4,k_2196,접촉,"contact,touch",jeopchok
korean_topik_4,k_2197,짐,Luggage ; what is on a person,jim
korean_topik_4,k_2198,풀,Grass (cut the ~),pul
korean_topik_4,k_2199,해마다,"Every year, each year",haenmada
korean_topik_4,k_2200,후배,one’s junior,hubae
korean_topik_4,k_2201,휴가,"holidays,vacation",hyuga
korean_topik_4,k_2202,경기,The business market’s state,gyeonggi
korean_topik_4,k_2203,계곡,A valley or  gorge,gyegok
korean_topik_4,k_2204,국회의원,A member of the national Assembly,gukhoeuiwon
korean_topik_4,k_2205,다투다,Quarrel,datuda
korean_topik_4,k_2206,도저히,(도저히 + negative (지 않다/없다))Absolutely impossible ; by all means,dojeohi
korean_topik_4,k_2207,뻗다,"Stretch out, extend beyond",ppeotda
korean_topik_4,k_2208,생활하다,"To live, make a living",saenghwalhada
korean_topik_4,k_2209,솔직하다,"frankness,candidness",soljikada
korean_topik_4,k_2210,안타깝다,To be heart-breaking,antakkapda
korean_topik_4,k_2211,앞장서다,To be in the lead/ at the head,apjangseoda
korean_topik_4,k_2212,요청하다,"To ask for, to request",yocheonghada
korean_topik_4,k_2213,이르다,"Be early, premature",ireuda
korean_topik_4,k_2214,일치하다,"Agree with, to be in accord with",ilchihada
korean_topik_4,k_2215,젓다,"To make a sign,gesticulate",jeotda
korean_topik_4,k_2216,정치권,Political rights,jeongchigwon
korean_topik_4,k_2217,처녀,"A virgin, a young maiden",cheonyeo
korean_topik_4,k_2218,축제,a festival,chukje
korean_topik_4,k_2219,터뜨리다,"Break, burst,explode",teotteurida
korean_topik_4,k_2220,학습,"Learning, education",hakseup
korean_topik_4,k_2221,개발되다,To be developed or  exploited,gaebaldoeda
korean_topik_4,k_2222,높이,"High, aloft (adverb)",nopi
korean_topik_4,k_2223,당연히,Of course,dangyeonhi
korean_topik_4,k_2224,대비하다,"Provide for, prepare onself for",daebihada
korean_topik_4,k_2225,마구,"continuously, without pause",magu
korean_topik_4,k_2226,만남,A meeting,mannam
korean_topik_4,k_2227,미디어,Media,midieo
korean_topik_4,k_2228,복도,A corridor,bokdo
korean_topik_4,k_2229,수상,The prime minister,susang
korean_topik_4,k_2230,쓰러지다,"Fall, collapse",sseureojida
korean_topik_4,k_2231,영상,"An image [picture], reflection (moving pictures, movies)",yeongsang
korean_topik_4,k_2232,영혼,"A soul, a spirit",yeonghon
korean_topik_4,k_2233,운전사,The driver (of a taxi),unjeonsa
korean_topik_4,k_2234,자랑스럽다,To be proud,jarangseureopda
korean_topik_4,k_2235,잠깐,For a little while,jamkkan
korean_topik_4,k_2236,적당하다,To be appropriate,jeokdanghada
korean_topik_4,k_2237,적용되다,To be applied,jeogyongdoeda
korean_topik_4,k_2238,주,One week,ju
korean_topik_4,k_2239,지속적,Continuous,jisokjeok
korean_topik_4,k_2240,진행하다,"Advance, proceed",jinhaenghada
korean_topik_4,k_2241,차별,"distinction,differentiation",chabyeol
korean_topik_4,k_2242,곳곳,Everywhere,gotgot
korean_topik_4,k_2243,구분,A division or  section,gubun
korean_topik_4,k_2244,금지,Forbidden or  prohibitted,geumji
korean_topik_4,k_2245,내지,From A to B,naeji
korean_topik_4,k_2246,달려오다,Come running,dallyeo-oda
korean_topik_4,k_2247,분노,"rage,anger",bunno
korean_topik_4,k_2248,비교,A comparison,bigyo
korean_topik_4,k_2249,소위,What is called for,so-wi
korean_topik_4,k_2250,스치다,Graze past,seuchida
korean_topik_4,k_2251,역사적,Historical,yeoksajeok
korean_topik_4,k_2252,열차,Train,yeolcha
korean_topik_4,k_2253,요즈음,"Recently, nowadays",yojeureum
korean_topik_4,k_2254,유난히,"uncommon,exceptional",yunanhi
korean_topik_4,k_2255,의무,"A duty, an obligation",uimu
korean_topik_4,k_2256,잃어버리다,To lose,ireobeorida
korean_topik_4,k_2257,잠깐,For a little while,jamkkan
korean_topik_4,k_2258,잠들다,Fall asleep,jamdeulda
korean_topik_4,k_2259,정식,"Formality, due form",jeongsik
korean_topik_4,k_2260,조용하다,"To be quiet,still",joyonghada
korean_topik_4,k_2261,즉시,"At once,immediately",jeuksi
korean_topik_4,k_2262,최선,"The best, one’s best",choeseon
korean_topik_4,k_2263,탑,A tower,tap
korean_topik_4,k_2264,한복,Korean traditional clothing,hanbok
korean_topik_4,k_2265,활동하다,"To be active, lead an active life",hwaldonghada
korean_topik_4,k_2266,건축,Construction or  building or  erection,geonchuk
korean_topik_4,k_2267,귀엽다,To be cute,gwiyeopda
korean_topik_4,k_2268,답답하다,Feel anxious,dapdapada
korean_topik_4,k_2269,당황하다,Be confused,danghwanghada
korean_topik_4,k_2270,말,Horse,mal
korean_topik_4,k_2271,밀가루,Flour,milgaru
korean_topik_4,k_2272,바깥,Outside,bakkat
korean_topik_4,k_2273,바지,Pants,baji
korean_topik_4,k_2274,벌리다,"Open, wide",beollida
korean_topik_4,k_2275,보고서,Report,bogoseo
korean_topik_4,k_2276,보관하다,Keep in one’s custody,bogwanhada
korean_topik_4,k_2277,부딪치다,"Collide with, bump against",budichida
korean_topik_4,k_2278,빨래,"washing,laundry",ppallae
korean_topik_4,k_2279,상하다,"damage,injure",sanghada
korean_topik_4,k_2280,설치,"establisment,institution",seolchi
korean_topik_4,k_2281,식용유,Food oil,sigyongyu
korean_topik_4,k_2282,싫어하다,"To dislike, be reluctant (to do)",silheohada
korean_topik_4,k_2283,업종,Types of industry,eopjong
korean_topik_4,k_2284,연출,"Production, presentation",yeonchul
korean_topik_4,k_2285,테이블,Table,teibeul
korean_topik_4,k_2286,트이다,"Get cleared out, open up",teuida
korean_topik_4,k_2287,피곤하다,"To be very tired, exhausted",pigonhada
korean_topik_4,k_2288,한국어,Korean (language),hangugeo
korean_topik_4,k_2289,한자,"Korean character, derived from chinese",hanja
korean_topik_4,k_2290,겁,Fear or  fright,geop
korean_topik_4,k_2291,관리,A government official,gwalli
korean_topik_4,k_2292,국제화,Internationalization,gukje화
korean_topik_4,k_2293,근육,Muscles,geunyuk
korean_topik_4,k_2294,깔리다,To be spread or  overspread,kkallida
korean_topik_4,k_2295,사전,"beforehand,in advance",sajeon
korean_topik_4,k_2296,산소,Oxygen,sanso
korean_topik_4,k_2297,석유,Petroleum,seogyu
korean_topik_4,k_2298,소리치다,"To shout, yell",sorichida
korean_topik_4,k_2299,시,City,si
korean_topik_4,k_2300,신선하다,Fresh,sinseonhada
korean_topik_4,k_2301,안경,Glasses,angyeong
korean_topik_4,k_2302,약속하다,To make a promise,yaksokhada
korean_topik_4,k_2303,연합,"Combination, federacy, union",yeonhap
korean_topik_4,k_2304,인격,"Personality, character",in-gyeok
korean_topik_4,k_2305,장,A chapter in a book,jang
korean_topik_4,k_2306,적,The enemy,jeok
korean_topik_4,k_2307,조심하다,To be careful,josimhada
korean_topik_4,k_2308,질,"Quality, character",jil
korean_topik_4,k_2309,찌르다,"stab,thrust",jjireuda
korean_topik_4,k_2310,책임자,Person responsible,chaegimja
korean_topik_4,k_2311,총,"all,entire,whole",chong
korean_topik_4,k_2312,취미,Hobby,chwimi
korean_topik_4,k_2313,표,"A marker, indication",pyo
korean_topik_4,k_2314,품목,"The name of an article, a list of articles",pumok
korean_topik_4,k_2315,확대되다,To be magnified,hwakdaedoeda
korean_topik_4,k_2316,거실,Living room,geosil
korean_topik_4,k_2317,논,A rice field,non
korean_topik_4,k_2318,덥다,"Be hot, heated",deopda
korean_topik_4,k_2319,바보,Ignorant,babo
korean_topik_4,k_2320,별,Classified by,byeol
korean_topik_4,k_2321,보람,"worth,result",boram
korean_topik_4,k_2322,부작용,"reaction,side effect",bujagyong
korean_topik_4,k_2323,비난,"Criticism, reproach",binan
korean_topik_4,k_2324,신고,"A statement,declaration",singo
korean_topik_4,k_2325,야구,Baseball,yagu
korean_topik_4,k_2326,어떡하다,"To take some measures, to manage somehow",eotteokada
korean_topik_4,k_2327,예상,"Expectation, anticipation; forecast, preconception, prenotion",yesang
korean_topik_4,k_2328,위협,"Menace, threat, intimidation",wihyeop
korean_topik_4,k_2329,이,A tooth,i
korean_topik_4,k_2330,이상,"An ideal, a goal",isang
korean_topik_4,k_2331,잠기다,Sink in water,jamgida
korean_topik_4,k_2332,주고받다,"Give and receive, exchange",jugobata
korean_topik_4,k_2333,주먹,Fist,jumyeok
korean_topik_4,k_2334,지지,"support,backing",jiji
korean_topik_4,k_2335,털다,"To shake off, brush up",teolda
korean_topik_4,k_2336,경고,Warning,gyeonggo
korean_topik_4,k_2337,공개하다,Open to the public,gonggaehaeda
korean_topik_4,k_2338,과목,A subject or  a lesson,gwamok
korean_topik_4,k_2339,구경,An enjoyable sight or spectacle,gugyeong
korean_topik_4,k_2340,그분,That person (respectful),geubun
korean_topik_4,k_2341,근무,Duty or  service or  work,geunmu
korean_topik_4,k_2342,논쟁,"Controversy, argument",nonjaeng
korean_topik_4,k_2343,달아나다,"Escape, flee",darana-da
korean_topik_4,k_2344,묶다,"bind,tie",mukda
korean_topik_4,k_2345,성명,"A declaration,statement",seongmyeong
korean_topik_4,k_2346,소스,Sauce,soseu
korean_topik_4,k_2347,수십,Tens of sth,susip
korean_topik_4,k_2348,신다,"Put on, wear",sinda
korean_topik_4,k_2349,우리말,Korean (language),urimal
korean_topik_4,k_2350,유교,Confucianism,yugyo
korean_topik_4,k_2351,이불,"Bedding, bed clothes",ibul
korean_topik_4,k_2352,이성,"Reason, reasoning",iseong
korean_topik_4,k_2353,일상,"Everyday, usual, ordinary",ilsang
korean_topik_4,k_2354,자동,"self-acting, self-moving, automatic",jadong
korean_topik_4,k_2355,장래,The future,jangnae
korean_topik_4,k_2356,전개되다,"To be unfolded,spread out",jeondoedoda
korean_topik_4,k_2357,죄송하다,"regret,be sorry for",joesonghada
korean_topik_4,k_2358,중요성,"importance,gravity",jungyoseong
korean_topik_4,k_2359,크다,"To be big, large",keuda
korean_topik_4,k_2360,탤런트,Talent,tallenteu
korean_topik_4,k_2361,특별히,Especially,teukbyeolhi
korean_topik_4,k_2362,품질,The quality of the article ( but not the article itself),pumjil
korean_topik_4,k_2363,회견,"An interview, a meeting",hoegyeon
korean_topik_4,k_2364,훔치다,To steal,humchida
korean_topik_4,k_2365,흔적,"traces,signs,evidences",heunjeok
korean_topik_4,k_2366,고전,A classic in literature,gojeon
korean_topik_4,k_2367,과학적,Scientifically,gwahakjeok
korean_topik_4,k_2368,구분하다,To divide or  to classify,gubunhada
korean_topik_4,k_2369,그럼,Interjection: “yeh or  that’s right”,geureom
korean_topik_4,k_2370,뇌,Brains,noe
korean_topik_4,k_2371,봉투,Envelope,bongtu
korean_topik_4,k_2372,분명,Obviousness,bunmyeong
korean_topik_4,k_2373,사설,An editorial,saseol
korean_topik_4,k_2374,승리,A victory,seungni
korean_topik_4,k_2375,좌우,Left and right,jwau
korean_topik_4,k_2376,주,"one’s master, ones employer",ju
korean_topik_4,k_2377,지다,Set (the sun),jida
korean_topik_4,k_2378,추억,Memory,chueok
korean_topik_4,k_2379,하여튼,Anyways,ha_yet-eun
korean_topik_4,k_2380,함부로,"Indiscriminately, at random",hamburo
korean_topik_4,k_2381,향기,"fragrance,aroma,perfume",hyanggi
korean_topik_4,k_2382,현지,"The actual place, the very spot",hyeonji
korean_topik_4,k_2383,가늘다,Thin or  fine or  slender,ganeulda
korean_topik_4,k_2384,개인적,Private or  personal,gaeinjeok
korean_topik_4,k_2385,겉,The outer surface,geot
korean_topik_4,k_2386,굽히다,Bend or  stoop,gupida
korean_topik_4,k_2387,근무하다,Work or  labor,geunmuhada
korean_topik_4,k_2388,깜짝,With a surprise,kkamjjak
korean_topik_4,k_2389,넓히다,Widen,neolpida
korean_topik_4,k_2390,대,"1) Versus 2)a pair, counterpart",dae
korean_topik_4,k_2391,매년,Every year,maenyeon
korean_topik_4,k_2392,발생,1) Birth 2) development,balssaeng
korean_topik_4,k_2393,셋,Three,set
korean_topik_4,k_2394,소주,Korean sake,soju
korean_topik_4,k_2395,손바닥,The palm,sonbadak
korean_topik_4,k_2396,승용차,A passenger car,seungyongcha
korean_topik_4,k_2397,어색하다,"To be awkward, shy with words, speechless",eosaekhada
korean_topik_4,k_2398,얹다,"Put on, place, lay, set",eontda
korean_topik_4,k_2399,의학,Medical science,uihak
korean_topik_4,k_2400,장점,"A merit,strong point",jangjeom
korean_topik_4,k_2401,적당히,"suitable,proper",jeokdanghi
korean_topik_4,k_2402,줍다,"Pick up, gather",jupda
korean_topik_4,k_2403,진출,An advance,jincheol
korean_topik_4,k_2404,창조,Creation,changjo
korean_topik_4,k_2405,킬로그램,Kilogram,killogeuraem
korean_topik_4,k_2406,평범하다,"Plain, average",pyeongbeomhada
korean_topik_4,k_2407,프로,Program,peuro
korean_topik_4,k_2408,홍보,"Public information, public relations",hongbo
korean_topik_4,k_2409,확인,"A check,confirmation",hwagin
korean_topik_4,k_2410,가루,Powder or  flour; meal,garu
korean_topik_4,k_2411,건지다,Take or bring out of the water or  2) rescue a person from danger,geonjida
korean_topik_4,k_2412,깨지다,To break,kkaejida
korean_topik_4,k_2413,내다보다,Look out for,naedaboda
korean_topik_4,k_2414,대량,A large quantity,daeryang
korean_topik_4,k_2415,마땅하다,"Be right, approppriate",mattanghada
korean_topik_4,k_2416,바로잡다,Straighten,barojapda
korean_topik_4,k_2417,박히다,Be nailed in,bakhida
korean_topik_4,k_2418,방금,Just now,banggeum
korean_topik_4,k_2419,생선,Raw fish,saengseon
korean_topik_4,k_2420,슬픔,Sorrow,seulpeum
korean_topik_4,k_2421,아무렇지 않다,"To be indifferent, casually",amureochiantha
korean_topik_4,k_2422,이용되다,To be used,iyongdoeda
korean_topik_4,k_2423,이튿날,The second day after,iteunnal
korean_topik_4,k_2424,임시,"Temporary, special",imsi
korean_topik_4,k_2425,제거하다,"exclusion,removal",jegeohada
korean_topik_4,k_2426,줄다,Diminish,julda
korean_topik_4,k_2427,지구,"A district,region",jigu
korean_topik_4,k_2428,지우다,To erase,jiuda
korean_topik_4,k_2429,참기름,Sesame oil,chamgireum
korean_topik_4,k_2430,통,"A tub, a cask",tong
korean_topik_4,k_2431,특수,"characteristic,distinct,unique",teuksu
korean_topik_4,k_2432,팬,Pan,paen
korean_topik_4,k_2433,합치다,"combine,unite",hapchida
korean_topik_4,k_2434,호기심,Curiousity,hogisim
korean_topik_4,k_2435,골목,A side street or  alley,golmok
korean_topik_4,k_2436,기운,Strength or  might (the strength you feel you have on that particular day),giun
korean_topik_4,k_2437,기획,Planning,gihoek
korean_topik_4,k_2438,대충,"Almost, nearly, about",daechung
korean_topik_4,k_2439,맞서다,Stand opposite,matseoda
korean_topik_4,k_2440,모자라다,To be insufficient,mojarada
korean_topik_4,k_2441,박다,"Drive,hammer in",bakda
korean_topik_4,k_2442,본성,Original nature or character,bonseong
korean_topik_4,k_2443,상상하다,Imagine,sangsanghada
korean_topik_4,k_2444,생산력,Productive capacity,saengsallyeok
korean_topik_4,k_2445,안전하다,To be safe,anjeonhada
korean_topik_4,k_2446,유학,Studying abroad,yuhak
korean_topik_4,k_2447,이르다,"Inform, report, tell",ireuda
korean_topik_4,k_2448,장비,"equipment,fittings",jangbi
korean_topik_4,k_2449,정치인,Politician,jeongchiin
korean_topik_4,k_2450,정치적,Political,jeongchijeok
korean_topik_4,k_2451,졸업,Graduation,joreop
korean_topik_4,k_2452,처벌,"punishment,penalty",cheobol
korean_topik_4,k_2453,카페,Cafe (place to drink coffee),kape
korean_topik_4,k_2454,콤플렉스,Complex,kompellekseu
korean_topik_4,k_2455,검토,An examination or  investigation or  study,geomto
korean_topik_4,k_2456,그다음,Next,geudaeum
korean_topik_4,k_2457,기법,Techniques,gibeop
korean_topik_4,k_2458,끓다,Boil or  simmer,kkulta
korean_topik_4,k_2459,날아오다,Come flying,naraoda
korean_topik_4,k_2460,농담,A joke,nongdam
korean_topik_4,k_2461,닭,Chicken,dak
korean_topik_4,k_2462,담임,"Charge, duty",damim
korean_topik_4,k_2463,도중,On the way,dojung
korean_topik_4,k_2464,맥주,Beer,maekju
korean_topik_4,k_2465,모래,Sand,morae
korean_topik_4,k_2466,살아남다,Survive,saranamda
korean_topik_4,k_2467,살인,Murder,sarin
korean_topik_4,k_2468,성질,"naure,disposition",seongjil
korean_topik_4,k_2469,신호,"A signal,signaling",sinho
korean_topik_4,k_2470,아버님,Father (respectful word),abeonim
korean_topik_4,k_2471,의심하다,"To be suspicious, to doubt",uisihada
korean_topik_4,k_2472,인,A person,in
korean_topik_4,k_2473,잇따르다,Follow one after another,itttareuda
korean_topik_4,k_2474,자랑하다,To be proud,jaranghada
korean_topik_4,k_2475,자판,Keyboard,japan
korean_topik_4,k_2476,적용,Application,jeogyong
korean_topik_4,k_2477,전기,the former period/term,jeongi
korean_topik_4,k_2478,중반,"At the middle stage (of a game or contest, or otherwise)",jungban
korean_topik_4,k_2479,지시하다,"To direct, instruct",jisihada
korean_topik_4,k_2480,출발,"To start (a journey,trip)",chulbal
korean_topik_4,k_2481,허용하다,"To permit, approve, grant, allow",heoyonghada
korean_topik_4,k_2482,가르침,Teaching or  an instruction,gareuchim
korean_topik_4,k_2483,각국,Each country,gakguk
korean_topik_4,k_2484,교과서,Textbook,gyogwaseo
korean_topik_4,k_2485,그려지다,Draw,geuryeojida
korean_topik_4,k_2486,꾸준히,"Untiringly, ceaselessly",kkujunhi
korean_topik_4,k_2487,년도,Year,nyeondo
korean_topik_4,k_2488,다수,A great number,dasu
korean_topik_4,k_2489,덕분,Indebtedness,deokbun
korean_topik_4,k_2490,무리,Be unreasonable,muri
korean_topik_4,k_2491,물음,A question,mureum
korean_topik_4,k_2492,빌다,"pray,wish,ask",bilda
korean_topik_4,k_2493,수영,Swimming,suyeong
korean_topik_4,k_2494,스님,A priest,seunim
korean_topik_4,k_2495,썩다,"Go bad, rot",sseokda
korean_topik_4,k_2496,어머님,Mother (respectful word),eomeonim
korean_topik_4,k_2497,엉뚱하다,"Be extraordinary, extravagant ; to misdirect somebody`s attention",eongttonghada
korean_topik_4,k_2498,여보,Spouse (term of affection),yeobo
korean_topik_4,k_2499,잊어버리다,To forget,ijeobeorida
korean_topik_4,k_2500,정면,"The front, the facade",jeongmyeon
korean_topik_5,k_2501,조각,Sculpture,jogak
korean_topik_5,k_2502,태우다,"Burn, commit to flames",taeu-da
korean_topik_5,k_2503,해석,"Interpretation, a comment",haeseok
korean_topik_5,k_2504,가리다,Choose or  select,garida
korean_topik_5,k_2505,개국,The foundation of a country,gaeguk
korean_topik_5,k_2506,계산하다,To calculate,gyesanhada
korean_topik_5,k_2507,근원,The origin or  root or  source,geunwon
korean_topik_5,k_2508,기차,A train,gicha
korean_topik_5,k_2509,담그다,Soak in water,damgeuda
korean_topik_5,k_2510,마음대로,As you wish,maeumdaero
korean_topik_5,k_2511,며느리,Daughter-in-law,myeoneuri
korean_topik_5,k_2512,믿음,Belief,mideum
korean_topik_5,k_2513,발견,Discovery,balgyeon
korean_topik_5,k_2514,보고,"report,information",bogo
korean_topik_5,k_2515,부탁하다,Ask sb a favor,butakhada
korean_topik_5,k_2516,사용자,"A user,consumer,employer",sayongja
korean_topik_5,k_2517,사회주의,Socialism,sahoejuui
korean_topik_5,k_2518,설치되다,To be established,seolchidoeda
korean_topik_5,k_2519,수도권,The Metropolitan area,sudogwon
korean_topik_5,k_2520,식탁,Dinner table,siktak
korean_topik_5,k_2521,실패하다,To fail,silpaehada
korean_topik_5,k_2522,영원하다,To be eternal,yeongwonhada
korean_topik_5,k_2523,우연히,"accidentally,by chance",uyeonhi
korean_topik_5,k_2524,자극,A stimulus,jagyeok
korean_topik_5,k_2525,정해지다,"To be determined, settled",jeonghaejida
korean_topik_5,k_2526,짚다,"Feel, examine",jipda
korean_topik_5,k_2527,총리,"General overseeing, presiding over",chongni
korean_topik_5,k_2528,칭찬,"Praide, admiration",chingchan
korean_topik_5,k_2529,튼튼하다,"Solid, compact, firm",teunteunhada
korean_topik_5,k_2530,햇빛,"Sunshine, sunlight",haetbit
korean_topik_5,k_2531,공원,Park,gongwon
korean_topik_5,k_2532,긍정적,Affirmation or  admission,geungjeongjeok
korean_topik_5,k_2533,논의하다,Discussion,nonuihada
korean_topik_5,k_2534,대출,Lending,daechul
korean_topik_5,k_2535,덕,"Virtue, morality",deok
korean_topik_5,k_2536,먼지,Dust,meonji
korean_topik_5,k_2537,바닷가,The beach,badatga
korean_topik_5,k_2538,바치다,"Give, offer",bachida
korean_topik_5,k_2539,반하다,To be contrary to,banhada
korean_topik_5,k_2540,발표되다,Be announced,balpyodoeada
korean_topik_5,k_2541,부정하다,"Be uncertain,irregular",bujeonghada
korean_topik_5,k_2542,불러일으키다,"rouse,stir up",bulleoil-eukida
korean_topik_5,k_2543,사원,Company employee,sawon
korean_topik_5,k_2544,소유자,Possessor,soyuja
korean_topik_5,k_2545,씹다,To chew,ssipda
korean_topik_5,k_2546,아무튼,In any case,amuteun
korean_topik_5,k_2547,안되다,"Must not, should not",andoeda
korean_topik_5,k_2548,액수,"A sum, an amount",aeksu
korean_topik_5,k_2549,왠지,"I don’t know why, there is no reason for it",waenji
korean_topik_5,k_2550,욕심,"Greed, selfishness",yoksim
korean_topik_5,k_2551,우승,First place,useung
korean_topik_5,k_2552,익다,"Ripe, be ripe",ikda
korean_topik_5,k_2553,제출하다,"To submit,tender",jechulhada
korean_topik_5,k_2554,조심스럽다,Cautious,josimseureopda
korean_topik_5,k_2555,직전,Just immediately before,jikjeon
korean_topik_5,k_2556,짐작하다,"To guess, infer",jimjakada
korean_topik_5,k_2557,택하다,"Choose, select",taekhada
korean_topik_5,k_2558,터,"A site, place",teo
korean_topik_5,k_2559,피시,"PC, personal computer",pisi
korean_topik_5,k_2560,흘러나오다,"Flow out, run, effuse",heulleonaoda
korean_topik_5,k_2561,가구,Family,gagu
korean_topik_5,k_2562,간단히,Simply speaking,gan-danhi
korean_topik_5,k_2563,강물,River water,gangmul
korean_topik_5,k_2564,궁극적,"Finally or in the end, 마지막으로",gunggeukjeok
korean_topik_5,k_2565,극히,Exceedingly or  extremely,geukhi
korean_topik_5,k_2566,기여하다,Contribute or  add much to,giyeohada
korean_topik_5,k_2567,꼭,Tightly or  fast,kkok
korean_topik_5,k_2568,날짜,Date,naljja
korean_topik_5,k_2569,대륙,A continent,daeryuk
korean_topik_5,k_2570,모니터,Monitor,moniteo
korean_topik_5,k_2571,범인,A criminal,beomin
korean_topik_5,k_2572,변동,"Change, flucutation",byeondong
korean_topik_5,k_2573,불가피하다,"Inevitable, unavoidable",bulgapihada
korean_topik_5,k_2574,삶다,"boil,cook (eggs)",samda
korean_topik_5,k_2575,샌드위치,Sandwich,saendeuwichi
korean_topik_5,k_2576,서류,"documents,papers",seoryu
korean_topik_5,k_2577,손해,"damage,injury",sonhae
korean_topik_5,k_2578,숨지다,Breathe one’s last breath,sumjida
korean_topik_5,k_2579,아유,Good heavens!,ayu
korean_topik_5,k_2580,요청,"request,demand,claim",yocheong
korean_topik_5,k_2581,운,"Fortune, luck, fate",un
korean_topik_5,k_2582,일상생활,Everyday (daily) life,ilsangsaenghwal
korean_topik_5,k_2583,자존심,Self-confidence,jajonsim
korean_topik_5,k_2584,주저앉다,"Sit down, plump down",jujeoanda
korean_topik_5,k_2585,증권사,Securities corporation,jeunggwon-sa
korean_topik_5,k_2586,진하다,"Be dark, deep",jinhada
korean_topik_5,k_2587,초원,"A plain, a prarie",chowon
korean_topik_5,k_2588,최종,"last,final,terminal",choejong
korean_topik_5,k_2589,회복하다,"To recover, get better, get well again",hoebokada
korean_topik_5,k_2590,흘러가다,"flow,run,drift along",heulleogada
korean_topik_5,k_2591,흥미,"interest,zeal",heungmi
korean_topik_5,k_2592,검사,A public prosecutor,geomsa
korean_topik_5,k_2593,그쪽,Those people,geujjok
korean_topik_5,k_2594,꾸다,Borrow or  loan,kkuda
korean_topik_5,k_2595,내려다보다,Overlook,naeryeodaboda
korean_topik_5,k_2596,눈썹,The eyebrow,nunsseop
korean_topik_5,k_2597,대신하다,"Relieve, replace another",daesinhada
korean_topik_5,k_2598,마디,"A word, a tune, a song,  a paragraph",madi
korean_topik_5,k_2599,미처,To that extent,micheo
korean_topik_5,k_2600,비닐,"a thin sheet of plastic, vinyl",binil
korean_topik_5,k_2601,비율,"ratio,percentage",biyul
korean_topik_5,k_2602,생물,A living thing,saengmul
korean_topik_5,k_2603,소음,"A noise,cacaphony",so-eum
korean_topik_5,k_2604,양국,Both countries,yangguk
korean_topik_5,k_2605,얼핏,at a momentary glance or intermittently appearing (e.g. catch a fleeting glimpse of),eolpit
korean_topik_5,k_2606,오래되다,To last for a long time,oraedo-da
korean_topik_5,k_2607,웬,"What sort of, what kind of",wen
korean_topik_5,k_2608,조각,"A piece,scrap,fragment",jogak
korean_topik_5,k_2609,중부,"The center, middle part",jungbu
korean_topik_5,k_2610,차,Tea,cha
korean_topik_5,k_2611,채소,"vegetables,greens",chaeso
korean_topik_5,k_2612,침,Spit,chim
korean_topik_5,k_2613,털,"Hair; fur, feathers",teol
korean_topik_5,k_2614,판매하다,To sell,panmaehada
korean_topik_5,k_2615,항의,A protest,hangui
korean_topik_5,k_2616,해당,Come/fall under the purview of,haedang
korean_topik_5,k_2617,확보,"security,insurance",hwakbo
korean_topik_5,k_2618,환경오염,Environmental pollution,hwangyeong-oyeom
korean_topik_5,k_2619,가치관,"one’s values or sense of values, a value system",gachigwan
korean_topik_5,k_2620,검은색,Black or  dark,geomeunsaek
korean_topik_5,k_2621,고생하다,"To suffer or  to have trials ; to do something you don\’t want to do, 하고 싶자 않은 것",gosaenghada
korean_topik_5,k_2622,기원전,B.C.,giwonjeon
korean_topik_5,k_2623,기타,The others or  the rest,gita
korean_topik_5,k_2624,긴급,Emergency,gin'geup
korean_topik_5,k_2625,꺾다,Break off or  snap off,kkeokda
korean_topik_5,k_2626,꿈꾸다,To dream,kkumkkuda
korean_topik_5,k_2627,무려,"As many as, no less  than",muryeo
korean_topik_5,k_2628,묻히다,Get buried,muchida
korean_topik_5,k_2629,수표,A check,supyo
korean_topik_5,k_2630,실태,"The actual conditions,reality",siltae
korean_topik_5,k_2631,아쉽다,"To miss, feel the loss of",aswipda
korean_topik_5,k_2632,애정,"Love for a person, affection",aejeong
korean_topik_5,k_2633,얘,"Sonny, you there",yae
korean_topik_5,k_2634,어머,Oh my god!,eomeo
korean_topik_5,k_2635,여보세요,Telephone HELLO,yeoboseyo
korean_topik_5,k_2636,일정,"To be fixed, settled, regular",iljeong
korean_topik_5,k_2637,장르,Genre,jangneu
korean_topik_5,k_2638,저렇다,Such a thing as that,jeoreota
korean_topik_5,k_2639,접하다,"adjoin,be adjacent to",jeopada
korean_topik_5,k_2640,정성,"True heart,devotion",jeongseong
korean_topik_5,k_2641,제약,"A condition,restriction",jeyak
korean_topik_5,k_2642,쫓다,"Drive away, chase off",jjotta
korean_topik_5,k_2643,추가,An addition,chuga
korean_topik_5,k_2644,테이프,Tape,teipeu
korean_topik_5,k_2645,품,"Width; bosom, breast (the clothes have a big ~)",pum
korean_topik_5,k_2646,해석,"Analysis, analytical research",haeseok
korean_topik_5,k_2647,확인되다,To be confirmed,hwagindweda
korean_topik_5,k_2648,가하다,To add,gaha-da
korean_topik_5,k_2649,간장,Soy sauce,ganjang
korean_topik_5,k_2650,강의,A lecture or  discourse,gangui
korean_topik_5,k_2651,거,That thing,geo
korean_topik_5,k_2652,고민하다,Be in anguish or  worried,gominhada
korean_topik_5,k_2653,과,1) A course or  branch of study  2) a department or  a faculty,gwa
korean_topik_5,k_2654,교환,An exchange,gyohwan
korean_topik_5,k_2655,국어,1) The national language or  2) Korean,gugeo
korean_topik_5,k_2656,노랗다,Be yellow,norata
korean_topik_5,k_2657,다치다,To hurt,dachida
korean_topik_5,k_2658,상,Upper,sang
korean_topik_5,k_2659,새,An interval,sae
korean_topik_5,k_2660,악기,Musical instrument,akgi
korean_topik_5,k_2661,연말,"The end, close of the year",yeonmal
korean_topik_5,k_2662,올려놓다,Put a thing on a place,ollyeonota
korean_topik_5,k_2663,외면하다,Outward appearance,oemyeonhada
korean_topik_5,k_2664,원고,A manuscript,wongo
korean_topik_5,k_2665,줄곧,"All the time, all through, repeatedly, constantly",julgot
korean_topik_5,k_2666,지출,"Expenses, expenditure",jichul
korean_topik_5,k_2667,차,"difference,margin",cha
korean_topik_5,k_2668,치우다,"Straighten up, tidy, remove",chiuda
korean_topik_5,k_2669,피로,"Fatigue, exhaustion",piro
korean_topik_5,k_2670,향,"perfume,incense",hyang
korean_topik_5,k_2671,개선하다,To renovate or  to improve,gaeseonhada
korean_topik_5,k_2672,계좌,Account,gyejwa
korean_topik_5,k_2673,당기다,Pull,danggida
korean_topik_5,k_2674,들다,"Means continuing the main verb’s action ; to enter/go into ; to hold, to carry",deulda
korean_topik_5,k_2675,말기,"The end, final period",malgi
korean_topik_5,k_2676,말없이,At a loss for words,mareopsi
korean_topik_5,k_2677,망하다,Go to ruin,manghada
korean_topik_5,k_2678,문서,A document,munseo
korean_topik_5,k_2679,박수,Applause,baksu
korean_topik_5,k_2680,부자,A rich person,buja
korean_topik_5,k_2681,사흘,Three days,saheul
korean_topik_5,k_2682,서쪽,The west,seojjok
korean_topik_5,k_2683,성립되다,"To be concluded, formed",seongnipdoeda
korean_topik_5,k_2684,손자,Grandson,sonja
korean_topik_5,k_2685,신랑,A bridegroom,sillang
korean_topik_5,k_2686,실습,"Actual training,practice",silseup
korean_topik_5,k_2687,일찍이,Early,iljjigi
korean_topik_5,k_2688,자율,"self-control,autonomy",jayul
korean_topik_5,k_2689,제법,"quite,fairly,considerably",jebeop
korean_topik_5,k_2690,집중되다,To concentrate,jipjungdoeda
korean_topik_5,k_2691,창조적,Creatively,changjojeok
korean_topik_5,k_2692,천장,The ceiling,cheonjang
korean_topik_5,k_2693,파다,To dig,pada
korean_topik_5,k_2694,하긴,"Indeed, though, nevertheless",hagin
korean_topik_5,k_2695,해결되다,"To be settled, resolved",haegyeoldoeda
korean_topik_5,k_2696,향상,"Improve; elevation,rise",hyangsang
korean_topik_5,k_2697,화가,"A painter, a drawer artist",hwaga
korean_topik_5,k_2698,가라앉다,"To sink (calm,settle,subside)",garaanjda
korean_topik_5,k_2699,감싸다,1) wrap up or  tuck in 2) to protect or  defend,gamssada
korean_topik_5,k_2700,고작,To be at the highest or  the best,gojak
korean_topik_5,k_2701,구경하다,To watch or  enjoy watching,gugyeonghada
korean_topik_5,k_2702,국물,soup or broth or gravy,gukmul
korean_topik_5,k_2703,기구,A utensil or  tool,gigu
korean_topik_5,k_2704,깔다,"to pave (a road), lay down a floor, spread a blanket etc.",kkalda
korean_topik_5,k_2705,다짐하다,"Pledge, vow, swear",dajimhada
korean_topik_5,k_2706,대합실,A waiting room,daehapsil
korean_topik_5,k_2707,말씀드리다,Speak (honor.),malsseumdeurida
korean_topik_5,k_2708,매장,"A store, shop",maejang
korean_topik_5,k_2709,멀어지다,Become distant to,meoreojida
korean_topik_5,k_2710,명칭,"A name,title",myeongching
korean_topik_5,k_2711,불쌍하다,To be deplorable,bulssanghada
korean_topik_5,k_2712,상업,"commerce,trade",sang-eop
korean_topik_5,k_2713,생산되다,To be produced,saengsan-doeda
korean_topik_5,k_2714,숨기다,To hide,sumgida
korean_topik_5,k_2715,실력,"one’s real ability,talent",sillyeok
korean_topik_5,k_2716,야채,Vegetables,yachae
korean_topik_5,k_2717,엉덩이,The buttocks,eongdeong-i
korean_topik_5,k_2718,울음,"crying,weeping",ureum
korean_topik_5,k_2719,이달,This month,idal
korean_topik_5,k_2720,인체,The human body,inche
korean_topik_5,k_2721,저고리,"A coat, korean jacket",jeogori
korean_topik_5,k_2722,전부,"All, everything",jeonbu
korean_topik_5,k_2723,즐거움,"pleasure,merriment",jeulgeoum
korean_topik_5,k_2724,지다,"To lose (at war, a game)",jida
korean_topik_5,k_2725,진단,Diagnosis,jindan
korean_topik_5,k_2726,질병,"A disease, sickness",jilbyeong
korean_topik_5,k_2727,짜다,"Form, organize",jjada
korean_topik_5,k_2728,체력,Physical strength,cheryeok
korean_topik_5,k_2729,친하다,"To be intimate, familiar, close, friendly",chinhada
korean_topik_5,k_2730,헤아리다,"Consider, weigh, ponder, consider",hearida
korean_topik_5,k_2731,각기,Each or  severally or  respectively,gakgi
korean_topik_5,k_2732,경찰서,A police station,gyeongchalseo
korean_topik_5,k_2733,곧바로,At once or  straight away,gotbaro
korean_topik_5,k_2734,관찰,Observation or  survey,gwanchal
korean_topik_5,k_2735,구두,Shoes or  boots,gudu
korean_topik_5,k_2736,군사,A soldier or  a private,gunsa
korean_topik_5,k_2737,귀신,A ghost,gwisin
korean_topik_5,k_2738,귀하다,1) noble or  high  2) dear  3) lovable or  precious,gwihada
korean_topik_5,k_2739,그토록,So much or  to such an extent,geutorok
korean_topik_5,k_2740,기초하다,Make the basis for,gichohada
korean_topik_5,k_2741,깊이,Depth,gipi
korean_topik_5,k_2742,나뭇가지,A tree branch,namutgaji
korean_topik_5,k_2743,낫다,to get better (from an illness),natda
korean_topik_5,k_2744,답하다,"Answer, reply",dapada
korean_topik_5,k_2745,대가,"A price, cost, charge, consideration, purchase money, value",daega
korean_topik_5,k_2746,더위,The heat,deowi
korean_topik_5,k_2747,말리다,Dry sth,mallida
korean_topik_5,k_2748,무덤,"A grave,tomb",mudeom
korean_topik_5,k_2749,물결,A wave,mulgyeol
korean_topik_5,k_2750,밥상,Dinner table,bapsang
korean_topik_5,k_2751,보장하다,"To secure,guarantee",bojanghada
korean_topik_5,k_2752,사과,An apple,sagwa
korean_topik_5,k_2753,사귀다,Make friends with,sagwida
korean_topik_5,k_2754,서너,"About three, three or four",seoneo
korean_topik_5,k_2755,솟다,"rise,soar,tower above",sotda
korean_topik_5,k_2756,실패,Failure,silpae
korean_topik_5,k_2757,예상하다,"To expect, anticipate",yesanghada
korean_topik_5,k_2758,예외,An exception,yewoe
korean_topik_5,k_2759,완전,"Perfection, completeness",wanjeon
korean_topik_5,k_2760,웃기다,To be funny,utgida
korean_topik_5,k_2761,유리,A glass pane,yuri
korean_topik_5,k_2762,절대적,"absolute,unconditional",jeoldaejeok
korean_topik_5,k_2763,제작하다,"To produce,manufacture",jejakada
korean_topik_5,k_2764,쥐,Mouse,jwi
korean_topik_5,k_2765,최대한,"At the most, at the maximum",choedaehan
korean_topik_5,k_2766,턱,The chin,teok
korean_topik_5,k_2767,팔리다,"To be in demand, to be sold",pallida
korean_topik_5,k_2768,품다,"To hold, embrace",pumta
korean_topik_5,k_2769,하하,Ha ha ha ha ha,haha
korean_topik_5,k_2770,형부,A husband of a girl’s older sister,hyeongbu
korean_topik_5,k_2771,휴식,"Rest, take a rest",hyusik
korean_topik_5,k_2772,굳다,Harden or  become hard,gudda
korean_topik_5,k_2773,굳어지다,Become hard,gudeojida
korean_topik_5,k_2774,굶다,To starve or  go hungry,gumda
korean_topik_5,k_2775,금년,This year,geumnyeon
korean_topik_5,k_2776,기기13,Machinery and tools,gigisip'sam
korean_topik_5,k_2777,까맣다,Black,kkamahda
korean_topik_5,k_2778,나침반,A compass,nachimban
korean_topik_5,k_2779,농부,A farmer,nongbu
korean_topik_5,k_2780,대학원,Graduate school,daehagwon
korean_topik_5,k_2781,더럽다,"Foul, dirty",deureopda
korean_topik_5,k_2782,도달하다,Arrival,dodalhada
korean_topik_5,k_2783,맛보다,Taste,matboda
korean_topik_5,k_2784,무늬,Pattern,munui
korean_topik_5,k_2785,문장,"writing,composition",munjang
korean_topik_5,k_2786,묻다,to Bury,mutda
korean_topik_5,k_2787,변호사,Lawyer,byeonhosa
korean_topik_5,k_2788,상,"A statue,a figure",sang
korean_topik_5,k_2789,상상력,Imaginative powers,sangsangnyeok
korean_topik_5,k_2790,여학생,Female student,yeohaksaeng
korean_topik_5,k_2791,영업,"business, doing business",yeongeop
korean_topik_5,k_2792,예,"Old days, days gone by",ye
korean_topik_5,k_2793,예방,"Prevention, protection",yebang
korean_topik_5,k_2794,완성,"completion,accomplishment",wanseong
korean_topik_5,k_2795,유리하다,"To be profitable, favorable",yurihada
korean_topik_5,k_2796,자연환경,Natural surroundings,jayeonhwan-gyeong
korean_topik_5,k_2797,증명하다,"To prove,show,bear",jeungmyeonghada
korean_topik_5,k_2798,지적되다,To be pointed out to,jijeokdoeda
korean_topik_5,k_2799,지점,"A spot, point",jijeom
korean_topik_5,k_2800,철저히,Thoroughly,cheolcheohi
korean_topik_5,k_2801,코스,Course,koseu
korean_topik_5,k_2802,학부모,Mothers of the students,hakbumo
korean_topik_5,k_2803,합리적,"Rational, reasonable",hamnijeok
korean_topik_5,k_2804,해석하다,"To intrepret, construe",haeseokada
korean_topik_5,k_2805,힘쓰다,To try really hard,himseuda
korean_topik_5,k_2806,거듭,Again or  over and over,geodeup
korean_topik_5,k_2807,귀국하다,To return to one’s home country,gwigukada
korean_topik_5,k_2808,기뻐하다,Be pleased or  delighted with,gippeohada
korean_topik_5,k_2809,날리다,To send flying,nallida
korean_topik_5,k_2810,내려놓다,Set or put down,naeryeonota
korean_topik_5,k_2811,냉장고,Freezer,naengjanggo
korean_topik_5,k_2812,당근,A carrot,danggeun
korean_topik_5,k_2813,덜다,"Save, lighten",deolda
korean_topik_5,k_2814,마누라,one’s wife,manura
korean_topik_5,k_2815,맞이하다,Go to greet,majihada
korean_topik_5,k_2816,불행하다,Do not permit,bulhaenghada
korean_topik_5,k_2817,신고하다,"To state, declare",singohada
korean_topik_5,k_2818,연속,"continuity,succession",yeonsok
korean_topik_5,k_2819,외롭다,"To be lonely, lonesome",oeropda
korean_topik_5,k_2820,욕,An insult,yok
korean_topik_5,k_2821,원장,The chief/head (of a 학원),wonjang
korean_topik_5,k_2822,유물,"A relic, cultural remains",yumul
korean_topik_5,k_2823,저절로,"Of itself, on its own accord",jeojeollo
korean_topik_5,k_2824,절,Bow in salutation,jeol
korean_topik_5,k_2825,정비,maintaining equipment in good working order,jeongbi
korean_topik_5,k_2826,주의,"attention,notice",juui
korean_topik_5,k_2827,지난번,Last time,jinanbeon
korean_topik_5,k_2828,집어넣다,Put in,jibeoneota
korean_topik_5,k_2829,통계,Statistics,tonggye
korean_topik_5,k_2830,파일,File,pail
korean_topik_5,k_2831,판,"A match, game, contest",pan
korean_topik_5,k_2832,피해자,"A sufferer, the injured party",pihaeja
korean_topik_5,k_2833,필수적,"necessary,indispensable",pilsacijeok
korean_topik_5,k_2834,학용품,"School things, supplies",hagyonpum
korean_topik_5,k_2835,화분,Flower pot,hwabun
korean_topik_5,k_2836,환하다,"To be clear, unobstructed ; to be light, bright (opp. 어둡다)",hwanhada
korean_topik_5,k_2837,갈색,Brown,galsaek
korean_topik_5,k_2838,감기,A cold,gamgi
korean_topik_5,k_2839,강남,South of a river,gangnam
korean_topik_5,k_2840,구속되다,To be arrested,gusokdoeda
korean_topik_5,k_2841,멋지다,Be splendid,meotjida
korean_topik_5,k_2842,반발,"Repulsion, a backlash",banbal
korean_topik_5,k_2843,반찬,Sie dishes,banchan
korean_topik_5,k_2844,방지,"Prevention, check",bangji
korean_topik_5,k_2845,배다,Soak into,baeda
korean_topik_5,k_2846,보장,"guarantee,security",bojang
korean_topik_5,k_2847,빠져나오다,Come out of somewhere,ppajyeonaoda
korean_topik_5,k_2848,새다,"leak,escape from",saeda
korean_topik_5,k_2849,소개되다,"To be introduced,presented",sogae doeda
korean_topik_5,k_2850,씨,Seeds (sow),ssi
korean_topik_5,k_2851,안쪽,"The inside, the inner part",anjjok
korean_topik_5,k_2852,억울하다,"To be regrettable, disappointing",eogulhada
korean_topik_5,k_2853,오가다,"Come and go, keep going and coming",ogada
korean_topik_5,k_2854,요구되다,"To be requested, claimed",yogudoeda
korean_topik_5,k_2855,음성,A voice,eumseong
korean_topik_5,k_2856,이윽고,"After a while, shortly",ieukgo
korean_topik_5,k_2857,장식,Decoration,jangsik
korean_topik_5,k_2858,전개하다,"To unfold,evolve,spread out",jeonhaehada
korean_topik_5,k_2859,전날,"The day before, the day prior",jeonnal
korean_topik_5,k_2860,전반적,"over-all,all",jeonbanjeok
korean_topik_5,k_2861,척하다,The preceding verb is a lie,cheokada
korean_topik_5,k_2862,풍습,"customs,manners,practices ; a ritual, rituals",pungsyp
korean_topik_5,k_2863,한가운데,"The very middle, the center",hangaunde
korean_topik_5,k_2864,한정되다,"To be limiited, qualified",hanjeongdoeda
korean_topik_5,k_2865,해내다,"To accomplish, achieve, carry through",haenaeda
korean_topik_5,k_2866,흉내,"Imitation, mimicry",hyungnae
korean_topik_5,k_2867,감옥,Prison,gamok
korean_topik_5,k_2868,갚다,Pay back a loan,gapda
korean_topik_5,k_2869,건전하다,Health or  soundness or  vitality,geonjeonhada
korean_topik_5,k_2870,결혼식,Wedding,gyeolhonsik
korean_topik_5,k_2871,계산기,Calculator,gyesangi
korean_topik_5,k_2872,광장,An open space or  a plaza or  public square,gwangjang
korean_topik_5,k_2873,그렇지,So it is or  that is right,geureochi
korean_topik_5,k_2874,깨다,Break or  crack,kkaeda
korean_topik_5,k_2875,꽉,Tightly or  fast,kkwak
korean_topik_5,k_2876,끼우다,To put between or  insert,kkiuda
korean_topik_5,k_2877,노래하다,To sing,noraehada
korean_topik_5,k_2878,다듬다,"Trim, shave",dadeumda
korean_topik_5,k_2879,다름없다,"Be similar, not different",dareumeopda
korean_topik_5,k_2880,당당하다,Dignified,dangdanghada
korean_topik_5,k_2881,댐,Dam,daem
korean_topik_5,k_2882,덩어리,"A lump, a cluster",deong-eori
korean_topik_5,k_2883,모처럼,At long last,mocheoreom
korean_topik_5,k_2884,물리학,Physics,mullihak
korean_topik_5,k_2885,벌,Punishment,beol
korean_topik_5,k_2886,부정적,"negative, contradicting sth else,  not positive",bujeongjeok
korean_topik_5,k_2887,북부,The north part,bukbu
korean_topik_5,k_2888,분리,"separation,segration",bulli
korean_topik_5,k_2889,상당,"proper,fit,suitable",sangdang
korean_topik_5,k_2890,세다,"To be strong, mighty",seda
korean_topik_5,k_2891,소개,Introduction,sogae
korean_topik_5,k_2892,수화기,Telephone receiver,suhbagi
korean_topik_5,k_2893,애인,A lover,aein
korean_topik_5,k_2894,애초,"The first, the beginning",aecho
korean_topik_5,k_2895,얇다,To be thin,yalpda
korean_topik_5,k_2896,양념,Spices and condiments,yangnyeom
korean_topik_5,k_2897,에,at/in/on,e
korean_topik_5,k_2898,오염되다,"To be polluted, contaminated",oyeomdoeda
korean_topik_5,k_2899,오해,Misunderstanding,ohae
korean_topik_5,k_2900,웬일,"What cause, what reason",wenil
korean_topik_5,k_2901,의식,A ceremony,uisik
korean_topik_5,k_2902,의지하다,"To look to, depend on, rely on",uijihada
korean_topik_5,k_2903,일기,"A diary, journal",ilgi
korean_topik_5,k_2904,절대,Absoluteness,jeoldae
korean_topik_5,k_2905,제한하다,"To restrict,limit",jehanhada
korean_topik_5,k_2906,존중하다,"appreciate,esteem,value",jonjunghada
korean_topik_5,k_2907,창고,"A warehouse,storehouse",changgo
korean_topik_5,k_2908,채,"Still, not yet",chae
korean_topik_5,k_2909,책임지다,Take responsibility,chaegimjida
korean_topik_5,k_2910,청춘,"youth,the springtime of life",cheongchun
korean_topik_5,k_2911,초반,The opening part (of a game of baduk),choban
korean_topik_5,k_2912,트럭,Truck,teureok
korean_topik_5,k_2913,파,Onions,pa
korean_topik_5,k_2914,폭넓다,To be broad,pokneolpda
korean_topik_5,k_2915,표현되다,To have been expressed,pyohyeondoeda
korean_topik_5,k_2916,학번,Year of graduation,hakbeon
korean_topik_5,k_2917,학원,Learning institute,hagwon
korean_topik_5,k_2918,허가,"Permission, grant, leave",heoga
korean_topik_5,k_2919,헤매다,"Wander about, roam about",hemaeda
korean_topik_5,k_2920,가장,Head of a household,gajang
korean_topik_5,k_2921,곡,A tune or  an air,gok
korean_topik_5,k_2922,곡식,Cereals or  grain,goksik
korean_topik_5,k_2923,꽂다,Be stuck in or  insert,kkotda
korean_topik_5,k_2924,망설이다,Hesitate,mangseolida
korean_topik_5,k_2925,무리,"A company, a band",muri
korean_topik_5,k_2926,버터,Butter,beoteo
korean_topik_5,k_2927,별다르다,Be of a peculiar kind,byeoldareuda
korean_topik_5,k_2928,보편적,Universal,bopyeonjeok
korean_topik_5,k_2929,부품,"Parts, accessories",bupum
korean_topik_5,k_2930,뻔하다,"almost,nearly",ppeonhada
korean_topik_5,k_2931,뽑히다,"Be taken out, pulled out",ppobhida
korean_topik_5,k_2932,상담,Consultation,sangdam
korean_topik_5,k_2933,서부,The western part,seobu
korean_topik_5,k_2934,속담,"A proverb,saying",sokdam
korean_topik_5,k_2935,시중,In the city,sijung
korean_topik_5,k_2936,심사,"judgment,examination",simsa
korean_topik_5,k_2937,아이,Oh my god!,ai
korean_topik_5,k_2938,앞세우다,Make a person go,apps-euda
korean_topik_5,k_2939,유사하다,"To be similar, to resemble",yusahada
korean_topik_5,k_2940,유치원,Kindergarten,yuchiwon
korean_topik_5,k_2941,의욕,"volition,will,desire",uyok
korean_topik_5,k_2942,인근,The neighborhood,ingeun
korean_topik_5,k_2943,일반인,Of the general public,ilbanin
korean_topik_5,k_2944,작성하다,"To edit or compose, write up ; to fill out a form",jakseonghada
korean_topik_5,k_2945,전공,Specialty,jeongong
korean_topik_5,k_2946,정기,A fixed time period,jeongi
korean_topik_5,k_2947,제의,"A proposal,an offer",jeui
korean_topik_5,k_2948,종일,"All day, throughout the whole day",jongil
korean_topik_5,k_2949,좋아지다,To become better,joajida
korean_topik_5,k_2950,차림,Appearance of clothes or worn objecs,charim
korean_topik_5,k_2951,창조하다,Create,changjohada
korean_topik_5,k_2952,추위,Cold,chuwi
korean_topik_5,k_2953,토마토,Tomato,tomato
korean_topik_5,k_2954,파랗다,To be blue,parata
korean_topik_5,k_2955,펴내다,"Publish, bring out in print",pyeonaeda
korean_topik_5,k_2956,하드웨어,Hardwaer,hadeuweeo
korean_topik_5,k_2957,화장,Makeup,hwajang
korean_topik_5,k_2958,가져가다,To take or  carry,gajyeogada
korean_topik_5,k_2959,감자,Potato,gamja
korean_topik_5,k_2960,강렬하다,Intense or  strong or  severe,gangnyeolhada
korean_topik_5,k_2961,갖다,Possess,gatda
korean_topik_5,k_2962,괴롭다,Be painful or  distressing,goeropda
korean_topik_5,k_2963,교통사고,Traffic accident,gyotong-sago
korean_topik_5,k_2964,군데,A place or spot,gunde
korean_topik_5,k_2965,메시지,Message,mesiji
korean_topik_5,k_2966,면하다,"escape,avoid",myeonhada
korean_topik_5,k_2967,모색하다,Evening twilight,mosaekhada
korean_topik_5,k_2968,붙잡다,"seize,catch",butjapda
korean_topik_5,k_2969,빛깔,"A color,shade,hue",bitkkal
korean_topik_5,k_2970,뺨,Cheek,ppyam
korean_topik_5,k_2971,사방,The four directions,sabang
korean_topik_5,k_2972,살림,"living,livelihood",sallim
korean_topik_5,k_2973,실현,"realization,materialization",silhyeon
korean_topik_5,k_2974,아냐,"No, that’s not the case",anya
korean_topik_5,k_2975,연예인,"A performer, an entertainer",yeonyein
korean_topik_5,k_2976,영원히,Forever,yeongwonhi
korean_topik_5,k_2977,월급,Monthly salary,wolgeup
korean_topik_5,k_2978,유행,"Fashion, vogue",yuhaeng
korean_topik_5,k_2979,이내,"soon,right away",inae
korean_topik_5,k_2980,이리,"This way, this direction",iri
korean_topik_5,k_2981,제발,"kindly,please",jebal
korean_topik_5,k_2982,차츰,"gradually,step by step",chacheum
korean_topik_5,k_2983,투표,"vote,voting",tupyo
korean_topik_5,k_2984,파괴하다,"Destruction, demolition",pagoehada
korean_topik_5,k_2985,하느님,God,haneunim
korean_topik_5,k_2986,해당되다,To be applied/applicable under,haedangdoeda
korean_topik_5,k_2987,홀로,"Alone, by oneself",hollo
korean_topik_5,k_2988,가까이,Close,gakkai
korean_topik_5,k_2989,가득하다,To fill,gadeukhada
korean_topik_5,k_2990,각자,Each one or  every one,gakja
korean_topik_5,k_2991,감히,Daringly or  boldly,gamhi
korean_topik_5,k_2992,강요하다,Insist on6000 Most Common Korean Words – 2,gangyohada
korean_topik_5,k_2993,개미,Ant,gaemi
korean_topik_5,k_2994,관습,Custom or  usage,gwanseup
korean_topik_5,k_2995,광경,A spectacle or a sight in 3-d and uncut (compare 관광 tourism),gwanggyeong
korean_topik_5,k_2996,금세,In a moment or  at once,geumse
korean_topik_5,k_2997,낮추다,"Lower, make low",natchuda
korean_topik_5,k_2998,내주다,Take out and give away,naejuda
korean_topik_5,k_2999,명의,"name,title",myeongui
korean_topik_5,k_3000,물고기,Fish,mulgogi
korean_topik_6,k_3001,물러나다,"Fall back, to pull back, to pull back your position",mulleonnada
korean_topik_6,k_3002,밀접하다,"Be close,intimate with",miljeopada
korean_topik_6,k_3003,부탁,"request,favor",butak
korean_topik_6,k_3004,분량,"quantity,measure",bullyang
korean_topik_6,k_3005,불과,"Only, not more than",bulgwa
korean_topik_6,k_3006,뻔하다,"Be clear,evident",ppeonhada
korean_topik_6,k_3007,상자,"A box,case",sangja
korean_topik_6,k_3008,새해,A new year,saehae
korean_topik_6,k_3009,소박하다,"simple, naive, ingenuous",sobakhada
korean_topik_6,k_3010,수없이,Be unable to do,sueopsi
korean_topik_6,k_3011,승진,"promotion,advancement",seungjin
korean_topik_6,k_3012,양,"Both, two",yang
korean_topik_6,k_3013,얼음,Ice,eoreum
korean_topik_6,k_3014,열매,Fruit,yeolmae
korean_topik_6,k_3015,적히다,"To be recorded,written down",jeokhida
korean_topik_6,k_3016,점수,"marks,the number of marks",jeomsu
korean_topik_6,k_3017,제한되다,"To be restricted,limited",jehandoeda
korean_topik_6,k_3018,지속되다,"Be lasting a long time, be continous",jisokdoeda
korean_topik_6,k_3019,쫓기다,"To be chased, be driven",jjotgida
korean_topik_6,k_3020,쭉,All the time,jjuk
korean_topik_6,k_3021,통장,A bankbook (check register),tongjang
korean_topik_6,k_3022,평가되다,To be appraised,pyeonggadoeda
korean_topik_6,k_3023,하도,"Too much, excessively",hado
korean_topik_6,k_3024,한창,"The height, summit , the top",hanchang
korean_topik_6,k_3025,해안,"The seashore, the coast",haean
korean_topik_6,k_3026,호박,Pumpkin,hobak
korean_topik_6,k_3027,흑인,A Negro,heugin
korean_topik_6,k_3028,간,Liver,gan
korean_topik_6,k_3029,갇히다,Be confined or  shut up,gachida
korean_topik_6,k_3030,결심하다,To resolve or  be determined,gyeolsimhada
korean_topik_6,k_3031,경기장,Sports stadium or  a sports field,gyeonggijang
korean_topik_6,k_3032,고장,Broken,gojang
korean_topik_6,k_3033,근로,Labor or  exertion,geullo
korean_topik_6,k_3034,눈동자,The pupil,nundongja
korean_topik_6,k_3035,늦다,"Be late, overdue",neutda
korean_topik_6,k_3036,닥치다,Shut the mouth!,dakhida
korean_topik_6,k_3037,도시락,Lunchbox lunch,dosirak
korean_topik_6,k_3038,몸짓,A gesture,momjit
korean_topik_6,k_3039,부담하다,"bear,shoulder a responsibility",budamhada
korean_topik_6,k_3040,부회장,A vice president,buhoijang
korean_topik_6,k_3041,빼앗다,"Snach, take away from",ppaeatda
korean_topik_6,k_3042,삼키다,Swallow,samkida
korean_topik_6,k_3043,성실하다,Be ripe,seongsilhada
korean_topik_6,k_3044,스튜디오,Studio,seutyudio
korean_topik_6,k_3045,실제,"The truth, a fact",silje
korean_topik_6,k_3046,요새,"recently,lately",yose
korean_topik_6,k_3047,이상적,Abnormal,isangjeok
korean_topik_6,k_3048,일쑤,Habitual practice,ilssu
korean_topik_6,k_3049,일체,"All, everything,the whole",ilche
korean_topik_6,k_3050,자꾸만,Repeatedly (emphasized),jakkuman
korean_topik_6,k_3051,잦다,"Be frequent, incessant",jatda
korean_topik_6,k_3052,절망,"despair,hopelessness",jeolmang
korean_topik_6,k_3053,접다,Fold up,jeopda
korean_topik_6,k_3054,제시되다,To be presented,jesidoeda
korean_topik_6,k_3055,주방,"A kitchen, a cookroom",jubang
korean_topik_6,k_3056,진출하다,"Penetrate into, advance",jinjulhada
korean_topik_6,k_3057,짜증,Annoyance,jjajeung
korean_topik_6,k_3058,첫날,The first day,cheotnal
korean_topik_6,k_3059,통과하다,Passage through,tonggwahada
korean_topik_6,k_3060,투명하다,"To be transparent, clear",tumyeonghada
korean_topik_6,k_3061,확산되다,To get diffused,hwaksandoeda
korean_topik_6,k_3062,경력,one’s personal history,gyeongryeok
korean_topik_6,k_3063,고통스럽다,Be painful or  torment,gotongseureopda
korean_topik_6,k_3064,곤란하다,Difficulty or  trouble,gollanhada
korean_topik_6,k_3065,공중,The air or  the sky,gongjung
korean_topik_6,k_3066,공해,Environmental pollution,gonghae
korean_topik_6,k_3067,귀찮다,Annoying irksome,gwichanta
korean_topik_6,k_3068,기대다,1) To rely upon or  lean upon 2) lean against,gidaeda
korean_topik_6,k_3069,깨어나다,Return to consciousness,kkaeeonada
korean_topik_6,k_3070,꼽히다,To be elected,kkopida
korean_topik_6,k_3071,대다수,A large majority,daedasoo
korean_topik_6,k_3072,듯싶다,"To be like something, i guess",deusipda
korean_topik_6,k_3073,먹이,Food,meogi
korean_topik_6,k_3074,무,Radish,mu
korean_topik_6,k_3075,무료,Free,murryo
korean_topik_6,k_3076,밉다,Be detestable,mipda
korean_topik_6,k_3077,발레,Ballet,balle
korean_topik_6,k_3078,상징하다,Symbolize,sangjinghada
korean_topik_6,k_3079,실현하다,"To realize,bring to fruition",silhyeonhada
korean_topik_6,k_3080,아깝다,"regrettable,pitiful",akkapda
korean_topik_6,k_3081,안정되다,To be stable,anjeongdoeda
korean_topik_6,k_3082,어리석다,"juvenile,foolish",eoriseokda
korean_topik_6,k_3083,엎드리다,"Prostrate oneself, lie on the ground",eopdeurida
korean_topik_6,k_3084,여럿,"many,many people",yeoreot
korean_topik_6,k_3085,연설,A public speech,yeonseol
korean_topik_6,k_3086,연필,Pencil,yeonpil
korean_topik_6,k_3087,염려,"anxiety,worry",yeomnyeo
korean_topik_6,k_3088,우습다,"To be funny, amusing",useupda
korean_topik_6,k_3089,운전,Driving,unjeon
korean_topik_6,k_3090,익숙하다,To become accustomed to,iksukhada
korean_topik_6,k_3091,일자,"A date, the number of days",ilja
korean_topik_6,k_3092,잔치,"banquet,feast",janchi
korean_topik_6,k_3093,전달되다,To be delivered,jeondal-doeda
korean_topik_6,k_3094,차다,"cold,chilly",cha-da
korean_topik_6,k_3095,치료하다,"To cure, heal, treat a patient",chiryo-hada
korean_topik_6,k_3096,칸,Blank space,kan
korean_topik_6,k_3097,한,"A grudge, rancor",han
korean_topik_6,k_3098,갈수록,As one goes aong,gal-surok
korean_topik_6,k_3099,갖가지,A variety of or  all sorts,gatgaji
korean_topik_6,k_3100,거절하다,Refuse or  reject,geojeol-hada
korean_topik_6,k_3101,관광객,A tourist,gwan-gwanggaek
korean_topik_6,k_3102,구별하다,To distinguish between A and B,gubyeolhada
korean_topik_6,k_3103,국,Soup or  broth,guk
korean_topik_6,k_3104,다행,Good luck,dahaeng
korean_topik_6,k_3105,마무리,"Finish, completion",mamuri
korean_topik_6,k_3106,마주치다,Collide with,majuchida
korean_topik_6,k_3107,막상,"Really, actually",maksang
korean_topik_6,k_3108,몸통,"The trunk,body",momtong
korean_topik_6,k_3109,못,A nail,mot
korean_topik_6,k_3110,묘사하다,To describe,myosahada
korean_topik_6,k_3111,미술관,Fine arts museum,misulgwan
korean_topik_6,k_3112,베다,"Cut, chop",beda
korean_topik_6,k_3113,보장되다,Be secured,bojangdoeda
korean_topik_6,k_3114,볼,Cheek,bol
korean_topik_6,k_3115,부분적,Departmental,bubunjeok
korean_topik_6,k_3116,불고기,Roast meat,bulgogi
korean_topik_6,k_3117,불리다,"soak,steep",bullida
korean_topik_6,k_3118,불행,Unhappiness,bulhaeng
korean_topik_6,k_3119,비명,A scream,bimyeong
korean_topik_6,k_3120,순수,"purity,genuineness",sunsu
korean_topik_6,k_3121,시각,The time of day,sigak
korean_topik_6,k_3122,실질적,"substantial,essential",siljiljeok
korean_topik_6,k_3123,안개,Fog,angae
korean_topik_6,k_3124,여름철,Summertime,yeoreomcheol
korean_topik_6,k_3125,오로지,"Only, solely, exclusively",oroji
korean_topik_6,k_3126,완성하다,"To accomplish, to end successfully",wanseonghada
korean_topik_6,k_3127,이런저런,"This and that, one and another",ireonjeoreon
korean_topik_6,k_3128,임무,"A duty, an office, a task",immu
korean_topik_6,k_3129,자연히,Naturally,jayeonhi
korean_topik_6,k_3130,장난,"A game,playing",jangnan
korean_topik_6,k_3131,저런,"Such a, that sort of",jeoreon
korean_topik_6,k_3132,전용,Exclusive or private use,jeonyong
korean_topik_6,k_3133,지극히,"very,extremely",jigeukhi
korean_topik_6,k_3134,청하다,"ask,request",cheonghada
korean_topik_6,k_3135,확정,"decision,settlement",hwakjeong
korean_topik_6,k_3136,가상,Imagination,gasang
korean_topik_6,k_3137,각자,Each one or  every one,gakja
korean_topik_6,k_3138,간혹,Occasionally or at times,ganhok
korean_topik_6,k_3139,개방하다,To open or  to throw open,gaebanghada
korean_topik_6,k_3140,관계되다,Be affected or  influenced by,gwangyedoeda
korean_topik_6,k_3141,국산,A country’s product,guksan
korean_topik_6,k_3142,그해,That year,geuhae
korean_topik_6,k_3143,꺼지다,To go or die out,kkeojida
korean_topik_6,k_3144,꼭대기,The top,kkokdaegi
korean_topik_6,k_3145,끊어지다,To break off or  expire or  be done with,kkeunneojida
korean_topik_6,k_3146,도,Road,do
korean_topik_6,k_3147,마이크,Mike,maikeu
korean_topik_6,k_3148,메우다,"To carry,attach;put on",me'uda
korean_topik_6,k_3149,면적,"area,dimensions",myeonjeok
korean_topik_6,k_3150,목욕,A bath,mogyok
korean_topik_6,k_3151,반성,Reflection,banseong
korean_topik_6,k_3152,벌떡,"Suddenly, abruptly",beoltteok
korean_topik_6,k_3153,보상,Compensation,bosang
korean_topik_6,k_3154,분리되다,To be segregated,bullidoeda
korean_topik_6,k_3155,빚,Debt,bit
korean_topik_6,k_3156,새기다,"To sculpt,engrave",saegida
korean_topik_6,k_3157,서민,Common people,seomin
korean_topik_6,k_3158,석,"A seat,sitting place",seok
korean_topik_6,k_3159,선정하다,"select,choose",seonjeonghada
korean_topik_6,k_3160,세다,Count,seda
korean_topik_6,k_3161,소수,"A small number, a few",sosu
korean_topik_6,k_3162,쇼,Show,syo
korean_topik_6,k_3163,수학,Mathematics,suhak
korean_topik_6,k_3164,시어머니,one’s husband’s mother,simeo-meoni
korean_topik_6,k_3165,시집,one’s husband’s home/family,sijip
korean_topik_6,k_3166,연간,For a year,yeongan
korean_topik_6,k_3167,영화제,Movie festival,yeonghwaje
korean_topik_6,k_3168,예측하다,"To predict, forecast",yechukhada
korean_topik_6,k_3169,용도,"use,service",yongdo
korean_topik_6,k_3170,의심,A doubt,uisim
korean_topik_6,k_3171,이동하다,"To move,migrate,travel",idonghada
korean_topik_6,k_3172,자극하다,To stimulate,jageukhada
korean_topik_6,k_3173,재빨리,"quickly,rapidly",jaeppalli
korean_topik_6,k_3174,적합하다,"suitability,fitness",jeokhapada
korean_topik_6,k_3175,전화번호,Telephone number,jeonhwabeonho
korean_topik_6,k_3176,조절하다,"To regulate,tune",jojeolhada
korean_topik_6,k_3177,조정,"regulation,control,coordination",jojeong
korean_topik_6,k_3178,중얼거리다,Mutter to oneself,jung'eolgeorida
korean_topik_6,k_3179,지급하다,"To pay,allow,furnish sth",jigeupada
korean_topik_6,k_3180,확장,"expansion, enlargement",hwakjang
korean_topik_6,k_3181,힘차다,"Be forcible,powerful",himchada
korean_topik_6,k_3182,건조,Dryness or  aridity,geonjo
korean_topik_6,k_3183,고요하다,Be quiet or  silent or  still,goyohada
korean_topik_6,k_3184,그대,You or  thou,geudae
korean_topik_6,k_3185,그립다,Beloved or  sweet or  affectionate,geuripda
korean_topik_6,k_3186,긋다,1) draw or  mark   2) strike,geutda
korean_topik_6,k_3187,기둥,A pillar,gidung
korean_topik_6,k_3188,긴장하다,To become tense,ginjanghada
korean_topik_6,k_3189,날카롭다,Sharp,nalkaropda
korean_topik_6,k_3190,논하다,"Argue, discuss,debate",nonhada
korean_topik_6,k_3191,느리다,"Be slow, tardy",neurida
korean_topik_6,k_3192,도덕,Immorality,dodeok
korean_topik_6,k_3193,뒷모습,The features of the back side,dwitmoseup
korean_topik_6,k_3194,만,10000,man
korean_topik_6,k_3195,만만하다,"Be soft, tender ; to be easy to handle, deal with",manmanhada
korean_topik_6,k_3196,못되다,To go wrong,motdoeda
korean_topik_6,k_3197,보고하다,Report to a person,bogohada
korean_topik_6,k_3198,사무소,Office,samuso
korean_topik_6,k_3199,사촌,a cousin,sachon
korean_topik_6,k_3200,상,A prize,sang
korean_topik_6,k_3201,상인,"merchant,trader",sangin
korean_topik_6,k_3202,선언하다,"declare,proclaim,announce",seoneonhada
korean_topik_6,k_3203,소원,one’s desire,sowon
korean_topik_6,k_3204,수입하다,To import,suiphada
korean_topik_6,k_3205,식다,"To get cold, cool off",sikda
korean_topik_6,k_3206,엿보다,Wait for an opportunity,yeotboda
korean_topik_6,k_3207,완성되다,To be accomplished,wanseongdoeda
korean_topik_6,k_3208,유적,"Remains, relics,ruins",yujeok
korean_topik_6,k_3209,일생,one’s lifetime,ilsaeng
korean_topik_6,k_3210,입히다,"Clothe, dress",iphida
korean_topik_6,k_3211,잡아먹다,Slaughter and eat,jabameokda
korean_topik_6,k_3212,정보화,Change to an information orientation,jeongbohwa
korean_topik_6,k_3213,종종,A variety of things,jongjong
korean_topik_6,k_3214,지갑,"A purse,wallet",jigap
korean_topik_6,k_3215,차다,"Put on, fasten,wear",chada
korean_topik_6,k_3216,창작,"Creation, origination",changjak
korean_topik_6,k_3217,축소,"Reduction, a cutback",chukso
korean_topik_6,k_3218,취향,"Taste, liking, one’s inclinations",chwihyang
korean_topik_6,k_3219,친절하다,"To be kind, to be nice",chinjeolhada
korean_topik_6,k_3220,카운터,"Counter, where you pay",kaunteo
korean_topik_6,k_3221,탄생하다,To be born,tansaenghada
korean_topik_6,k_3222,하숙집,"Dormitory, boarding house",hasukjip
korean_topik_6,k_3223,학급,A class (school),hakgeup
korean_topik_6,k_3224,해군,The navy,haegun
korean_topik_6,k_3225,효율적,"The utility factor, efficiency",hyoyuljeok
korean_topik_6,k_3226,가슴속,one’s heart feelings,gaseumsok
korean_topik_6,k_3227,간,A salty taste or  saltiness,gan
korean_topik_6,k_3228,간판,A signboard,ganpan
korean_topik_6,k_3229,건드리다,1) touch or  jog  2) irritate or  vex,geondeurida
korean_topik_6,k_3230,관리하다,To manage or  control or  supervise or  manage,gwallihada
korean_topik_6,k_3231,괴로움,Trouble or  annoyance or  distress,goeroum
korean_topik_6,k_3232,근거하다,To base sth on sth,geungeuhada
korean_topik_6,k_3233,금액,Amount ofmoney,geumaek
korean_topik_6,k_3234,다행히,Fortunately,dahaenghi
korean_topik_6,k_3235,달래다,Calm down,dallaeda
korean_topik_6,k_3236,말리다,Make stop,mallida
korean_topik_6,k_3237,맘,Heart,mam
korean_topik_6,k_3238,먹다,"VST + 먹다 , adds no meaning",meokda
korean_topik_6,k_3239,명절,Festival days,myeongjeol
korean_topik_6,k_3240,못하다,"Be inferior, worse than",mothada
korean_topik_6,k_3241,바이올린,Violin,baiollin
korean_topik_6,k_3242,밝혀내다,To find out,balkhyeonaeda
korean_topik_6,k_3243,부서지다,"Break, be broken",buseojida
korean_topik_6,k_3244,비행,"Flying, aviation",bihaeng
korean_topik_6,k_3245,상관없다,To not be of concern,sanggwan'eopda
korean_topik_6,k_3246,성립하다,"To exist, to come into being",seongnipada
korean_topik_6,k_3247,수명,Life span,sumyeong
korean_topik_6,k_3248,시즌,Season,sijeun
korean_topik_6,k_3249,신기하다,"To be marvelous,astounding",singihada
korean_topik_6,k_3250,업다,"To carry on one’s back, to shoulder sth",eopda
korean_topik_6,k_3251,예감,"A presentiment, a premonition",yegam
korean_topik_6,k_3252,음식물,Anything to eat or drink,eumsingmul
korean_topik_6,k_3253,자신감,Self-confidence,jasingam
korean_topik_6,k_3254,죄인,A criminal,joein
korean_topik_6,k_3255,주의하다,Pay attention to,juuihada
korean_topik_6,k_3256,준비물,Stuff that needs to be prepared,junbimul
korean_topik_6,k_3257,천,"Cloth, woven stuff",cheon
korean_topik_6,k_3258,출입,Coming and going,churip
korean_topik_6,k_3259,쾌감,"A pleasant sensation, a good feeling",kwaegam
korean_topik_6,k_3260,탄생,Birth,tangsaeng
korean_topik_6,k_3261,튀다,"Spring, bound, jump",twida
korean_topik_6,k_3262,하필,Why necessarily? Why of all things?,hapil
korean_topik_6,k_3263,활용,Practical use,hwaryong
korean_topik_6,k_3264,회색,Gray,hoesaek
korean_topik_6,k_3265,거액,A large sum of money,geoaek
korean_topik_6,k_3266,고교,High school,gogyo
korean_topik_6,k_3267,고집하다,To be stubborn or  persistent,gojiphada
korean_topik_6,k_3268,곧잘,1) fairly or  pretty well 2) frequently or  too often,gotjal
korean_topik_6,k_3269,골짜기,A valley or  gorge,goljjagi
korean_topik_6,k_3270,교훈,Edification or  giving instructions to,gyohun
korean_topik_6,k_3271,구르다,Roll over,gureuda
korean_topik_6,k_3272,글씨,1) Handwriting 2) a letter or  an ideograph or  a character,geulssi
korean_topik_6,k_3273,노래방,Singing room,noraebang
korean_topik_6,k_3274,단편,"A piece, fragment",danpyeon
korean_topik_6,k_3275,대처하다,"Disposal, treatment",daecheohada
korean_topik_6,k_3276,매다,Tie,maeda
korean_topik_6,k_3277,머리카락,Headhair,meorikarak
korean_topik_6,k_3278,명확하다,"clear,precise",myeonghwakhada
korean_topik_6,k_3279,발걸음,"Gait, step",balgeoreum
korean_topik_6,k_3280,발길,"A kick; walking pace, steps",balgil
korean_topik_6,k_3281,벌레,A bug,beolle
korean_topik_6,k_3282,빼앗기다,A thing be taken away,ppaeatgida
korean_topik_6,k_3283,생산자,A producer,saengsanja
korean_topik_6,k_3284,선진,"seniority,advance",seonjin
korean_topik_6,k_3285,성인,An adult,seongin
korean_topik_6,k_3286,소매,1)a sleeve 2) a retail sale,somae
korean_topik_6,k_3287,시멘트,Cement,simenteu
korean_topik_6,k_3288,신규,"A new regulation, a new project, sth new on a big scale ; work being done anew",singyu
korean_topik_6,k_3289,신청하다,To apply (for),sincheonghada
korean_topik_6,k_3290,실은,"In reality, to tell the truth",sireun
korean_topik_6,k_3291,심판,"referencing,umpireship",simpan
korean_topik_6,k_3292,안기다,to be embraced by sb (in their arms),angida
korean_topik_6,k_3293,양심,Conscience,yangsim
korean_topik_6,k_3294,이사장,A director,i-sajang
korean_topik_6,k_3295,이자,Interest,ija
korean_topik_6,k_3296,익숙해지다,To become accustomed to,iksukhaejida
korean_topik_6,k_3297,자세하다,Be detailed,jasehada
korean_topik_6,k_3298,저거,That thing over there,jeogeo
korean_topik_6,k_3299,저축,"savings,saving",jeochuk
korean_topik_6,k_3300,제비,A swallow,jebi
korean_topik_6,k_3301,제안,"A proposal,suggestion",jean
korean_topik_6,k_3302,제안하다,"To propose,make a suggestion",jeanhada
korean_topik_6,k_3303,증세,"Symptoms, a patient’s condition",jeungse
korean_topik_6,k_3304,지난날,"Old days, old times",jinan nal
korean_topik_6,k_3305,진급,Promotion,jingeu p
korean_topik_6,k_3306,콩나물,Bean soup,kongnamul
korean_topik_6,k_3307,튀어나오다,"Jump out, spring out",twieonaoda
korean_topik_6,k_3308,표준,"A standard, norm, criteria",pyojun
korean_topik_6,k_3309,항구,"A port, a harbor",hanggu
korean_topik_6,k_3310,허용,"Permission, allowance",heoyong
korean_topik_6,k_3311,헬기,Helicopter,helgi
korean_topik_6,k_3312,간신히,Narrowly or  barely. 겨우,gansinhi
korean_topik_6,k_3313,갈아입다,Change one’s clothes,garaipda
korean_topik_6,k_3314,감다,Wind up,gamda
korean_topik_6,k_3315,같이하다,To do together or  to share,gachihada
korean_topik_6,k_3316,거짓,Fabrication or  fiction,geojit
korean_topik_6,k_3317,거품,Bubble,geopum
korean_topik_6,k_3318,걸어오다,Come on foot or  walk,georeo-oda
korean_topik_6,k_3319,공군,The air force,gonggun
korean_topik_6,k_3320,기술자,Technician,gisulja
korean_topik_6,k_3321,나물,"Herbs, wild greens",namul
korean_topik_6,k_3322,년생80,Year of birth,nyeonsaeng 80
korean_topik_6,k_3323,달리기,"A run, a spin",dalligi
korean_topik_6,k_3324,대도시,Large city,daedosi
korean_topik_6,k_3325,도둑,"A thief, a burglar",doduk
korean_topik_6,k_3326,도전,"Challenge, defiance",dojeon
korean_topik_6,k_3327,면,Subdivision of a county,myeon
korean_topik_6,k_3328,모자,A hat,moja
korean_topik_6,k_3329,보조,"assistance,aid",bojo
korean_topik_6,k_3330,불리하다,"to be disadvantageous,unfavorable to/for",bullihada
korean_topik_6,k_3331,불편,Inconvenience,bulpyeon
korean_topik_6,k_3332,비비다,"rub,chafe",bibida
korean_topik_6,k_3333,사과,An apology,sagwa
korean_topik_6,k_3334,살아나다,"revive,be brought back to life",saranada
korean_topik_6,k_3335,소파,Sofa,sopa
korean_topik_6,k_3336,속이다,"deceive,cheat",sogida
korean_topik_6,k_3337,수면,"sleep,slumber",sumyeon
korean_topik_6,k_3338,수천,Thousands,sucheon
korean_topik_6,k_3339,스무,20,seumu
korean_topik_6,k_3340,승부,"A contest,match",seungbu
korean_topik_6,k_3341,시기,"The time, the season",sigi
korean_topik_6,k_3342,신념,"belief,faith",sinnyeom
korean_topik_6,k_3343,신입생,A new student,sinipsaeng
korean_topik_6,k_3344,어린아이,"A youngster, a child",eorinai
korean_topik_6,k_3345,어쩐지,"(1) somehow, in a strange way ; (2) in combination with an ending giving a reason to place stress on the action of the verb",eojjeonji
korean_topik_6,k_3346,여간,"Some, a little (여간 ~지 않다  means very very ~다)",yeogan
korean_topik_6,k_3347,역,A railroad station/depot,yeok
korean_topik_6,k_3348,연락하다,"To contact, get in touch with",yeollakada
korean_topik_6,k_3349,영향력,"Influence, power to influence",yeonghyangnyeok
korean_topik_6,k_3350,예의,"Courtesy, politeness",yeui
korean_topik_6,k_3351,이내,"within,less than",inae
korean_topik_6,k_3352,이리저리,"This way and that, here and there",irireo
korean_topik_6,k_3353,인간적,Personal,inganjeok
korean_topik_6,k_3354,인사하다,"To greet, say hello",insahada
korean_topik_6,k_3355,임금,"A king, ruler,sovereign",imgeum
korean_topik_6,k_3356,잘나다,"To be handsome,excellent",jallada
korean_topik_6,k_3357,재능,"talent,ability",jaeneung
korean_topik_6,k_3358,지불하다,To pay,jibulhada
korean_topik_6,k_3359,파출소,"Small, local police box",parchulso
korean_topik_6,k_3360,판,Board,pan
korean_topik_6,k_3361,한문,"Chinese writing, chinese classics",hanmun
korean_topik_6,k_3362,건네주다,To pass over or  to put on the other side (of a river),geonne-juda
korean_topik_6,k_3363,결승,The decision of the final round of a contest,gyeolsseung
korean_topik_6,k_3364,공공,The public or  the common,gonggong
korean_topik_6,k_3365,교양,Culture or  education,gyoyang
korean_topik_6,k_3366,국왕,A king or  a monarch,gukwang
korean_topik_6,k_3367,규칙적,Be regular or  systematic,gyuchikjeok
korean_topik_6,k_3368,극복,Conquest or  subjugation,geukbok
korean_topik_6,k_3369,글쎄요,Now or  well or  let me see,geulsseyo
korean_topik_6,k_3370,내려지다,To become lower,naeryeojida
korean_topik_6,k_3371,냉동,Refrigeration,naengdong
korean_topik_6,k_3372,녹다,To melt,nokda
korean_topik_6,k_3373,대개,"Mostly, for the most part",daegae
korean_topik_6,k_3374,배추,Chinese cabbage,baechu
korean_topik_6,k_3375,센터,Center,sento
korean_topik_6,k_3376,수염,Beard,suyeom
korean_topik_6,k_3377,수집하다,To collect,sujiphada
korean_topik_6,k_3378,승객,Passenger,seunggack
korean_topik_6,k_3379,싱싱하다,"Be fresh, full of life",singsinghada
korean_topik_6,k_3380,아아,Oh-oh!,aa
korean_topik_6,k_3381,어리다,one’s eyes dim with tears,eorida
korean_topik_6,k_3382,여권,A passport,yeogwon
korean_topik_6,k_3383,열쇠,Lock,yeolsoe
korean_topik_6,k_3384,오렌지,Orange,orenji
korean_topik_6,k_3385,외모,Outward appearance,oemo
korean_topik_6,k_3386,인공,"Art, human skill",ingong
korean_topik_6,k_3387,잠자리,Bed,jamjari
korean_topik_6,k_3388,장남,The eldest son,jangnam
korean_topik_6,k_3389,저마다,"Each one, everyone",jeomada
korean_topik_6,k_3390,전국적,National,jeongukjeok
korean_topik_6,k_3391,전반,"The whole, all, general",jeonban
korean_topik_6,k_3392,제자리,The proper/original place,jejari
korean_topik_6,k_3393,지루하다,Be tedious,jiruhada
korean_topik_6,k_3394,척,A few ships (vessels),cheok
korean_topik_6,k_3395,포도주,Grape wine,podoju
korean_topik_6,k_3396,학술,"Science, learning, scolarship",haksul
korean_topik_6,k_3397,혈액,Blood,hyeoraek
korean_topik_6,k_3398,화살,An arrow,hwasal
korean_topik_6,k_3399,화재,"A fire, a blaze",hwaje
korean_topik_6,k_3400,가르다,1) split or  divide 2) distribute or  share  3) distinguish or  separate,gareuda
korean_topik_6,k_3401,각각,Each and every,gakgak
korean_topik_6,k_3402,간격,A space or  interval,gangyeok
korean_topik_6,k_3403,고함,A shout or  yell,goham
korean_topik_6,k_3404,공격하다,To attack,gonggyeokhada
korean_topik_6,k_3405,그놈,That person or  that guy,geunom
korean_topik_6,k_3406,기록되다,To be recorded or written down,girokdoeda
korean_topik_6,k_3407,끝없다,Endless or  unfathomable,kkeuteopda
korean_topik_6,k_3408,끼어들다,Interrupt,kkieodeulda
korean_topik_6,k_3409,노선,Route,noseon
korean_topik_6,k_3410,답,Answer,dap
korean_topik_6,k_3411,대사,"Speech, dialogue",daesa
korean_topik_6,k_3412,도망치다,To make an escape,domangchida
korean_topik_6,k_3413,독서,Reading,dokseo
korean_topik_6,k_3414,땅속,In the soil,ttangsok
korean_topik_6,k_3415,벌금,A fine,beolgeum
korean_topik_6,k_3416,복,"luck,happiness",bok
korean_topik_6,k_3417,봉사,"service,attendance",bongsa
korean_topik_6,k_3418,부서,"one’s post,duty",buseo
korean_topik_6,k_3419,성,"castle,fortress",seong
korean_topik_6,k_3420,소형,Small size,soyeong
korean_topik_6,k_3421,신인,A new man,sinin
korean_topik_6,k_3422,악몽,Nightmare,akmong
korean_topik_6,k_3423,안내,"Guidance, conducting",annae
korean_topik_6,k_3424,앞뒤,Before and behind,apdwi
korean_topik_6,k_3425,언덕,A hill,eondeok
korean_topik_6,k_3426,열정,Passion,yeoljeong
korean_topik_6,k_3427,오페라,An opera,opera
korean_topik_6,k_3428,입맛,"Appetite, taste, palate",ipmat
korean_topik_6,k_3429,재즈,Jazz,jaejeu
korean_topik_6,k_3430,적응하다,"Be suited to, adapted to",jeogeunghada
korean_topik_6,k_3431,절대,Absoluteness,jeoldae
korean_topik_6,k_3432,접시,"A plate,platter",jeopsi
korean_topik_6,k_3433,제공,An offer,jegong
korean_topik_6,k_3434,지나치다,"Go too far, to go to extremes",jinachida
korean_topik_6,k_3435,참가,"participation,joining",chamga
korean_topik_6,k_3436,체중,Body weight,chejung
korean_topik_6,k_3437,추석,Korean thanksgiving,Chuseok
korean_topik_6,k_3438,충돌,"A collision, clash; discord",chungdol
korean_topik_6,k_3439,통로,"A passage, a way, an aisle",tongno
korean_topik_6,k_3440,포장,"packing,wrapping",pojang
korean_topik_6,k_3441,해소,"Dissolution, disorganization",haeso
korean_topik_6,k_3442,현관,"The porch, the entrance",hyeongan
korean_topik_6,k_3443,현대인,A modern person,hyeondaein
korean_topik_6,k_3444,혜택,"A favor, benefit",hyetaek
korean_topik_6,k_3445,호수,A lake,hosu
korean_topik_6,k_3446,확,"With a burst, great puff",hwak
korean_topik_6,k_3447,건너가다,To cross or  go over (river or  street),geonneogada
korean_topik_6,k_3448,골고루,Evenly or  among all indiscriminately,golgoru
korean_topik_6,k_3449,구석구석,Every nook and corner,guseokguseok
korean_topik_6,k_3450,그제서야,Then,geujeseoya
korean_topik_6,k_3451,껌,Gum,kkeom
korean_topik_6,k_3452,녹색,Green,noksaek
korean_topik_6,k_3453,막내,The lastborn,mangnae
korean_topik_6,k_3454,반복되다,To be repeated,banbokdoeda
korean_topik_6,k_3455,발전,Generate electricity,baljeon
korean_topik_6,k_3456,방해,"An obstacle, hindrance",banghae
korean_topik_6,k_3457,번호,A number,beonho
korean_topik_6,k_3458,벼,A rice plant,pyeo
korean_topik_6,k_3459,본인,Person in question,bonin
korean_topik_6,k_3460,상점,"A shop,store",sangjeom
korean_topik_6,k_3461,수백,Hundreds,subaek
korean_topik_6,k_3462,실장,"boss,president",siljang
korean_topik_6,k_3463,쓸쓸하다,"Be lonely,lonesome",sseulsseulhada
korean_topik_6,k_3464,악수,Handshake,aksu
korean_topik_6,k_3465,애,"Troubles, worries",ae
korean_topik_6,k_3466,어지럽다,"To be dizzy  2) to be in chaos, disorganized",eojireopda
korean_topik_6,k_3467,어찌하다,"Be subject to an attack of vertigo (figuratively), to not know what the hell is going on or what to do.",eojjihada
korean_topik_6,k_3468,예정되다,"Make a program, set a schedule",yejeongdoeda
korean_topik_6,k_3469,이중,"duplication,double",ijung
korean_topik_6,k_3470,인원,The number of persons,inwon
korean_topik_6,k_3471,인정받다,To receive recognition,injeongbatda
korean_topik_6,k_3472,인터뷰,Interview,inteobyu
korean_topik_6,k_3473,입학하다,To enter/be admitted into a school,ipakada
korean_topik_6,k_3474,자랑,Pride,jarang
korean_topik_6,k_3475,저것,That thing over there,jeogeot
korean_topik_6,k_3476,정문,"The front gate,main entrance",jeongmun
korean_topik_6,k_3477,착각,"Hallucination, illusion",chakgak
korean_topik_6,k_3478,창,Window,chang
korean_topik_6,k_3479,친정,A woman’s maiden home and family,chinjeong
korean_topik_6,k_3480,켜지다,To become turned on,kyeojida
korean_topik_6,k_3481,타입,Type,taip
korean_topik_6,k_3482,팩,Pack,paek
korean_topik_6,k_3483,표시하다,"To make a sign, display",pyosihada
korean_topik_6,k_3484,행하다,"To do, act, behave",haenghada
korean_topik_6,k_3485,활짝,"extensively,widely",hwaljjak
korean_topik_6,k_3486,감상하다,To show appreciation,gamsanghada
korean_topik_6,k_3487,개별,An individual or  a particular case,gaebyeol
korean_topik_6,k_3488,공식적,Formal or  procedural,gongsikjeok
korean_topik_6,k_3489,그런대로,Such as it is or  anyways,geureondaero
korean_topik_6,k_3490,기독교,Christianity,gidokgyo
korean_topik_6,k_3491,깨달음,Realization,kkaedareum
korean_topik_6,k_3492,끼다,To smoke,kkida
korean_topik_6,k_3493,넘어지다,"Fall down, collapse",neomeojida
korean_topik_6,k_3494,눈부시다,To be dazzling,nunbusida
korean_topik_6,k_3495,단점,A weak point,danjeom
korean_topik_6,k_3496,마음먹다,Be determined to,maeummeokda
korean_topik_6,k_3497,목록,Catalogue,mongnok
korean_topik_6,k_3498,반복하다,To repeat,banbokada
korean_topik_6,k_3499,반성하다,Examine oneself,banseonghada
korean_topik_6,k_3500,별명,"nickname,alias",byeolmyeong
korean_topik_6,k_3501,보전,"ingegrity,preservation",bojeon
korean_topik_6,k_3502,불어오다,Call to come,bureooda
korean_topik_6,k_3503,소유하다,"To possess,hold",soyuhada
korean_topik_6,k_3504,수박,Watermelon,subak
korean_topik_6,k_3505,스위치,Switch,seuwichi
korean_topik_6,k_3506,신세,"indebtedness,obligation",sinse
korean_topik_6,k_3507,알아내다,To find out (e.g. the answer),aranaeda
korean_topik_6,k_3508,암,Cancer,am
korean_topik_6,k_3509,야단,"A clamro, uproar 2) a scolding",yadan
korean_topik_6,k_3510,얘,Yes.,yae
korean_topik_6,k_3511,엔,Yen (japanese),en
korean_topik_6,k_3512,연결,"Connection, linking",yeongyeol
korean_topik_6,k_3513,연관,"a connection, a grouping together, relationships",yeongwan
korean_topik_6,k_3514,용서하다,"To pardon, to forgive",yongseohada
korean_topik_6,k_3515,우정,Feeling of friendship,ujeong
korean_topik_6,k_3516,육군,The army,yuggun
korean_topik_6,k_3517,음식점,Restaurant,eumsikjeom
korean_topik_6,k_3518,의논하다,"To consult,confer with,  talk over a matter",uinonhada
korean_topik_6,k_3519,인분,How many people counter for at restaurants,inbun
korean_topik_6,k_3520,주요하다,"To be chief,principal,leading",jujohada
korean_topik_6,k_3521,죽,Rice porridge,juk
korean_topik_6,k_3522,차마,For all the world,chama
korean_topik_6,k_3523,참조,"reference,comparison",chamjo
korean_topik_6,k_3524,첫째,The first,cheotjjae
korean_topik_6,k_3525,타고나다,"Be born, gifted/endowed with",tagonada
korean_topik_6,k_3526,태우다,"To take in a car, give a ride to",taeuda
korean_topik_6,k_3527,행사,"Use, exercise",haengsa
korean_topik_6,k_3528,향수,A perfume,hyangsu
korean_topik_6,k_3529,허용되다,"To be permitted, approved",heoyongdoeda
korean_topik_6,k_3530,가입,Entrance,gaip
korean_topik_6,k_3531,가정,Supposition,gajeong
korean_topik_6,k_3532,과자,A snack or  pastries or  candy,gwaja
korean_topik_6,k_3533,교체,Shift or  change or  alternate,gyoche
korean_topik_6,k_3534,김,"Seaweed, laver",gim
korean_topik_6,k_3535,꼬마,A dwarf,kkoma
korean_topik_6,k_3536,끝없이,Boundlessly,kkeuteopsi
korean_topik_6,k_3537,나르다,"to move a long or semi-long distance (not just within a room); Carry, convey, transport",nareuda
korean_topik_6,k_3538,놀리다,"Banter, tease",nollida
korean_topik_6,k_3539,늘어놓다,"(1) Scatter about haphazardly ; (2) 으로 늘어놓다  to arrange, place in order",neureonohta
korean_topik_6,k_3540,닫히다,"To shut, be closed",dachida
korean_topik_6,k_3541,대표하다,Represent,daepyohada
korean_topik_6,k_3542,대학교,University,daehakgyo
korean_topik_6,k_3543,도로,"Back, same as ever, same as it was before",doro
korean_topik_6,k_3544,막걸리,A slightly bitter soju drink,makgeolli
korean_topik_6,k_3545,맡다,Smell,matda
korean_topik_6,k_3546,미스,Miss,miseu
korean_topik_6,k_3547,밀리다,"to be left undone, to be late in making a payment (to fall into arrears) (2) to be pushed, shoved",millida
korean_topik_6,k_3548,밥그릇,A rice bown,bapgeureot
korean_topik_6,k_3549,방문,A door of a room,bangmun
korean_topik_6,k_3550,병들다,Get sick,byeongdeulda
korean_topik_6,k_3551,부러지다,"Break, get broken",bureojida
korean_topik_6,k_3552,불꽃,"flame,blaze,spark",bulkkot
korean_topik_6,k_3553,상대성,Relativity,seongsangseong
korean_topik_6,k_3554,설문,questions like those on a questionnaire,seolmun
korean_topik_6,k_3555,소설가,Novelist,soseolga
korean_topik_6,k_3556,쓸다,"brush, sweep perhaps lightly",sseulda
korean_topik_6,k_3557,안녕히,Peacefully,annyeonghi
korean_topik_6,k_3558,안팎,"The interior and exterior, both sides",anpak
korean_topik_6,k_3559,예방하다,"To protect, prevent, fend off",yebanghada
korean_topik_6,k_3560,올,"Coming (year, week)",ol
korean_topik_6,k_3561,유의하다,"To bear in mind, be heedful of",uihada
korean_topik_6,k_3562,유학,Confucianism,yuhak
korean_topik_6,k_3563,이해되다,To be understood,ihaedoeda
korean_topik_6,k_3564,인하,"reduction,lowering",inha
korean_topik_6,k_3565,작성,"editing,composition ; filling out a form",jakseong
korean_topik_6,k_3566,잘리다,"Be snapped,broken,cut off",jallida
korean_topik_6,k_3567,전달,Delivery,jeondal
korean_topik_6,k_3568,전시회,"An exhibition, show, display",jeonsihye
korean_topik_6,k_3569,전화하다,To call,jeonhwahada
korean_topik_6,k_3570,전환하다,"To exchange, to convert, to change over",jeonhwanhada
korean_topik_6,k_3571,정치학,Political science,jeongchihak
korean_topik_6,k_3572,좌석,A seat,jwaseok
korean_topik_6,k_3573,주문,"An order, a request",jumun
korean_topik_6,k_3574,집안일,Housework,jibannil
korean_topik_6,k_3575,체계적,"Systematic, organizational",chegyejeok
korean_topik_6,k_3576,출근,Going to work,chulgeun
korean_topik_6,k_3577,크림,Cream,keurim
korean_topik_6,k_3578,탁월하다,"Be excellent, prominished",tagwolhada
korean_topik_6,k_3579,텅,Hollow,teong
korean_topik_6,k_3580,토하다,To vomit,tohada
korean_topik_6,k_3581,푹,"Completely, entirely",puk
korean_topik_6,k_3582,한순간,One fleeting moment,hansungan
korean_topik_6,k_3583,가사,Words or  lyrics,gasa
korean_topik_6,k_3584,가입자,Member or  subscriber,gaipja
korean_topik_6,k_3585,감소하다,To reduce or diminish,gamsohada
korean_topik_6,k_3586,개구리,Frog,gaeguri
korean_topik_6,k_3587,결과적,Resultative,gyeolgwa-jeok
korean_topik_6,k_3588,괴롭히다,Afflict or  worry,goeropida
korean_topik_6,k_3589,구별,A distinction or  a separation,gubyeol
korean_topik_6,k_3590,깨우다,To wake up or awaken,kkae-uda
korean_topik_6,k_3591,끈,A string or  a cord,kkeun
korean_topik_6,k_3592,끊기다,To be cut off or  severed,kkeunkida
korean_topik_6,k_3593,끊임없다,To not end,kkeunimeopda
korean_topik_6,k_3594,넉넉하다,To be enough,neongneokhada
korean_topik_6,k_3595,두어,"About two, a couple",dueo
korean_topik_6,k_3596,마약,A drug,mayak
korean_topik_6,k_3597,밑바닥,"The bottom,base",mitbadak
korean_topik_6,k_3598,보도되다,To be reported,bododoeda
korean_topik_6,k_3599,보리,Barley,bori
korean_topik_6,k_3600,본부,The headquarters,bonbu
korean_topik_6,k_3601,부,"wealth,riches",bu
korean_topik_6,k_3602,성숙하다,"to ripen, to mature",seongsukhada
korean_topik_6,k_3603,소극적,"Passivity,passiveness",sogeukjeok
korean_topik_6,k_3604,소용,"use,usefulness",soyong
korean_topik_6,k_3605,손질하다,Handle with care,sonjilhada
korean_topik_6,k_3606,수건,Handkerchief,sugeon
korean_topik_6,k_3607,순식간,A brief instant,sunsikgan
korean_topik_6,k_3608,시도,"An attempt,test",sido
korean_topik_6,k_3609,시집,A collection of poems,sijip
korean_topik_6,k_3610,아무개,Mr. so-and-so,amugae
korean_topik_6,k_3611,약점,"A weak point, a vulnerable point",yakjeom
korean_topik_6,k_3612,양복,Western European style clothing,yangbok
korean_topik_6,k_3613,어째서,"For what reason, why is that",eojjaeseo
korean_topik_6,k_3614,얼다,"Freeze, be frozen",eolda
korean_topik_6,k_3615,여,"A woman, a girl",yeo
korean_topik_6,k_3616,연령,"Age, years of age",yeollyeong
korean_topik_6,k_3617,예비,"Preparation, reserve",yebi
korean_topik_6,k_3618,울음소리,Sound of crying,ureumsori
korean_topik_6,k_3619,이놈,That rascal!,inom
korean_topik_6,k_3620,이력서,"Curriculum vitae, a resume (for a job)",iryeokseo
korean_topik_6,k_3621,인정되다,To be recognized,injeongdoeda
korean_topik_6,k_3622,잠자다,Fall asleep,jamjada
korean_topik_6,k_3623,젓가락,A pair of chopsticks,jeotgarak
korean_topik_6,k_3624,주년,One whole year,junyeon
korean_topik_6,k_3625,중단하다,"To interrupt, to stop",jungdanhada
korean_topik_6,k_3626,중대하다,"importance,gravity",jungdaehada
korean_topik_6,k_3627,중심지,A central place,jungsimji
korean_topik_6,k_3628,집중적,Related to the concentration,jipjungjeok
korean_topik_6,k_3629,참되다,"To be true, honest, faithful",chamdoeda
korean_topik_6,k_3630,초청,An invitation,chocheong
korean_topik_6,k_3631,출판사,A publishing company,chulppansa
korean_topik_6,k_3632,탁자,"A table, desk",takja
korean_topik_6,k_3633,토끼,A rabbit,tokki
korean_topik_6,k_3634,퍽,"Very, very much",peok
korean_topik_6,k_3635,풍속,"Manners, customs, morals",pungsok
korean_topik_6,k_3636,피아노,Pian,piano
korean_topik_6,k_3637,핑계,Excuse,pinggye
korean_topik_6,k_3638,한층,"More, still more",hancheung
korean_topik_6,k_3639,행운,"Good luck, good fortune",haeng'un
korean_topik_6,k_3640,가로막다,Interrupt or  obstruct,garomakda
korean_topik_6,k_3641,간섭,Interfere or  meddle,ganseop
korean_topik_6,k_3642,갈증,Thirst,galjeung
korean_topik_6,k_3643,갑작스럽다,All of a sudden,gapjakseureopda
korean_topik_6,k_3644,교환하다,To exchange,gyohwanhada
korean_topik_6,k_3645,그래야,And so or  and then,geuraeya
korean_topik_6,k_3646,기원,Origin,giwon
korean_topik_6,k_3647,길가,The roadside,gilga
korean_topik_6,k_3648,난리,"A war, revolt",nalli
korean_topik_6,k_3649,남매,Brother and sister,nammae
korean_topik_6,k_3650,내버리다,Throw away,naebeorida
korean_topik_6,k_3651,미사일,Missile,misail
korean_topik_6,k_3652,발가락,A toe,balgarak
korean_topik_6,k_3653,보존,Preservation,bojon
korean_topik_6,k_3654,보호되다,To be protected,bohododa
korean_topik_6,k_3655,뵙다,"see,meet",boepda
korean_topik_6,k_3656,부치다,"to send, to post",bucida
korean_topik_6,k_3657,상관,"Concern, relation",sanggwan
korean_topik_6,k_3658,설명되다,To be explained,seolmyeongdoda
korean_topik_6,k_3659,섭섭하다,"Be sorry,disappointed",seopseophada
korean_topik_6,k_3660,세,"A generation,age,epoch",se
korean_topik_6,k_3661,세련되다,"To be polished,refined",seryeondoda
korean_topik_6,k_3662,손쉽다,"Be easy, simple",sonswipda
korean_topik_6,k_3663,안주,Appetizers for alcohol,anju
korean_topik_6,k_3664,어린애,"A youngster, a child",eorin-ae
korean_topik_6,k_3665,열기,"Heat, hot air",yeolgi
korean_topik_6,k_3666,옷차림,"Dress, one’s way of dressing",otcharim
korean_topik_6,k_3667,위로하다,"To console, soothe somebody",wirohada
korean_topik_6,k_3668,이같이,"Like this, like so",igachi
korean_topik_6,k_3669,인형,A doll,inhyeong
korean_topik_6,k_3670,일치,"Agreement, accord",ilchi
korean_topik_6,k_3671,재생,"revival,restoration to life",jaesaeng
korean_topik_6,k_3672,전철,An electric railway,jeoncheol
korean_topik_6,k_3673,찢어지다,"To be torn, rent",jjijeojida
korean_topik_6,k_3674,철학자,Philosopher,cheolhakja
korean_topik_6,k_3675,축하하다,To Congratulate sb,chukahada
korean_topik_6,k_3676,컬러,Color,keolleo
korean_topik_6,k_3677,통화,Conversation by telephone,tonghwa
korean_topik_6,k_3678,특이하다,"Be peculiar, special, unique",teukihada
korean_topik_6,k_3679,필연적,"Necessity, necessary",piryeonjeok
korean_topik_6,k_3680,하룻밤,"One night, a single night",harutbam
korean_topik_6,k_3681,흘러내리다,"Run (stream,pour) down",heulleonaerida
korean_topik_6,k_3682,가짜,Fake,gajja
korean_topik_6,k_3683,강도,Intensity or  strength,gangdo
korean_topik_6,k_3684,곰,Bear,gom
korean_topik_6,k_3685,급히,Fast or  quickly or  in a hurry,geuphi
korean_topik_6,k_3686,기념,Commemoration,ginyeom
korean_topik_6,k_3687,나아지다,"Become better, be improved",naajida
korean_topik_6,k_3688,넘어오다,"Fall, come down",neomeooda
korean_topik_6,k_3689,매너,Manner,maeneo
korean_topik_6,k_3690,민속,Folk-customs,minsok
korean_topik_6,k_3691,버려지다,"Take away, throw away to somewhere",beoryeojida
korean_topik_6,k_3692,빗물,Rainwater,bitmul
korean_topik_6,k_3693,사위,"environment,surroundings",sawi
korean_topik_6,k_3694,설날,New Year’s Day,seollal
korean_topik_6,k_3695,설득하다,Persuasion,seoltteukhada
korean_topik_6,k_3696,손질,"handling,care",sonjil
korean_topik_6,k_3697,손톱,Fingernail,sontop
korean_topik_6,k_3698,식빵,Bread,sikppang
korean_topik_6,k_3699,아르바이트,Part time,areubaiteu
korean_topik_6,k_3700,외로움,Loneliness,oeroum
korean_topik_6,k_3701,외우다,Recite from memory,oeuda
korean_topik_6,k_3702,운전자,The driver,unjeonja
korean_topik_6,k_3703,유리창,A window which uses glass,yurichang
korean_topik_6,k_3704,입대,"Enlistment, enrollment",ipdae
korean_topik_6,k_3705,적성,Aptitude,jeokseong
korean_topik_6,k_3706,전망하다,"Have a view of, observe",jeonmanghada
korean_topik_6,k_3707,집단적,Collectively (of people),jipdanjeok
korean_topik_6,k_3708,차이점,A point of difference,chaijjeom
korean_topik_6,k_3709,찬물,Cold water,chanmul
korean_topik_6,k_3710,철도,Railroad,cheoldo
korean_topik_6,k_3711,총각,"A bachelor, an unmarried man",chonggak
korean_topik_6,k_3712,캠페인,Campaign,kaempein
korean_topik_6,k_3713,태풍,Typhoon,taepung
korean_topik_6,k_3714,한눈,"A look, glampse, look",hannun
korean_topik_6,k_3715,햇볕,"Sunbeams, sunlight",haetbyeot
korean_topik_6,k_3716,홍수,"A flood, inundation",hongsu
korean_topik_6,k_3717,가뭄,A drought,gamum
korean_topik_6,k_3718,간접,Indirectness,ganjeop
korean_topik_6,k_3719,강력히,With great strengh or  or might,gangnyeokhi
korean_topik_6,k_3720,개선되다,To be renovated or  to get improved,geseondoeda
korean_topik_6,k_3721,건네다,Speak to a person or  address,geonneda
korean_topik_6,k_3722,게,A crab,ge
korean_topik_6,k_3723,결심,Determination or  resolution,gyeolsim
korean_topik_6,k_3724,곧장,Directly or  straightforwardly ; to do something straight away,gotjang
korean_topik_6,k_3725,교직,The teaching profession,gyojik
korean_topik_6,k_3726,구속하다,To arrest or  restrain,gusokada
korean_topik_6,k_3727,귀중하다,To be precious,gwijunghada
korean_topik_6,k_3728,긁다,Scratch or  scrape,geukda
korean_topik_6,k_3729,금지하다,To restrain or prohibit,geumjihada
korean_topik_6,k_3730,기사,Technician,gisa
korean_topik_6,k_3731,기숙사,A hostel or  residence hall,gisuksa
korean_topik_6,k_3732,나뭇잎,Tree leaves,namunip
korean_topik_6,k_3733,내쉬다,Exhale,naeswida
korean_topik_6,k_3734,넓어지다,Get wider,neolbeojida
korean_topik_6,k_3735,늘어지다,Be lengthened,neureojida
korean_topik_6,k_3736,단독,Independence,dandok
korean_topik_6,k_3737,마당,"An instance, case",madang
korean_topik_6,k_3738,마음껏,As much as you want,maeumkkeot
korean_topik_6,k_3739,몰려들다,Be driven into,mollyeodeulda
korean_topik_6,k_3740,미팅,Meeting,miting
korean_topik_6,k_3741,바,Bar,ba
korean_topik_6,k_3742,바퀴,Wheel,bakwi
korean_topik_6,k_3743,발자국,Footprint,baljaguk
korean_topik_6,k_3744,뱉다,Spit,baetda
korean_topik_6,k_3745,벌어지다,"Widen, get wider",beoreojida
korean_topik_6,k_3746,보너스,Bonus,boneoseu
korean_topik_6,k_3747,산책,"A walk,stroll",sanchek
korean_topik_6,k_3748,생기,"animation,life",saenggi
korean_topik_6,k_3749,서적,"books,publications",seojeok
korean_topik_6,k_3750,소화,Digestion,sohwa
korean_topik_6,k_3751,수험생,A student preparing for an examination,suheomseng
korean_topik_6,k_3752,시끄럽다,"To be noisy,boisterous",sikkeureopda
korean_topik_6,k_3753,신세대,The new generation,sinseidae
korean_topik_6,k_3754,안기다,"(1) To fix on a person, lay the blame on a person",angida
korean_topik_6,k_3755,"(2) to throw onto sb, to pass onto sb, to pawn off onto sb, to hand over to sb",,daggida
korean_topik_6,k_3756,어기다,"Run counter to, go against",eogida
korean_topik_6,k_3757,어때,What do you think?,eottae
korean_topik_6,k_3758,엘리베이터,Elevator,ellibeiteo
korean_topik_6,k_3759,연구원,Researcher,yeonguwon
korean_topik_6,k_3760,연애,"Love, tender, passion",yeonae
korean_topik_6,k_3761,연휴,Consecutive holidays,yeonhyu
korean_topik_6,k_3762,요약하다,"summary,condense,abridge",oyakhada
korean_topik_6,k_3763,운동하다,To do exercise,undonghada
korean_topik_6,k_3764,월요일,Monday,woryoil
korean_topik_6,k_3765,위성,A satellite,wiseong
korean_topik_6,k_3766,의외로,"unexpectedly,surprisingly",uiwaero
korean_topik_6,k_3767,이모,A maternal aunt,imo
korean_topik_6,k_3768,자살,Suicide,jasal
korean_topik_6,k_3769,제시,Presentation,jesi
korean_topik_6,k_3770,제외되다,To be excluded,jewidoeda
korean_topik_6,k_3771,조카,Nephew,joka
korean_topik_6,k_3772,주소,An address,juso
korean_topik_6,k_3773,찍히다,"Get sealed, stamped",jjikhida
korean_topik_6,k_3774,철,Steel,cheol
korean_topik_6,k_3775,취직,"Employment, getting a job",chwijik
korean_topik_6,k_3776,타락,"depravity,corruption,degradation",tarak
korean_topik_6,k_3777,통화,"Currency, the unit of circulation",tonghwa
korean_topik_6,k_3778,틀림없이,No mistaking it,teullimeopsi
korean_topik_6,k_3779,파티,Party,pati
korean_topik_6,k_3780,회관,An assembly hall,hoegwan
korean_topik_6,k_3781,계획하다,Plan or  make a project,gyehoekhada
korean_topik_6,k_3782,공연장,Auditorium,gongyeonjang
korean_topik_6,k_3783,국적,Nationality or  citizenship,gukjeok
korean_topik_6,k_3784,근래,Of late or  recently,geullae
korean_topik_6,k_3785,나뉘다,Divide,nanwida
korean_topik_6,k_3786,낱말,A word,natmal
korean_topik_6,k_3787,내외,"Men and woman, husband and wife",naeoe
korean_topik_6,k_3788,냄비,A pot,naembi
korean_topik_6,k_3789,늑대,Wolf,neukdae
korean_topik_6,k_3790,늘어서다,Stand in a row,neureoseoda
korean_topik_6,k_3791,다정하다,"To be affectionate, warm-hearted",dajeonghada
korean_topik_6,k_3792,달다,to be sweet,dalda
korean_topik_6,k_3793,달려들다,"Run, rush, jump at",dallyeodeulda
korean_topik_6,k_3794,망원경,Telescope,mangwongyeong
korean_topik_6,k_3795,모범,"model,example",mobeom
korean_topik_6,k_3796,무리하다,Be impossible,murihada
korean_topik_6,k_3797,묶이다,Be fastened together,mukkida
korean_topik_6,k_3798,방해하다,"Interrupt, interfere",banghaehada
korean_topik_6,k_3799,뱀,Snake,baem
korean_topik_6,k_3800,벌,Set (of clothes),beol
korean_topik_6,k_3801,뵈다,Contraction of 보이다,boeda
korean_topik_6,k_3802,상류,"The upper classes,upstream",sangryu
korean_topik_6,k_3803,석,Three (in 3 months),seok
korean_topik_6,k_3804,선명하다,"To be clear,distinct",seonmyeonghada
korean_topik_6,k_3805,선호하다,To prefer,seonhohada
korean_topik_6,k_3806,성공적,Successfully,seonggongjeok
korean_topik_6,k_3807,소규모,Small scale,sogyumo
korean_topik_6,k_3808,수시로,"On demand, per the demand of the occasion ; all the time, at any time",susiro
korean_topik_6,k_3809,시야,Visual field,siya
korean_topik_6,k_3810,실현되다,"To realize,bring to fruition",silhyeondoeda
korean_topik_6,k_3811,아니야,"No, that’s not the case",aniya
korean_topik_6,k_3812,어느덧,Before one knows it,eoneudeot
korean_topik_6,k_3813,오르내리다,"Go up and down, rise and fall",oreunaerida
korean_topik_6,k_3814,왕자,Prince,wangja
korean_topik_6,k_3815,우수하다,"to be superior,excellent",usuhada
korean_topik_6,k_3816,유명,"fame,celebrity status",yumyeong
korean_topik_6,k_3817,유형,A similar type,yuhyeong
korean_topik_6,k_3818,으레,"customarily,habitually",eure
korean_topik_6,k_3819,일상적,"Daily, of the everyday things",ilsangjeok
korean_topik_6,k_3820,일일이,"One by one, individually",ilili
korean_topik_6,k_3821,전공하다,To major in something,jeongonghada
korean_topik_6,k_3822,전후,"sequence,order,front and rear",jeonhu
korean_topik_6,k_3823,정상,"normalcy,normality",jeongsang
korean_topik_6,k_3824,정상적,"normal,like usual",jeongsangjeok
korean_topik_6,k_3825,질적,Qualitative,jiljeok
korean_topik_6,k_3826,척,To appear or look as,cheok
korean_topik_6,k_3827,철,Season (the 4),cheol
korean_topik_6,k_3828,청소하다,To clean,cheongsohada
korean_topik_6,k_3829,충격적,Shocking,chunggyeokjeok
korean_topik_6,k_3830,치아,A tooth,chia
korean_topik_6,k_3831,편의,"Convenience, expediency",pyeoni
korean_topik_6,k_3832,폐지,"Abolition, to not use, to do away with",pyeji
korean_topik_6,k_3833,해설,"Explanation, elucidation",haeseol
korean_topik_6,k_3834,헌,"Old, shabby, worn-out",heon
korean_topik_6,k_3835,흑백,Black and white,heukbaek
korean_topik_6,k_3836,희생,A sacrifice,huisaeng
korean_topik_6,k_3837,가까워지다,Get closer,gakkawojida
korean_topik_6,k_3838,감사하다,To thank,gamsahada
korean_topik_6,k_3839,강도,A robber or  burglar,gangdo
korean_topik_6,k_3840,경비,Expenses or  outlay,gyeongbi
korean_topik_6,k_3841,경제력,Economic power,gyeongjeryeok
korean_topik_6,k_3842,금하다,1) suppress or  restraint 2) abstain from or  restrain from,geumhada
korean_topik_6,k_3843,기대되다,To be expected,gidaedoeda
korean_topik_6,k_3844,깊숙이,Deep or  far,gipsugi
korean_topik_6,k_3845,꿀,Honey or  nectar,kkul
korean_topik_6,k_3846,넘어뜨리다,Throw down,neomeotteurida
korean_topik_6,k_3847,농사짓다,To do farming,nongsa jjitda
korean_topik_6,k_3848,단단하다,"Be hard, solid",dandanada
korean_topik_6,k_3849,담당자,Person in charge,damdangja
korean_topik_6,k_3850,답변,An answer,dapbyeon
korean_topik_6,k_3851,대비,"Provision, preparation",daebi
korean_topik_6,k_3852,대체,"An outline, summary",daeche
korean_topik_6,k_3853,더욱더,More and more and more,deoukdeo
korean_topik_6,k_3854,도심,The heart of the city,dosim
korean_topik_6,k_3855,마찰,"Rubbing, chafing",machal
korean_topik_6,k_3856,마크,a company logo,makeu
korean_topik_6,k_3857,만족,Satisfaction,manjok
korean_topik_6,k_3858,망치다,Ruin,mangchida
korean_topik_6,k_3859,메뉴,Menu,menyu
korean_topik_6,k_3860,모금,Money raising,mogeum
korean_topik_6,k_3861,묘사,Description,myosa
korean_topik_6,k_3862,문화적,Cultural,munhwajeok
korean_topik_6,k_3863,묻히다,"Have smeared,be covered with",muchida
korean_topik_6,k_3864,미혼,Unmarried,mihon
korean_topik_6,k_3865,발전되다,"Be advanced, prospering",baljeondoeda
korean_topik_6,k_3866,방송사,Broadcasting company,bangsongsa
korean_topik_6,k_3867,방지하다,"To prevent, check",bangjihada
korean_topik_6,k_3868,사표,A written resignation,sapyo
korean_topik_6,k_3869,삼가다,"Be discreet,take care of ; to abstain (refrain) o.s. from doing",samgada
korean_topik_6,k_3870,생방송,A live broadcast,saengbangsong
korean_topik_6,k_3871,셋째,The third,setjjae
korean_topik_6,k_3872,소홀히,"carelessly,indifferently,neglectfully",soholhi
korean_topik_6,k_3873,손발,Hand and foot; the limbs,sonbal
korean_topik_6,k_3874,쌍둥이,Twins,ssangdungi
korean_topik_6,k_3875,안내하다,To lead the way,annaehada
korean_topik_6,k_3876,앉히다,To place a person in a set,anhida
korean_topik_6,k_3877,영하,Below zero,yeongha
korean_topik_6,k_3878,옆구리,"The side, the flank",yeopguri
korean_topik_6,k_3879,외교관,A diplomat,oegyogwan
korean_topik_6,k_3880,외국어,"A foreign language; sometimes, only means English",oegugeo
korean_topik_6,k_3881,웬만하다,"To be just only barely passable, fairly good",wenmanhada
korean_topik_6,k_3882,유행하다,"To be in fashion, to be popular",yuhaenghada
korean_topik_6,k_3883,으응,Ugh!,eu-eung
korean_topik_6,k_3884,이어서,Subsequently,ieoseo
korean_topik_6,k_3885,자장면,Black chinese noodles,jajangmyeon
korean_topik_6,k_3886,자정,Midnight,jajeong
korean_topik_6,k_3887,종합하다,"synthesize,integrate",jonghapada
korean_topik_6,k_3888,중학생,Middle school student,jung-hakseng
korean_topik_6,k_3889,짜다,"Squeeze, press out",jjada
korean_topik_6,k_3890,참,"At the point of, when",cham
korean_topik_6,k_3891,채,House counter,chae
korean_topik_6,k_3892,최후,"The last, the end, the conclusion",choehu
korean_topik_6,k_3893,취재,"Selection, picking out of news articles (by a reporter)",chwijae
korean_topik_6,k_3894,테러,Terror,tereo
korean_topik_6,k_3895,토론회,A debating society/contest,toronhoe
korean_topik_6,k_3896,한잔,A drink of liquor,hanjan
korean_topik_6,k_3897,호주머니,A pocket,hojumoni
korean_topik_6,k_3898,휴일,"A day off of work, a holiday",huyil
korean_topik_6,k_3899,가난,Poor,ganan
korean_topik_6,k_3900,가죽,The skin or  hide or  leather,gajuk
korean_topik_6,k_3901,관계없이,Without any relation,gwangyeopsi
korean_topik_6,k_3902,군,A county or district,gun
korean_topik_6,k_3903,기다,Crawl or creep,gida
korean_topik_6,k_3904,다툼,A quarrel,datum
korean_topik_6,k_3905,달력,A calendar,dallyeok
korean_topik_6,k_3906,대,One piece,dae
korean_topik_6,k_3907,대낮,Broad daylight,daennat
korean_topik_6,k_3908,데려가다,Take with,deryeogada
korean_topik_6,k_3909,도자기,Porcelain,dojadi
korean_topik_6,k_3910,모조리,"One and all, wholly",modjori
korean_topik_6,k_3911,변경,"Change, alteration",byeonggyeong
korean_topik_6,k_3912,부지런히,Diligently,bujireonhi
korean_topik_6,k_3913,사슴,Deer,saseum
korean_topik_6,k_3914,삼촌,"An uncle (usually on the father\’s side)(외삼촌 a brother of the wife, an uncle on the  mother\’s side)",samchon
korean_topik_6,k_3915,상당수,plenty/a lot of,sangdansu
korean_topik_6,k_3916,소풍,Picnic,sopung
korean_topik_6,k_3917,속옷,Underwear,sogeot
korean_topik_6,k_3918,손목,The wrist,sonmok
korean_topik_6,k_3919,손실,Loss,sonsil
korean_topik_6,k_3920,슬쩍,"Secretly, on the sly, stealthily",seuljjeok
korean_topik_6,k_3921,시나리오,Scenario,sinario
korean_topik_6,k_3922,신문지,Newspaper paper,sinmunji
korean_topik_6,k_3923,실컷,To one’s satisfaction,silkeot
korean_topik_6,k_3924,양보하다,"To make a concession, recede",yangbohada
korean_topik_6,k_3925,엔진,Engine,enjin
korean_topik_6,k_3926,용,A dragon,yong
korean_topik_6,k_3927,운행,"movement,revolution",unhaeng
korean_topik_6,k_3928,이대로,As it is,idaero
korean_topik_6,k_3929,인간성,Human nature,inganseong
korean_topik_6,k_3930,인상적,Impressive,insangjeok
korean_topik_6,k_3931,자라나다,To grow up,jarana-da
korean_topik_6,k_3932,전시,"exhibition,display",jeonsi
korean_topik_6,k_3933,조그마하다,"Be tiny,small",jogeomahada
korean_topik_6,k_3934,주차장,Parking lot,jujang
korean_topik_6,k_3935,주한,Residing in korea,juhan
korean_topik_6,k_3936,중년,Middle-aged,jungnyeon
korean_topik_6,k_3937,지다,"To fade away, come off",jida
korean_topik_6,k_3938,찌꺼기,"drugs,sediments,remnants (tea grounds)",jjigeogi
korean_topik_6,k_3939,춤추다,To dance,chumchuda
korean_topik_6,k_3940,테니스,Tennis,teniseu
korean_topik_6,k_3941,파리,A fly,pari
korean_topik_6,k_3942,포스터,Poster,poseuteo
korean_topik_6,k_3943,포함,"inclusion,comprehension",poham
korean_topik_6,k_3944,형식적,Related to the form,hyeongsikjeok
korean_topik_6,k_3945,후회하다,To regret,huhwahada
korean_topik_6,k_3946,가이드,Guide,gaideu
korean_topik_6,k_3947,가입하다,Join,gaiphada
korean_topik_6,k_3948,감소,Decrease or  dimunition,gamso
korean_topik_6,k_3949,고르다,Flat or  even,goreuda
korean_topik_6,k_3950,고속도로,Freeway or  highway with no street lights,gosokdoro
korean_topik_6,k_3951,공책,Notebook for taking notes and studying,gongchaek
korean_topik_6,k_3952,구분되다,To be put into sections,gubundoe-da
korean_topik_6,k_3953,구입,Purchase or  buying,guip
korean_topik_6,k_3954,기여,Contribution or  service,giyeo
korean_topik_6,k_3955,기호,Taste or  likes,giho
korean_topik_6,k_3956,꾸리다,Pack up or  bundle up,kkuri-da
korean_topik_6,k_3957,낭비,Waste,nangbi
korean_topik_6,k_3958,내외,The interior and exterior,naeoe
korean_topik_6,k_3959,대략,"an outline, summary (2) generally, on the whole",daeryak
korean_topik_6,k_3960,덮이다,Be covered,deop-ida
korean_topik_6,k_3961,도리어,On the contrary,dorieo
korean_topik_6,k_3962,멋있다,"stylish,tasteful",meositta
korean_topik_6,k_3963,멸치,Anchovy,myeolchi
korean_topik_6,k_3964,바람,"A wish, hope",baram
korean_topik_6,k_3965,발목,Ankle,balmok
korean_topik_6,k_3966,밤늦다,It is late at night,bamneutda
korean_topik_6,k_3967,방울,A drop,bangul
korean_topik_6,k_3968,배,Pear,bae
korean_topik_6,k_3969,벌,A bee,beol
korean_topik_6,k_3970,보관,"custody,deposit",bogwan
korean_topik_6,k_3971,보살피다,Take care of,bosalpida
korean_topik_6,k_3972,보완하다,"to supplement and make complete, to complement sth",bowanhada
korean_topik_6,k_3973,보존하다,"preserve,conserve",bojonhada
korean_topik_6,k_3974,빨다,"sip,suck",ppalda
korean_topik_6,k_3975,빼놓다,"exclude,leave out",ppaenota
korean_topik_6,k_3976,사상,In history,sasang
korean_topik_6,k_3977,사춘기,"adolescence,puberty",sachungi
korean_topik_6,k_3978,상반기,"The first,upper half",sangbangi
korean_topik_6,k_3979,서점,A bookstore,seojeom
korean_topik_6,k_3980,선전,Propaganda,seonjeon
korean_topik_6,k_3981,설립하다,"found,establish",seollipada
korean_topik_6,k_3982,수집,Collection,sujip
korean_topik_6,k_3983,수필,An essay,supil
korean_topik_6,k_3984,신기하다,"To be novel,original",singihada
korean_topik_6,k_3985,신비,Mystery,sinbi
korean_topik_6,k_3986,신설,A new theory,sinseol
korean_topik_6,k_3987,실감,Actual feeling,silgam
korean_topik_6,k_3988,실망,Disappointment,silmang
korean_topik_6,k_3989,쓰다듬다,Stroke one’s beard,sseudeumda
korean_topik_6,k_3990,알루미늄,Aluminum,alluminyum
korean_topik_6,k_3991,알아주다,"acknowledge,recognize, appreciate",arajuda
korean_topik_6,k_3992,양말,A sock,yangmal
korean_topik_6,k_3993,여우,Fox,yeou
korean_topik_6,k_3994,와,Holy cow!,wa
korean_topik_6,k_3995,외출,"Going out, an outing",oechul
korean_topik_6,k_3996,용기,"A container, a vessel",yonggi
korean_topik_6,k_3997,웨이터,Waiter,weit'eo
korean_topik_6,k_3998,유발하다,"To induce, bring about, cause",yubalhada
korean_topik_6,k_3999,유지되다,"To be maintained, preserved",yujidoeda
korean_topik_6,k_4000,자가용,For personal/family use,jagayong
korean_topik_6,k_4001,잡아당기다,Pull,jabadangida
korean_topik_6,k_4002,점검,"inspection,examination",jeomgeom
korean_topik_6,k_4003,정원,Garden,jeongwon
korean_topik_6,k_4004,조기,"An early stage,period",jogi
korean_topik_6,k_4005,존경하다,Respect,jon'gyonghada
korean_topik_6,k_4006,종,A bell,jong
korean_topik_6,k_4007,종소리,The sound of a bell,jongsori
korean_topik_6,k_4008,중순,The second 10 days in a month,jungsun
korean_topik_6,k_4009,지각,"perception,consciousness",jigak
korean_topik_6,k_4010,직선,A straight line,jikseon
korean_topik_6,k_4011,참외,A melon,chamoe
korean_topik_6,k_4012,체하다,"pretend,feign",chehada
korean_topik_6,k_4013,체험하다,"To experience, to undergo",cheheomhada
korean_topik_6,k_4014,초대하다,To invide,chodaehada
korean_topik_6,k_4015,총,A gun,chong
korean_topik_6,k_4016,칭찬하다,To praise somebody,chingchanhada
korean_topik_6,k_4017,코치,Coach,kochi
korean_topik_6,k_4018,통일하다,"To unify, consolidate",tongilhada
korean_topik_6,k_4019,패션,Fashion,paesyeon
korean_topik_6,k_4020,프린터,Printer,peurinteo
korean_topik_6,k_4021,피디,PD – a newspaper article,pidi
korean_topik_6,k_4022,하나하나,Each individual piece,hanahana
korean_topik_6,k_4023,학위,Academic rank,hakwi
korean_topik_6,k_4024,회의,"Doubt, skepticism",hoewi
korean_topik_6,k_4025,가로등,A street light,garodeung
korean_topik_6,k_4026,감,Feelings,gam
korean_topik_6,k_4027,개개인,Individuals or  every person,gaegaein
korean_topik_6,k_4028,걷다,1) Roll back /up one’s sleeves  2)fold or  furl up  3) finish work,geotda
korean_topik_6,k_4029,고집,Persistence or  stubborness,gojip
korean_topik_6,k_4030,금,Gold,geum
korean_topik_6,k_4031,급격히,Be rapid or  sudden,geukgyeokhi
korean_topik_6,k_4032,기능,Ability or  capacity or  skill,gineung
korean_topik_6,k_4033,기막히다,Be at a loss for words,gimakhida
korean_topik_6,k_4034,나누어지다,To become divided,nanueojida
korean_topik_6,k_4035,낙엽,Fallen dead leaves,nagyeop
korean_topik_6,k_4036,넘겨주다,Hand over,neomgyeojuda
korean_topik_6,k_4037,논리적,Logical,nolliljeok
korean_topik_6,k_4038,다가서다,"Step up, go near to, come closer",dagaseoda
korean_topik_6,k_4039,대기하다,Be ready for the opportunity,daegihada
korean_topik_6,k_4040,대접,Treatment,daejeop
korean_topik_6,k_4041,말다,"Roll up, convolve",malda
korean_topik_6,k_4042,맞은편,The other side of  THIS IS ONE WORD,mapeunpyeon
korean_topik_6,k_4043,멋,Smartness,meot
korean_topik_6,k_4044,면,Cotton,myeon
korean_topik_6,k_4045,박,Staying the night,bak
korean_topik_6,k_4046,밤하늘,Night sky,bamhaneul
korean_topik_6,k_4047,변명,"Explanation, vindication",byeonmyeong
korean_topik_6,k_4048,보자기,A diver,bojagi
korean_topik_6,k_4049,부상,"A wound,injury",busang
korean_topik_6,k_4050,분리하다,"To separate, break away from",bullihada
korean_topik_6,k_4051,붙들다,"catch,seize,grasp",butdeulda
korean_topik_6,k_4052,사들이다,"buy,purchase",sadeurida
korean_topik_6,k_4053,상관없이,Without anything to do with,sanggwan'eopsi
korean_topik_6,k_4054,새우,"lobster,shrimp",saeu
korean_topik_6,k_4055,선원,"A crew, a ship’s company",seonwon
korean_topik_6,k_4056,설사,Diarrhea,seolsa
korean_topik_6,k_4057,실망하다,To disappoint,silmanghada
korean_topik_6,k_4058,심해지다,Become deep and serious,simhaejida
korean_topik_6,k_4059,씨름,Wrestling,ssireum
korean_topik_6,k_4060,아쉬움,Sense of missing,aswium
korean_topik_6,k_4061,앞길,"The road ahead, outlook",apgil
korean_topik_6,k_4062,약해지다,To become weak,yakhaejida
korean_topik_6,k_4063,어젯밤,Last night,eojetbam
korean_topik_6,k_4064,엉망,"A mess, in bad shape",eongmang
korean_topik_6,k_4065,여관,"A hotel, an inn",yeogwan
korean_topik_6,k_4066,여쭈다,"Tell a superior, inform",yeojjuda
korean_topik_6,k_4067,연습하다,"To practice,exercise",yeonseupada
korean_topik_6,k_4068,연출하다,"Produce, present (a play)",yeonchulhada
korean_topik_6,k_4069,열중하다,"Enthusiasm, zeal",yeoljunghada
korean_topik_6,k_4070,영웅,"A hero, a great man",yeong-ung
korean_topik_6,k_4071,오,"Oh, ah!",o
korean_topik_6,k_4072,유산,"An inheritence, property left behind",yusan
korean_topik_6,k_4073,의도적,Purposefully,uidojeok
korean_topik_6,k_4074,이따금,From time to time,ittageum
korean_topik_6,k_4075,임신부,An expectant mother,imsinbu
korean_topik_6,k_4076,장기적,Long-term,janggi-jeok
korean_topik_6,k_4077,재주,"ability,talent",jaeju
korean_topik_6,k_4078,전설,"A tradition, a legend",jeonseol
korean_topik_6,k_4079,절,"clause,paragraph",jeol
korean_topik_6,k_4080,젖,The breasts,jeot
korean_topik_6,k_4081,조르다,"To tease, urge sb",joreuda
korean_topik_6,k_4082,주문하다,"To order, to request",jumunhada
korean_topik_6,k_4083,주사,"A shot, an injection",jusa
korean_topik_6,k_4084,지겹다,"To be tedious,tiring",jigyeopda
korean_topik_6,k_4085,짐작,"guess,conjecture",jimjak
korean_topik_6,k_4086,쫓겨나다,Chase away ; to fire from your job,jjotgyeonada
korean_topik_6,k_4087,찢다,"Tear, rend, split",jjitda
korean_topik_6,k_4088,채널,Channel,chaeneol
korean_topik_6,k_4089,출근하다,To go to work,chulgeunhada
korean_topik_6,k_4090,취소하다,"To cancel, calloff",chwisohada
korean_topik_6,k_4091,취업,"Employment, finding a job",chwieop
korean_topik_6,k_4092,칠하다,"Paint, coat",chilada
korean_topik_6,k_4093,타오르다,"Blaze, light up",taoreuda
korean_topik_6,k_4094,탁,"(1) With a bang, with a snap (2) widely",tak
korean_topik_6,k_4095,평,A criticism,pyeong
korean_topik_6,k_4096,평화롭다,To be peaceful,pyeonghwaropda
korean_topik_6,k_4097,표시,"A sign,signal",pyosi
korean_topik_6,k_4098,표시,"A sign, signal",pyosi
korean_topik_6,k_4099,하반기,The second half of the year,haban-gi
korean_topik_6,k_4100,한구석,"A corner, a nook",han-guseok
korean_topik_6,k_4101,한하다,"Limit, restrict",hanhada
korean_topik_6,k_4102,해답,"A solution to a problem, an answer to a question",haedap
korean_topik_6,k_4103,해소하다,"To be dissolved, disorganized",haesohada
korean_topik_6,k_4104,허락하다,"Consent, agree to",heorakada
korean_topik_6,k_4105,확립하다,"establish,settle,fix",hwangnipada
korean_topik_6,k_4106,확신하다,To be confident of,hwaksinada
korean_topik_6,k_4107,흥분,"excitement,excitation",heungbun
korean_topik_6,k_4108,흥분하다,be/grow excited,heungbunhada
korean_topik_6,k_4109,힘겹다,To be not strong enough to do,himgyeopda
korean_topik_6,k_4110,감수성,Receptivity or  susceptibility,gamsuseong
korean_topik_6,k_4111,거들다,Help or  assist or  lend,geodeulda
korean_topik_6,k_4112,건너편,The opposite side,geonneopyeon
korean_topik_6,k_4113,경치,A scene or  scenery,gyeongchi
korean_topik_6,k_4114,급속히,Rapidly or  swiftly,geupsokhi
korean_topik_6,k_4115,급증하다,Surge or  sudden rapid increase,geupjeunghada
korean_topik_6,k_4116,깔끔하다,Be sleek and smart,kkalkkeumhada
korean_topik_6,k_4117,꼼꼼하다,"very careful or meticulous, doing it in a very detailed manner",kkomkkomhada
korean_topik_6,k_4118,낮아지다,Become lower,najajida
korean_topik_6,k_4119,단순,Simplicity,dansun
korean_topik_6,k_4120,대사,an ambassador,daesa
korean_topik_6,k_4121,두세,Two or three (months),duse
korean_topik_6,k_4122,매,"whip,rod,cane",mae
korean_topik_6,k_4123,먹고살다,Make one’s living,meokgosalda
korean_topik_6,k_4124,멎다,Stop,meotda
korean_topik_6,k_4125,면담,An interview,myeondam
korean_topik_6,k_4126,모집,Collection,mojip
korean_topik_6,k_4127,모퉁이,Corner,motungi
korean_topik_6,k_4128,바구니,Basket,baguni
korean_topik_6,k_4129,바싹,Completely,bakkak
korean_topik_6,k_4130,발달되다,Be developed,baldaldoeda
korean_topik_6,k_4131,발음,Pronunciation,bareum
korean_topik_6,k_4132,방울,A bell,bangul
korean_topik_6,k_4133,보름,"15days,the 15th day",boreum
korean_topik_6,k_4134,봉지,Bag,bongji
korean_topik_6,k_4135,부딪히다,Be bumped into,budichida
korean_topik_6,k_4136,비상,Emergency,bisang
korean_topik_6,k_4137,비서,Secretary,biseo
korean_topik_6,k_4138,뿌리치다,"Shake off, refuse",ppurichida
korean_topik_6,k_4139,사업자,Businessman,saeopja
korean_topik_6,k_4140,상대편,The other party,sangdaepyeon
korean_topik_6,k_4141,세트,Set,seteu
korean_topik_6,k_4142,소망,"desire,wish,hope",somang
korean_topik_6,k_4143,수동적,Passively,sudongjeok
korean_topik_6,k_4144,술잔,A glass for alcohol,suljan
korean_topik_6,k_4145,슬그머니,Furtively,seulgeumeoni
korean_topik_6,k_4146,시장,Mayor,sijang
korean_topik_6,k_4147,시청률,Popularity rating,sicheongnyul
korean_topik_6,k_4148,신문사,Newspaper company,sinmunsa
korean_topik_6,k_4149,여군,A woman soldier,yeogun
korean_topik_6,k_4150,연인,A sweetheart,yeonin
korean_topik_6,k_4151,연장,"Extension, prolongation",yeonjang
korean_topik_6,k_4152,열흘,Ten days,yeolheul
korean_topik_6,k_4153,예선,A preliminary match/election,yeson
korean_topik_6,k_4154,옥수수,Corn,oksusu
korean_topik_6,k_4155,원,A circle,won
korean_topik_6,k_4156,은행나무,A ginko tree,eunhaengnamu
korean_topik_6,k_4157,이웃집,The neighbor’s house,iutjip
korean_topik_6,k_4158,자부심,Pride,jabosim
korean_topik_6,k_4159,장차,"In the future, someday",jangcha
korean_topik_6,k_4160,재미없다,Boring,jaemi-eopda
korean_topik_6,k_4161,저편,"That side,direction",jeopyeon
korean_topik_6,k_4162,정신과,Psychiatry,jeongsingwa
korean_topik_6,k_4163,제도적,Systematic,jedojeok
korean_topik_6,k_4164,조절,"regulation,adjustment",jojeol
korean_topik_6,k_4165,주거,"residing,dwelling",jugeo
korean_topik_6,k_4166,주스,Juice,juseu
korean_topik_6,k_4167,준비되다,To be ready,junbidoeda
korean_topik_6,k_4168,중단되다,"To be suspended,stopped",jungdandoeda
korean_topik_6,k_4169,중요시하다,Attach great importance to,jungyosihada
korean_topik_6,k_4170,지점,Branch store,jijjeom
korean_topik_6,k_4171,진단하다,To diagnose,jindanhada
korean_topik_6,k_4172,콜라,Cola,kolla
korean_topik_6,k_4173,타다,"Get, receive, take your share of the money (회사에서 월급을 타다)",tada
korean_topik_6,k_4174,편견,"A prejudice, a bias",pyeon'gyeon
korean_topik_6,k_4175,플라스틱,Plastic,peullaseutik
korean_topik_6,k_4176,환율,The exchange rate (money),hwallyul
korean_topik_6,k_4177,활기,"Vigor, life, vitality",hwalgí
korean_topik_6,k_4178,강사,Instructor or  teacher,gangsa
korean_topik_6,k_4179,강수량,How much rainfall,gangsurang
korean_topik_6,k_4180,교대,Alternation or  change,gyodae
korean_topik_6,k_4181,구청,A ward or district office,gucheong
korean_topik_6,k_4182,국내외,The inside and outside of a country or  home and abroad,guknaeoe
korean_topik_6,k_4183,금지되다,To be forbidden or prohibited,geumjidoeda
korean_topik_6,k_4184,기도하다,To pray,gidohada
korean_topik_6,k_4185,기성08,To be already existing or  established,giseong
korean_topik_6,k_4186,깨뜨리다,To break or  crush,kkaetteurida
korean_topik_6,k_4187,꼼짝,Cannot move,kkomjjak
korean_topik_6,k_4188,남학생,Male student,namhaksaeng
korean_topik_6,k_4189,농사일,Farming,nongsail
korean_topik_6,k_4190,농장,"A farm, plantation",nongjang
korean_topik_6,k_4191,데이트,Date,deiteu
korean_topik_6,k_4192,마음가짐,Mental attitude,maeumgajim
korean_topik_6,k_4193,머리칼,Hair,meorikal
korean_topik_6,k_4194,모,"A certain person, mr. Jones",mo
korean_topik_6,k_4195,바퀴,Cockroach,bakwi
korean_topik_6,k_4196,번개,Lightning,beongae
korean_topik_6,k_4197,변화되다,To be changed,byeonhwadoeda
korean_topik_6,k_4198,부러워하다,"envy,be envious of",bureowohada
korean_topik_6,k_4199,부재,Absence,bujae
korean_topik_6,k_4200,사망,Death,samang
korean_topik_6,k_4201,생,"1) raw,uncooked 2)living",saeng
korean_topik_6,k_4202,서늘하다,"Be cool,refreshing",seoneulhada
korean_topik_6,k_4203,성경,The Bible,Seonggyeong
korean_topik_6,k_4204,소요되다,Be needed,soyodoida
korean_topik_6,k_4205,소화하다,To digest,sohwahada
korean_topik_6,k_4206,순간적,"instanteous,momentary",sunganjeok
korean_topik_6,k_4207,시집가다,To take a husband,sijigada
korean_topik_6,k_4208,시청,City hall,sicheong
korean_topik_6,k_4209,싶어지다,To come to want,sipeojida
korean_topik_6,k_4210,씌우다,Put a hat on somebody,ssiwuda
korean_topik_6,k_4211,야간,The night time,yagan
korean_topik_6,k_4212,엇갈리다,"Cross, miss eachother",eotgallida
korean_topik_6,k_4213,엷다,"Be thin, light",yeopda
korean_topik_6,k_4214,오락,Entertainment,orak
korean_topik_6,k_4215,오른손,The right hand,oreunson
korean_topik_6,k_4216,우아하다,"To be elegant,refined",uahada
korean_topik_6,k_4217,이것저것,"This and that, one thing and another",igeotjeogeot
korean_topik_6,k_4218,이슬,"Dew, dewdrops",iseul
korean_topik_6,k_4219,인간관계,Human relations,ingwangye
korean_topik_6,k_4220,장기간,For a long period,jangGigan
korean_topik_6,k_4221,저자,"A writer,author",jeoja
korean_topik_6,k_4222,전선,The battle line,jeonseon
korean_topik_6,k_4223,정지,"stop,an interruption",jeongji
korean_topik_6,k_4224,제의하다,Make a suggestion,jewihada
korean_topik_6,k_4225,조명,"lighting,illumination",jomyeong
korean_topik_6,k_4226,조화되다,"harmony,agreement",johwadoeda
korean_topik_6,k_4227,줄거리,"A stalk, a stem",julgeori
korean_topik_6,k_4228,중단,"interruption,suspension",jungdan
korean_topik_6,k_4229,차선,A traffic lane,chaseon
korean_topik_6,k_4230,착각하다,"To misunderstand, to deceive oneself, to be having illucinations",chakkakhada
korean_topik_6,k_4231,초상화,"A portrait, a picture",chosanghwa
korean_topik_6,k_4232,출장,A business trip,chuljang
korean_topik_6,k_4233,쿠데타,Coup d’etat (overthrow of the government),kudeta
korean_topik_6,k_4234,퇴근,"Leaving one’s office, coming home from work",toegeun
korean_topik_6,k_4235,특수성,"Particularity, distinctiveness",teuksu-seong
korean_topik_6,k_4236,항공기,An aircraft,hanggonggi
korean_topik_6,k_4237,활발히,"briskly,actively",hwalbalhi
korean_topik_6,k_4238,회화,"Conversations, talk",hoehwa
korean_topik_6,k_4239,흥미롭다,To be interesting,heungmiropda
korean_topik_6,k_4240,가져다주다,Take something to someone,gajyeodajuda
korean_topik_6,k_4241,각오,Readiness or  preparation,gago
korean_topik_6,k_4242,개방되다,To be opened,gaebangdoeda
korean_topik_6,k_4243,겨자,Mustard,gyeoja
korean_topik_6,k_4244,경고하다,To warn,gyeonggohada
korean_topik_6,k_4245,경제학,Economics,gyeongjehak
korean_topik_6,k_4246,골프,Golf,golpeu
korean_topik_6,k_4247,관심사,A matter of concern and interest,gwansimsa
korean_topik_6,k_4248,구별되다,To be separated andistinguished,gubyeoldoeda
korean_topik_6,k_4249,국사,The history of a country,guksa
korean_topik_6,k_4250,굳히다,Harden or  make hard,guchida
korean_topik_6,k_4251,귀국,Returning to one’s home country,gwiguk
korean_topik_6,k_4252,그간,The while or  during tha time,geugan
korean_topik_6,k_4253,그럴듯하다,Be plausible or  specious or  likely,geureuldeuthada
korean_topik_6,k_4254,극작가,A dramatist,geukjakga
korean_topik_6,k_4255,기23,A flag or  a banner,gi
korean_topik_6,k_4256,기울다,To tilt or  lean,giulda
korean_topik_6,k_4257,기적,A miracle,gijeok
korean_topik_6,k_4258,끌리다,To be drawn or  pulled or  dragged,kkeullida
korean_topik_6,k_4259,내보내다,"Let out, let go out",naebonaeda
korean_topik_6,k_4260,담,"A wall, fence",dam
korean_topik_6,k_4261,따스하다,Feel warm,ttaseuhada
korean_topik_6,k_4262,말투,One’s way of talking,maltu
korean_topik_6,k_4263,명령어,Directive,myeongnyeong-eo
korean_topik_6,k_4264,목욕탕,A bathhouse,mokyoktang
korean_topik_6,k_4265,미끄러지다,Slippery,mikkeureojida
korean_topik_6,k_4266,바닷물,Sea water,badatmul
korean_topik_6,k_4267,변신,"Disguise, transformation",byeonsin
korean_topik_6,k_4268,부친,A father,buchin
korean_topik_6,k_4269,붙잡히다,Be caught,butjapida
korean_topik_6,k_4270,브랜드,Brand,beuraendeu
korean_topik_6,k_4271,빨다,Wash the laundry,ppalda
korean_topik_6,k_4272,사무,Office work,samu
korean_topik_6,k_4273,사소하다,"Be trifling,insignificant",sasohada
korean_topik_6,k_4274,상,"A table,small desk",sang
korean_topik_6,k_4275,상쾌하다,"Be refreshing,exhilirating",sangkwaehada
korean_topik_6,k_4276,성,"A family name,surname",seong
korean_topik_6,k_4277,손길,An outstretched hand,songil
korean_topik_6,k_4278,순위,"order,ranking",sunwi
korean_topik_6,k_4279,식사하다,To eat a meal,siksahada
korean_topik_6,k_4280,쌍,"A pair,couple",ssang
korean_topik_6,k_4281,썰렁하다,"chilly,feel cold",sseolleonghada
korean_topik_6,k_4282,암시,"A hint, suggestion",amsi
korean_topik_6,k_4283,앞날,"The futre, the days ahead",annaal
korean_topik_6,k_4284,역사상,In history,yeoksasang
korean_topik_6,k_4285,연주,A musical performance,yeonju
korean_topik_6,k_4286,우울하다,"To be melancholy, gloomy",uulhada
korean_topik_6,k_4287,우체국,A post office,ucheguk
korean_topik_6,k_4288,울리다,To make (a baby) cry,ullida
korean_topik_6,k_4289,육상,"On land, on the ground",yuksang
korean_topik_6,k_4290,음주,Drinking (alcohol),eumju
korean_topik_6,k_4291,이별,"Parting, separation; divorce",ibyeol
korean_topik_6,k_4292,인재,A man of ability,injae
korean_topik_6,k_4293,인종,A human race,injong
korean_topik_6,k_4294,일시적,Of a day,ilisijeok
korean_topik_6,k_4295,재밌다,"interesting,fun",jaemitta
korean_topik_6,k_4296,전문적,Of a specialist nature,jeonmunjeok
korean_topik_6,k_4297,젊음,Youth,jeolmeum
korean_topik_6,k_4298,점잖다,"To be dignified,well-bred",jeomjanta
korean_topik_6,k_4299,조개,"shellfish,clam",jogae
korean_topik_6,k_4300,주무시다,To sleep (respectful word),jumusida
korean_topik_6,k_4301,중계방송,"A relay, a hookup",junggyebangsong
korean_topik_6,k_4302,중독,Poison,jungdok
korean_topik_6,k_4303,지급,"supply,pay",jigeup
korean_topik_6,k_4304,진실하다,"Be true, truthful",jinsilhada
korean_topik_6,k_4305,차창,car/train window,chachang
korean_topik_6,k_4306,초청하다,To invite,chochonghada
korean_topik_6,k_4307,출발점,The starting point of a trip,chulbaljeom
korean_topik_6,k_4308,출판,"Publication, publishing",chulpan
korean_topik_6,k_4309,출현하다,"Appearance, turning out",chulhyeonhada
korean_topik_6,k_4310,클럽,Club,keulleop
korean_topik_6,k_4311,키스,Kiss,kiseu
korean_topik_6,k_4312,탈출하다,"To escape, get away from",talchulhada
korean_topik_6,k_4313,판사,A judge,pansa
korean_topik_6,k_4314,허락,"Consent, assent, approval",heorak
korean_topik_6,k_4315,확신,"Conviction, firm belief",hwaksin
korean_topik_6,k_4316,흐리다,Cloudy (weather),heurida
korean_topik_6,k_4317,걱정스럽다,Anxious or  uneasy,geokjeongseureopda
korean_topik_6,k_4318,건설되다,To become constructed,geonseoldoeda
korean_topik_6,k_4319,고개,the peak or crest (of a hill),gogae
korean_topik_6,k_4320,고프다,Hungry or  famished,gopeuda
korean_topik_6,k_4321,그제야,For the first time or  not … until,geujeaya
korean_topik_6,k_4322,금연,Prohibition of smoking,geumyeon
korean_topik_6,k_4323,기성세대,Old people,giseongsedae
korean_topik_6,k_4324,기술하다,To describe or give an account of,gisulhada
korean_topik_6,k_4325,까치,Magpie,kkachi
korean_topik_6,k_4326,꿈속,In a dream,kkumsok
korean_topik_6,k_4327,나비,Butterfly,nabi
korean_topik_6,k_4328,남북,North and south,nambuk
korean_topik_6,k_4329,납득하다,"To convince, persuade oneself",napdeukhada
korean_topik_6,k_4330,단,A grade or class,dan
korean_topik_6,k_4331,대사관,Embassy,daesagwan
korean_topik_6,k_4332,독창적,Original,dokchangjeok
korean_topik_6,k_4333,만점,Perfect score,manjeom
korean_topik_6,k_4334,매달,Every month,maedal
korean_topik_6,k_4335,모여들다,"gather,flock",moyeodeulda
korean_topik_6,k_4336,묵다,Get old,mukda
korean_topik_6,k_4337,바깥쪽,The outside,bakkatjjok
korean_topik_6,k_4338,배고프다,To be hungry,baegopeuda
korean_topik_6,k_4339,버섯,Mushroom,beoseot
korean_topik_6,k_4340,보수,Conservation,bosu
korean_topik_6,k_4341,보안,Preservation of the public peace,boan
korean_topik_6,k_4342,뵈다,See (polite),boida
korean_topik_6,k_4343,부,"assistant,deputy",bu
korean_topik_6,k_4344,비웃다,"Laugh at, ridicule",biutda
korean_topik_6,k_4345,비키다,Move aside,bikida
korean_topik_6,k_4346,사나이,"A man, a male",sanai
korean_topik_6,k_4347,사모님,Older more respected ajuma,samonim
korean_topik_6,k_4348,삼,Three,sam
korean_topik_6,k_4349,상징적,"symbolic,emblematic",sangjingjeok
korean_topik_6,k_4350,색다르다,"Be different,novel",saekdareuda
korean_topik_6,k_4351,세미나,Seminar,semina
korean_topik_6,k_4352,세제,"detergent,cleaning material",seje
korean_topik_6,k_4353,속삭이다,Whisper,soksagida
korean_topik_6,k_4354,시일,"time,days",si-il
korean_topik_6,k_4355,시합,"A contest,match",sihap
korean_topik_6,k_4356,신속하다,"Be quick,rapid,speedy",sinsokhada
korean_topik_6,k_4357,신제품,A new product,sinjepum
korean_topik_6,k_4358,신중하다,"To be prudent,cautious",sinjunghada
korean_topik_6,k_4359,썩,"Very much,greatly",sseok
korean_topik_6,k_4360,암컷,"A female,a she (opp. 수컷)",amkeot
korean_topik_6,k_4361,여행하다,To travel,yeohaenghada
korean_topik_6,k_4362,예고하다,"Warn, give advance notice",yegohada
korean_topik_6,k_4363,위반하다,To violate (the law),wibanhada
korean_topik_6,k_4364,윗몸,The upper body,wingmom
korean_topik_6,k_4365,은은하다,"To be distant,faint,indistinct",euneunhada
korean_topik_6,k_4366,이해관계,Mutual understanding,ihaegwangye
korean_topik_6,k_4367,익히다,"cook,boil",ikhida
korean_topik_6,k_4368,일대,One great/large,ildae
korean_topik_6,k_4369,입력,Power input,imnyeok
korean_topik_6,k_4370,자연현상,Natural phenomena,jayeonhyeonsang
korean_topik_6,k_4371,정류장,"stop,a station,bus-stop",jeongnyujang
korean_topik_6,k_4372,정신없이,Feel distracted and scatter-brained,jeongsin-eopsi
korean_topik_6,k_4373,정직하다,"honesty,uprightness",jeongjik-hada
korean_topik_6,k_4374,조정하다,"To regulate,adjust,coordinate",jojeong-hada
korean_topik_6,k_4375,주름,Wrinkles,jureum
korean_topik_6,k_4376,중요,"importance,consequence",jung-yo
korean_topik_6,k_4377,챔피언,Champion,chaempieon
korean_topik_6,k_4378,최신,"Newest, the latest",choesin
korean_topik_6,k_4379,축하,"Congratulation, celebration",chukha
korean_topik_6,k_4380,취소,"Cancellation, anulment",chwiso
korean_topik_6,k_4381,캐릭터,Character,kaerikteo
korean_topik_6,k_4382,커튼,Curtain,keoteun
korean_topik_6,k_4383,팬,"A fan, an enthusiast",paen
korean_topik_6,k_4384,해롭다,"To be harmful, injurious",haeropda
korean_topik_6,k_4385,현관문,The front door,hyeonganmun
korean_topik_6,k_4386,활발해지다,To become lively,hwalbalhaejida
korean_topik_6,k_4387,회복되다,To be recovered,hoebokdoeda
korean_topik_6,k_4388,희생하다,To sacrifice,huisaenghada
korean_topik_6,k_4389,가능해지다,To become possible,ganeunghaejida
korean_topik_6,k_4390,겨울철,The winter season,gyeoulcheol
korean_topik_6,k_4391,고추장,Red pepper paste,gochujang
korean_topik_6,k_4392,골프장,Golf course,golfjang
korean_topik_6,k_4393,공연히,Futile or  vain or  useless,gongyeonhi
korean_topik_6,k_4394,과정,A course or  curriculum,gwajeong
korean_topik_6,k_4395,국수,Noodles,guksu
korean_topik_6,k_4396,국제적,International,gukjejeok
korean_topik_6,k_4397,그루,1) a root  2) stubble,geuru
korean_topik_6,k_4398,그전,Former days or  the past,geujeon
korean_topik_6,k_4399,금고,A safe or  strongbox,geumgo
korean_topik_6,k_4400,꾸중,"Scolding, a rebuke",kkujung
korean_topik_6,k_4401,끌어당기다,To draw near,kkeureodangida
korean_topik_6,k_4402,끼,A meal or  a repast,kki
korean_topik_6,k_4403,능동적,"Activity ; voluntary, of its own nature (opp.  수동적)",neungdongjeok
korean_topik_6,k_4404,달빛,Moonlight,dalbit
korean_topik_6,k_4405,당분간,For the present,dangbungan
korean_topik_6,k_4406,도움말,Helping words,doummal
korean_topik_6,k_4407,뒷산,The back side of a mountain,dwitsan
korean_topik_6,k_4408,만족하다,To be content,manjokada
korean_topik_6,k_4409,맵다,Spicy,maepda
korean_topik_6,k_4410,메다,Put on one’s shoulder,meda
korean_topik_6,k_4411,몰려오다,Come in crowds,mollyeo-oda
korean_topik_6,k_4412,물질적,Material,muljiljeok
korean_topik_6,k_4413,미인,A beautiful girl,miin
korean_topik_6,k_4414,믿어지다,Become believable,mideojida
korean_topik_6,k_4415,반죽,Kneading; dough,banjuk
korean_topik_6,k_4416,반지,Ring,banji
korean_topik_6,k_4417,밤,Chestnut,bam
korean_topik_6,k_4418,배치,Arrangement,baechi
korean_topik_6,k_4419,백인,Caucasian,baegin
korean_topik_6,k_4420,본,An example,bon
korean_topik_6,k_4421,본사,Main office,bonsa
korean_topik_6,k_4422,부르다,To be full,bureuda
korean_topik_6,k_4423,불평등하다,Inequality,bulpyeongdeunghada
korean_topik_6,k_4424,비타민,Vitamin,bitamin
korean_topik_6,k_4425,빌딩,Building,bilding
korean_topik_6,k_4426,빠뜨리다,"Throw into (a river); entice, entrap",ppatturida
korean_topik_6,k_4427,산속,The heart of a mountain,sansok
korean_topik_6,k_4428,새로이,"newly,afresh",saeroyi
korean_topik_6,k_4429,서양인,A Westerner,seoyang-in
korean_topik_6,k_4430,소지품,one’s things,sojipum
korean_topik_6,k_4431,송이,"A bunch,cluster",song-i
korean_topik_6,k_4432,쇠,Iron,soe
korean_topik_6,k_4433,수컷,A male of the species,sukheot
korean_topik_6,k_4434,승리하다,To win,seunghada
korean_topik_6,k_4435,식초,Vinegar,sikcho
korean_topik_6,k_4436,심부름,Errand,simbeulreum
korean_topik_6,k_4437,씨앗,Seeds,ssiat
korean_topik_6,k_4438,야외,"The fields, the outskirts",yao-oe
korean_topik_6,k_4439,얻어먹다,Go about begging,eodeomeokda
korean_topik_6,k_4440,엄숙하다,"Seriousness, solemnity ; being grave, serious",eomshukhada
korean_topik_6,k_4441,여가,"leisure,spare time",yeoga
korean_topik_6,k_4442,여동생,Younger sister,yeodongsaeng
korean_topik_6,k_4443,연상하다,Association of ideas,yeonsanghada
korean_topik_6,k_4444,옆집,The house next door,yeopjip
korean_topik_6,k_4445,오래간만,After a long time,oraeganman
korean_topik_6,k_4446,오래도록,"For long, a long while",oraedorok
korean_topik_6,k_4447,올려다보다,Look up,ollyeodaboda
korean_topik_6,k_4448,외다,To repeat back (an order),oeda
korean_topik_6,k_4449,외침,"A shout, a cry",oechim
korean_topik_6,k_4450,이빨,A tooth,ippal
korean_topik_6,k_4451,이해,"interests,gains",ihae
korean_topik_6,k_4452,일손,Work in hand,ilson
korean_topik_6,k_4453,잠바,Jumper,jamba
korean_topik_6,k_4454,잠수함,Submarine,jamsuham
korean_topik_6,k_4455,장수,"A tradesman,merchant",jangsu
korean_topik_6,k_4456,장학금,Scholarship,janghakgeum
korean_topik_6,k_4457,재다,"measure,guage",jaeda
korean_topik_6,k_4458,쟤,That kid,jyae
korean_topik_6,k_4459,점심시간,Lunchtime,jeomsimsigan
korean_topik_6,k_4460,지도하다,"To lead, instruct",jidohada
korean_topik_6,k_4461,지적,"Intellectual, brainy",jijeok
korean_topik_6,k_4462,진로,"A course,direction,path",jill
korean_topik_6,k_4463,진행자,Leader of the performance,jinhaengja
korean_topik_6,k_4464,쪽,"A side, direction",jjok
korean_topik_6,k_4465,찾아다니다,To go around to meet somebody or see places,chajadānida
korean_topik_6,k_4466,책임감,Feeling of responsibility,chaegimgam
korean_topik_6,k_4467,체온,Body temperature,cheon
korean_topik_6,k_4468,초밥,Japanese vinegared rice vegetables,chobap
korean_topik_6,k_4469,출구,An exit,chulgu
korean_topik_6,k_4470,출입문,Door for exiting and entering,chiripmun
korean_topik_6,k_4471,통과,Passage,tonggwa
korean_topik_6,k_4472,포장마차,A wheeled snack bar on the street,pojangmacha
korean_topik_6,k_4473,푸다,"Dip out, bail out",juda
korean_topik_6,k_4474,풀,Glue (spread the ~),pul
korean_topik_6,k_4475,피망,A pimento,pimang
korean_topik_6,k_4476,필름,Film,pillim
korean_topik_6,k_4477,한결,"Stands out conspicuously, especially",hangyeol
korean_topik_6,k_4478,한여름,"Midsummer, the middle of summer",hanyeoreum
korean_topik_6,k_4479,항공,An airport,hanggong
korean_topik_6,k_4480,호선,The track number for a train,hoseon
korean_topik_6,k_4481,회전,"Revolution, rotation",hoejeon
korean_topik_6,k_4482,휴지,Toilet paper,hyuji
korean_topik_6,k_4483,가위,Scissors,gawi
korean_topik_6,k_4484,고속,High speed,gosok
korean_topik_6,k_4485,곧다,Be straight or upright or  erect,gotda
korean_topik_6,k_4486,골치,Worry or  anxiety,golchi
korean_topik_6,k_4487,구하다,Rescue a person,guhada
korean_topik_6,k_4488,내달,Next month,naedal
korean_topik_6,k_4489,넷째,Fourth,netjjae
korean_topik_6,k_4490,놔두다,"Leave as it is, let it be",nwaduda
korean_topik_6,k_4491,늦어지다,To become late,neujeojida
korean_topik_6,k_4492,도망가다,"Make a go for it, escape",domanghada
korean_topik_6,k_4493,독하다,Be poison,dokhada
korean_topik_6,k_4494,만,To be of sufficient quantity,man
korean_topik_6,k_4495,명단,List of names,myeongdan
korean_topik_6,k_4496,무의미하다,Be nonsense,muuiuihada
korean_topik_6,k_4497,문구,"passage,paragraph",munggu
korean_topik_6,k_4498,뭣,What (thing)?,mwoch
korean_topik_6,k_4499,미만,"under,below ; less than",miman
korean_topik_6,k_4500,백색,White,baeksaek
korean_topik_6,k_4501,비바람,Rain and wind,bibaram
korean_topik_6,k_4502,사기,"morale,fighting spirit",saghi
korean_topik_6,k_4503,사망하다,"To decease,pass away",samanghada
korean_topik_6,k_4504,사무직,Working in the office not in the factory,samu-jik
korean_topik_6,k_4505,소질,"temperament,character",so-jil
korean_topik_6,k_4506,솜,Cotton,som
korean_topik_6,k_4507,시디롬,Cd-rom,sidir-om
korean_topik_6,k_4508,식생활,Dietary life,siksaenghwal
korean_topik_6,k_4509,신호등,"Signal light, blinker",sinhodeung
korean_topik_6,k_4510,신혼여행,the honeymoon (the trip after the wedding),sinhon-yeohaeng
korean_topik_6,k_4511,실,Thread (to wind thread),sil
korean_topik_6,k_4512,씩씩하다,"Be brave,valiant",ssikssikhada
korean_topik_6,k_4513,연구실,A laboratory,yeongusil
korean_topik_6,k_4514,월드컵,World cup,woldeukeop
korean_topik_6,k_4515,유머,Humor,yumeo
korean_topik_6,k_4516,의류,"Clothes, dresses; clothing",uiryu
korean_topik_6,k_4517,입원,Hospitalization,ibwon
korean_topik_6,k_4518,잊혀지다,To become forgotten,ichyeojida
korean_topik_6,k_4519,잘살다,"To be affluent, well-off",jalsalda
korean_topik_6,k_4520,장가,To get married,janga
korean_topik_6,k_4521,적응,Adaptation,jeogeung
korean_topik_6,k_4522,정리되다,To be adjusted,jeongnidoeda
korean_topik_6,k_4523,조,"A company,group",jo
korean_topik_6,k_4524,졸업생,A graduate,joreopsaeng
korean_topik_6,k_4525,죽다,Lose your spirit,jukda
korean_topik_6,k_4526,창피하다,To be ashamed,changpihada
korean_topik_6,k_4527,친절,"Kindness, goodness",chinjeol
korean_topik_6,k_4528,침실,Bedroom,chimsil
korean_topik_6,k_4529,태권도,Tae kwon do,taegwondo
korean_topik_6,k_4530,토론하다,"To debate, discuss",toronhada
korean_topik_6,k_4531,하나하나,Each individual piece,hanahna
korean_topik_6,k_4532,합하다,"Harmonize with, be in accord with",haphada
korean_topik_6,k_4533,핸드백,Handbag,haendubaek
korean_topik_6,k_4534,햄버거,Hamburger,haembeogeo
korean_topik_6,k_4535,가정교사,Private tutor,gajeonggyosa
korean_topik_6,k_4536,감사,Thanks,gamsa
korean_topik_6,k_4537,공통적,Commonly,gongtongjeok
korean_topik_6,k_4538,교육자,An educator,gyoyukja
korean_topik_6,k_4539,교재,Teaching material or  insruction materials,gyojjae
korean_topik_6,k_4540,기타,Guitar,gita
korean_topik_6,k_4541,길어지다,To become long,gireojida
korean_topik_6,k_4542,깨소금,Powdered sesame mixed with salt,kkaesogeum
korean_topik_6,k_4543,나빠지다,To become worse,nappajida
korean_topik_6,k_4544,남,A man,nam
korean_topik_6,k_4545,놓아두다,"Leave as it is, let it be",noaduda
korean_topik_6,k_4546,대접하다,Treatment,daejeophada
korean_topik_6,k_4547,무궁화,The rose of Sharon,mugunghwa
korean_topik_6,k_4548,바이러스,Virus,baireoseu
korean_topik_6,k_4549,방바닥,room’s floor,bangbadak
korean_topik_6,k_4550,번거롭다,Be troublesome.  할 일이 많아서 아주 바쁘다,beon-georeopda
korean_topik_6,k_4551,사냥,"Hunting, a hunt",sanyang
korean_topik_6,k_4552,사회생활,Social life,sahoesaenghwal
korean_topik_6,k_4553,설거지,Dishwashing,seolgeoji
korean_topik_6,k_4554,수년,Several years,sunyeon
korean_topik_6,k_4555,수출하다,To export,suchulhada
korean_topik_6,k_4556,숙소,one’s address,sukso
korean_topik_6,k_4557,슈퍼마켓,Supermarket,syupeomaket
korean_topik_6,k_4558,심리적,Psychological,simnijeok
korean_topik_6,k_4559,연기,"postponement,deferment",yeongi
korean_topik_6,k_4560,위로,"consolation,solace",wiro
korean_topik_6,k_4561,이용자,A user; visitor,iyongja
korean_topik_6,k_4562,입력하다,To input (data into the computer),ipryeokada
korean_topik_6,k_4563,자격증,A qualification certificate,jagyeokjeung
korean_topik_6,k_4564,진료,Medical examination and treatment,jillyo
korean_topik_6,k_4565,창가,"Next to a window, or, the window’s edge",changga
korean_topik_6,k_4566,초조하다,"Be impatient, irritated",chojohada
korean_topik_6,k_4567,타다,"Put in, mix, dissolve",tada
korean_topik_6,k_4568,한잔하다,To drink a glass of liquor,hanjanhada
korean_topik_6,k_4569,함께하다,"To do it together, with somebody",hamkkehada
korean_topik_6,k_4570,합격하다,To pass an exam,hapgyeokada
korean_topik_6,k_4571,화장지,Soft paper used when applying makeup,hwajangji
korean_topik_6,k_4572,힘껏,With all one’s might,himkkeot
korean_topik_6,k_4573,가요,A song,gayo
korean_topik_6,k_4574,감상,Appreciation,gamsang
korean_topik_6,k_4575,공짜,Free,gongjja
korean_topik_6,k_4576,공통되다,To be common,gongtongdoeda
korean_topik_6,k_4577,그만하다,Be about the same or  be neither better nor worse,geumanhada
korean_topik_6,k_4578,나들이,"Going out, an outing ; making a short visit to sb or somewhere",nadeuri
korean_topik_6,k_4579,녹이다,"Melt, dissolve",nōida
korean_topik_6,k_4580,눈가,The eye rims,nun-ga
korean_topik_6,k_4581,도망,Escape,domang
korean_topik_6,k_4582,모기,A mosquito,mogi
korean_topik_6,k_4583,미니,Mini,mini
korean_topik_6,k_4584,방면,Direction,bangmyeon
korean_topik_6,k_4585,법적,Legal,beopjeok
korean_topik_6,k_4586,벤치,Bench,benchi
korean_topik_6,k_4587,보수,"mending,repair",bosu
korean_topik_6,k_4588,볼일,"business,errand,engagement",bollil
korean_topik_6,k_4589,부끄러움,"shame,disgrace",bukkeureoum
korean_topik_6,k_4590,비누,Soap,binu
korean_topik_6,k_4591,비행,An irregularity,bihaeng
korean_topik_6,k_4592,빗줄기,Great streaks of rain,bitjulgi
korean_topik_6,k_4593,사회학,Social science,sahoeha
korean_topik_6,k_4594,성적,Sexual,seongjeok
korean_topik_6,k_4595,세수,Hand-washing,sesu
korean_topik_6,k_4596,순진하다,"To be naive,pure",sunjinhada
korean_topik_6,k_4597,스웨터,Sweater,seuweteo
korean_topik_6,k_4598,심심하다,to be bored,simsimhada
korean_topik_6,k_4599,어려워지다,To become difficult,eoryeowojida
korean_topik_6,k_4600,여행사,Travel agency,yeohaengsa
korean_topik_6,k_4601,올라서다,Stand up,ollaseoda
korean_topik_6,k_4602,왼손,The right hand,oenson
korean_topik_6,k_4603,유학생,A foreign student,yuhaksaeng
korean_topik_6,k_4604,은,Silver,eun
korean_topik_6,k_4605,자리,A spot at a table,jari
korean_topik_6,k_4606,잘생기다,To be handsome,jalsaenggida
korean_topik_6,k_4607,장애인,A handicapped person,jangaein
korean_topik_6,k_4608,재활용품,A recycled product,jaehwalyongpum
korean_topik_6,k_4609,저러다,Like that,jeoreoda
korean_topik_6,k_4610,저리,That place,jeori
korean_topik_6,k_4611,절약하다,To economize,jeoryakhada
korean_topik_6,k_4612,정반대,"Direct opposition, the exact reverse",jeongbandae
korean_topik_6,k_4613,진동,"vibration,shake",jindong
korean_topik_6,k_4614,찌개,A pot stew,jjigae
korean_topik_6,k_4615,추천,A recommendation,chucheon
korean_topik_6,k_4616,학점,"A unit, a point, a credit",hakjeom
korean_topik_6,k_4617,한가하다,"To be free, not busy",hangahada
korean_topik_6,k_4618,합격,Success in an examination,hapgyeok
korean_topik_6,k_4619,환영하다,To welcome,hwanyeonghada
korean_topik_6,k_4620,간접적,Indirect or  mediate,ganjeopjeok
korean_topik_6,k_4621,갈다,Renew or  substitute ; same as 바꾸다,galda
korean_topik_6,k_4622,경영하다,To manage or  adminster,gyeongyeonghada
korean_topik_6,k_4623,그리움,Yearning or  affection,geurium
korean_topik_6,k_4624,그사이,The while or  the meantime,geusai
korean_topik_6,k_4625,기념하다,Commemorate,ginyeomhada
korean_topik_6,k_4626,기도,A prayer,gido
korean_topik_6,k_4627,길거리,A street,gilgeori
korean_topik_6,k_4628,꽃잎,A petal,kkonnip
korean_topik_6,k_4629,넥타이,Necktie,nektai
korean_topik_6,k_4630,대강,General principles,daegang
korean_topik_6,k_4631,독립하다,To become independent,dongnip hada
korean_topik_6,k_4632,문밖,Outside the door,munbak
korean_topik_6,k_4633,방송하다,Broadcast,bangsonghada
korean_topik_6,k_4634,보충하다,"replenish,replace,fillup",bochunghada
korean_topik_6,k_4635,불완전하다,To be imerfect,burwallyeonhada
korean_topik_6,k_4636,불평,Dissatisfaction,bulpyeong
korean_topik_6,k_4637,붐비다,"Be congested,crowded ; to be full of",bum-bida
korean_topik_6,k_4638,생활환경,Life environment,saenghwal hwan-gyeong
korean_topik_6,k_4639,서명,"signing,autographing",seomyeong
korean_topik_6,k_4640,손등,The back of the hand,sondeung
korean_topik_6,k_4641,역사학,The study of history,yeoksahak
korean_topik_6,k_4642,영,"Really, totally",yeong
korean_topik_6,k_4643,오리,Duck,ori
korean_topik_6,k_4644,요리사,"A chef, a cook",yorisa
korean_topik_6,k_4645,원,Goodness! Gracious!,won
korean_topik_6,k_4646,원서,"An application, a written request",wonseo
korean_topik_6,k_4647,월,A month,wol
korean_topik_6,k_4648,이론적,Theoretical,ironjeok
korean_topik_6,k_4649,이제야,These days,ijeya
korean_topik_6,k_4650,임신하다,To be pregnant,imsinhada
korean_topik_6,k_4651,입원하다,To enter a hospital,ribwonhada
korean_topik_6,k_4652,자취,"A trace,vestige",jachwi
korean_topik_6,k_4653,잠그다,To lock,jamgeuda
korean_topik_6,k_4654,잡수시다,"eat,drink",japsusida
korean_topik_6,k_4655,장난감,A toy,jangnangam
korean_topik_6,k_4656,장례,A funeral,jangrye
korean_topik_6,k_4657,전기밥솥,Electric rice cooker,jeon gibapsot
korean_topik_6,k_4658,지금껏,"So far, till now",jigeumkkeot
korean_topik_6,k_4659,지름길,A shortcut,jireumgil
korean_topik_6,k_4660,지진,Earthquake,jijin
korean_topik_6,k_4661,참석자,Persons present,chamseokja
korean_topik_6,k_4662,창구,A window,changgu
korean_topik_6,k_4663,최저,"The lowest, the minimum/lowest price",choejeo
korean_topik_6,k_4664,코미디,Comedy,komidi
korean_topik_6,k_4665,튀기다,"To fry; splash, splatter",twigida
korean_topik_6,k_4666,필수,"necessary,indispensable",pilsu
korean_topik_6,k_4667,하품,Yawning,hapum
korean_topik_6,k_4668,한국말,Korean (language),hangukmal
korean_topik_6,k_4669,횟수,"The number of times, the frequency",hoetsu
korean_topik_6,k_4670,흐리다,"Be muddy, cloudy ;  with a tint of",heurida
korean_topik_6,k_4671,가능,Possibility,ganeung
korean_topik_6,k_4672,값싸다,Cheap or  low-priced,gapsada
korean_topik_6,k_4673,계란,An egg,gyeran
korean_topik_6,k_4674,교문,A school gate,gyomun
korean_topik_6,k_4675,권투,Boxing or  K1,gwontu
korean_topik_6,k_4676,긴장감,Feeling of tension,ginjanggam
korean_topik_6,k_4677,김,"1) Steam 2) scent, aroma",gim
korean_topik_6,k_4678,넷,4,net
korean_topik_6,k_4679,매달다,"Bind up, hang:  묶어서 드리우거나 걸다.",maeldala
korean_topik_6,k_4680,매주,Every week,maeju
korean_topik_6,k_4681,문제되다,Become a problem,munje doeda
korean_topik_6,k_4682,받침,"Support, prop",batchim
korean_topik_6,k_4683,북,North,buk
korean_topik_6,k_4684,불이익,"disadvantage,drawback",buriik
korean_topik_6,k_4685,불필요하다,To be unnecessary,bulpiryohada
korean_topik_6,k_4686,산부인과,Obstetrics and gynecology,sanbuingwa
korean_topik_6,k_4687,새우다,Sit up all night,saeuda
korean_topik_6,k_4688,서명하다,To sign,seomyeonghada
korean_topik_6,k_4689,수,"way,method",su
korean_topik_6,k_4690,수고하다,To work hard,sugohada
korean_topik_6,k_4691,수학,Pursuit of knowledge,suhak
korean_topik_6,k_4692,신부,"A holy father,priest",sinbu
korean_topik_6,k_4693,쓸데없다,To be useless,sseulde-eopda
korean_topik_6,k_4694,아뇨,"No, nay",anyo
korean_topik_6,k_4695,아래쪽,"The lower part, the bottom",araejjok
korean_topik_6,k_4696,아스팔트,Asphalt,aseupalteu
korean_topik_6,k_4697,아하,Dear me!  Goodness!,aha
korean_topik_6,k_4698,알코올,Alcohol,alko-ol
korean_topik_6,k_4699,액세서리,Accessory,aekseseori
korean_topik_6,k_4700,에어컨,Air conditioner,eeokeon
korean_topik_6,k_4701,염려하다,"To worry, be anxious about",yeomnyeohada
korean_topik_6,k_4702,오이,Cucumber,oi
korean_topik_6,k_4703,외삼촌,An uncle on one’s mother’s side,oesamchon
korean_topik_6,k_4704,요,Right near at hand,yo
korean_topik_6,k_4705,웃음소리,The sound of laughing,useumsori
korean_topik_6,k_4706,위쪽,The upper direction,witjjok
korean_topik_6,k_4707,음료수,Drinking water,eumnyosu
korean_topik_6,k_4708,인쇄,"printing,typography",inswae
korean_topik_6,k_4709,잔디,Lawn,jandi
korean_topik_6,k_4710,전세,renting with a big downpayment and not paying month to month,jeonse
korean_topik_6,k_4711,조깅,Jogging,joging
korean_topik_6,k_4712,초대,An invitation,choda
korean_topik_6,k_4713,치다,"(a storm, strong wind, rain, lightning) to strike, hit",chida
korean_topik_6,k_4714,캠퍼스,Campus,kaempeoseu
korean_topik_6,k_4715,터널,Tunnel,teoneol
korean_topik_6,k_4716,통,Counters for letters,tong
korean_topik_6,k_4717,퇴직금,Retirement grants,toeujikgeum
korean_topik_6,k_4718,환갑,one’s 60th anniversary,hwanggap
korean_topik_6,k_4719,가만있다,Remain still or  motionless,gaman-ita
korean_topik_6,k_4720,간편하다,Simplicity or  convenience,ganpyeonhada
korean_topik_6,k_4721,감동적,Sensational,gamdongjeok
korean_topik_6,k_4722,건너오다,To come across to this side of something,geonneooda
korean_topik_6,k_4723,관광지,Tourist area,gwan'gwangji
korean_topik_6,k_4724,교복,School uniform,gyobok
korean_topik_6,k_4725,교포,A Korean living abroad,gyopo
korean_topik_6,k_4726,귀가하다,To return home,gwigahada
korean_topik_6,k_4727,날아다니다,Fly about,naradanida
korean_topik_6,k_4728,마음씨,"Disposition, nature",maeumssi
korean_topik_6,k_4729,만,"Just, full",man
korean_topik_6,k_4730,메모,Memo,memo
korean_topik_6,k_4731,몇십,In the tens,myeotsip
korean_topik_6,k_4732,몸매,one’s figure,mommae
korean_topik_6,k_4733,몸무게,Body weight,mommuge
korean_topik_6,k_4734,무관심,"Indifference, unconcern",mugwansim
korean_topik_6,k_4735,반짝이다,"Shine, glitter",banjjagida
korean_topik_6,k_4736,배달,Delivery,baedal
korean_topik_6,k_4737,번역,Translation,beonyeok
korean_topik_6,k_4738,부인,Wife,buin
korean_topik_6,k_4739,분주하다,"Be busy,crowded",bunjuhada
korean_topik_6,k_4740,비닐봉지,Plastic bag,binilbongji
korean_topik_6,k_4741,비판적,Critical,bipanjeok
korean_topik_6,k_4742,뺏다,Straight,paetda
korean_topik_6,k_4743,사전,Dictionary,sajeon
korean_topik_6,k_4744,서랍,A drawer,seorap
korean_topik_6,k_4745,소나기,A sudden rain shower,sonagi
korean_topik_6,k_4746,소중히,"seriously,with care",sojunghi
korean_topik_6,k_4747,손잡이,"A handle,knob",sonjabi
korean_topik_6,k_4748,수도꼭지,"A faucet,tap",sudokkokji
korean_topik_6,k_4749,실례,"rudeness,impolite",sillye
korean_topik_6,k_4750,싸구려,"cheap,inferior (a bargain)",ssaguryeo
korean_topik_6,k_4751,안녕,hello/goodbye,annyeong
korean_topik_6,k_4752,안되다,To refuse to accept,andoeda
korean_topik_6,k_4753,약국,Pharmacy,yakguk
korean_topik_6,k_4754,어찌나,"extremely,quite,awfully",eojjina
korean_topik_6,k_4755,엉터리,"Fake, sham",eongteori
korean_topik_6,k_4756,연하다,"Tender, soft, mild",yeonhada
korean_topik_6,k_4757,원숭이,A monkey,wonsungi
korean_topik_6,k_4758,위법,"illegality,a breach of the law",wibeop
korean_topik_6,k_4759,육체적,"Corporeal, of the flesh",yukchejeok
korean_topik_6,k_4760,음력,The lunar calendar,eumnyeok
korean_topik_6,k_4761,이혼,Divorce,ihon
korean_topik_6,k_4762,일회용,For one time use,ilhoeyong
korean_topik_6,k_4763,잔디밭,"lawn,grass",jandibat
korean_topik_6,k_4764,저기,"“hey,look here,now”",jeogi
korean_topik_6,k_4765,전문직,Specialty job,jeonmunjik
korean_topik_6,k_4766,전화기,Telephone receiver,jeonhwagi
korean_topik_6,k_4767,제출,"presentation,submission",jechul
korean_topik_6,k_4768,지난주,Last week,jinanju
korean_topik_6,k_4769,진달래,Azalea,jindallae
korean_topik_6,k_4770,쪽,"A portion, a side",jjok
korean_topik_6,k_4771,찌다,"chop,hack",jjida
korean_topik_6,k_4772,차남,one’s second eldest son,chanam
korean_topik_6,k_4773,채점,"marking,grading,scoring",chaejeom
korean_topik_6,k_4774,침착하다,"Self-possession, composure",chimchakada
korean_topik_6,k_4775,캄캄하다,To be pitch-black,kamkamhada
korean_topik_6,k_4776,타자기,A typewriter,tajigi
korean_topik_6,k_4777,팬티,Panties (male and female underwear),paenti
korean_topik_6,k_4778,편히,"Easily, comfortably",pyeoni
korean_topik_6,k_4779,포인트,Point,pointeu
korean_topik_6,k_4780,포크,Fork,pokeu
korean_topik_6,k_4781,한밤중,Midnight,hanbamjung
korean_topik_6,k_4782,효도,Filial piety,hyodo
korean_topik_6,k_4783,가구,Furniture,gagu
korean_topik_6,k_4784,간호사,Nurse,ganohosa
korean_topik_6,k_4785,개나리,A forsythia or  a golden-bell tree,gaenari
korean_topik_6,k_4786,고등학생,High school student,godeunghaksaeng
korean_topik_6,k_4787,골목길,An alley,golmokgil
korean_topik_6,k_4788,귀가,Returning home,gwiga
korean_topik_6,k_4789,그리워하다,Yearn or  be attached to,geuriwohada
korean_topik_6,k_4790,기억나다,To memorize,gieongnada
korean_topik_6,k_4791,기침,Coughing,gichim
korean_topik_6,k_4792,노랫소리,A singing voice,noraetsori
korean_topik_6,k_4793,다섯,5,daseot
korean_topik_6,k_4794,닭고기,Chicken meat for eating,dakgogi
korean_topik_6,k_4795,대학교수,University professor,daehakgyosu
korean_topik_6,k_4796,딸아이,Daughter,ttarai
korean_topik_6,k_4797,만족스럽다,Satisfied,manjokseureopda
korean_topik_6,k_4798,미움,Hatred,mi-um
korean_topik_6,k_4799,바가지,A gourd dipper,bagaji
korean_topik_6,k_4800,발끝,On tiptoes,balkkeut
korean_topik_6,k_4801,배꼽,The navel,baekkob
korean_topik_6,k_4802,병실,An infirmary,byeongsil
korean_topik_6,k_4803,봉사하다,"serve,render service",bong sahada
korean_topik_6,k_4804,비행장,An airfield,bihaengjang
korean_topik_6,k_4805,사랑스럽다,Lovely,sarangseureopda
korean_topik_6,k_4806,숟가락,A spoon,sutgarak
korean_topik_6,k_4807,술병,A bottle of alcohol,sulbyeong
korean_topik_6,k_4808,습기,"moisture,humidity",seupgi
korean_topik_6,k_4809,쓰이다,Be writted,sseuilda
korean_topik_6,k_4810,엽서,A postcard,yeopseo
korean_topik_6,k_4811,예보,"forecast,predict",yebo
korean_topik_6,k_4812,요일,A day of the week not the weekend,yoil
korean_topik_6,k_4813,욕실,"A bathroom,a bath",yoksil
korean_topik_6,k_4814,용감하다,"To be brave, courageous",yonggamhada
korean_topik_6,k_4815,운전기사,The driver,unjeongisa
korean_topik_6,k_4816,위험성,"riskiness,jeapordy",wiheomseong
korean_topik_6,k_4817,익다,"Get familiar with, experienced with",ikda
korean_topik_6,k_4818,일,One,il
korean_topik_6,k_4819,장마,The rainy spell in the summer,jangma
korean_topik_6,k_4820,재학,"To be in school, be attending school",jaehak
korean_topik_6,k_4821,전기,a biography,jeongi
korean_topik_6,k_4822,전시하다,To display,jeonsihada
korean_topik_6,k_4823,정기적,"fixed,regular (time sth)",jeonggijeok
korean_topik_6,k_4824,종교적,Of religions,jonggyojeok
korean_topik_6,k_4825,주관적,Subjective,jugwanjeok
korean_topik_6,k_4826,직장인,A worker,jikjangin
korean_topik_6,k_4827,진심,"The whole heart, sincerity",jinsim
korean_topik_6,k_4828,질문하다,Ask a person a question,jilmunhada
korean_topik_6,k_4829,짧아지다,To become short,jjalbajida
korean_topik_6,k_4830,찌다,To put on weight,jjida
korean_topik_6,k_4831,책가방,Bookbag,chaekgabang
korean_topik_6,k_4832,천국,Heaven,cheongguk
korean_topik_6,k_4833,치약,Toothpaste,chiyak
korean_topik_6,k_4834,큰절,A deep bow,keunjeol
korean_topik_6,k_4835,학과,A department in a college,hakgwa
korean_topik_6,k_4836,후회,"repentance,regret",huhwe
korean_topik_6,k_4837,강조,Emphasis or  stress,gangjo
korean_topik_6,k_4838,게시판,A notice board or  a bulletin board,gesipan
korean_topik_6,k_4839,공통점,A common point or  a common feature,gongtongjeom
korean_topik_6,k_4840,과외,Extracurricular work,gwaoe
korean_topik_6,k_4841,교내,Inside the school,gyonnae
korean_topik_6,k_4842,구15,Ward or  district,gu
korean_topik_6,k_4843,금요일,Friday,geumyoil
korean_topik_6,k_4844,김밥,Roll of rice and vegetables,gimbap
korean_topik_6,k_4845,내적,Internal,naejeok
korean_topik_6,k_4846,놀이터,Playground,noriteo
korean_topik_6,k_4847,다녀가다,Drop in for a short visit,danyeogada
korean_topik_6,k_4848,답장,An answer,dapjang
korean_topik_6,k_4849,마라톤,Marathon,maraton
korean_topik_6,k_4850,매스컴,Mass communication,maeseukeom
korean_topik_6,k_4851,무,"nothing,nil",mu
korean_topik_6,k_4862,사이좋다,Be on good terms with,saijota
korean_topik_6,k_4863,세상에,In the world,sesange
korean_topik_6,k_4864,수고,"toil,labor,pains",sugo
korean_topik_6,k_4865,수요일,Wednesday,suyoil
korean_topik_6,k_4866,슬퍼하다,"sorrow,feel sad",seulpeohada
korean_topik_6,k_4867,시금치,Spinach,sigeumchi
korean_topik_6,k_4868,신청서,"Application, application form",sincheongseo
korean_topik_6,k_4869,쓰레기통,Garbage can,sseuregitong
korean_topik_6,k_4870,아랫사람,Subordinate,araesaram
korean_topik_6,k_4871,앞쪽,"The front, the fore part",apjjok
korean_topik_6,k_4872,앨범,Album,aelbeom
korean_topik_6,k_4873,양,"A sheep, ram",yang
korean_topik_6,k_4874,여전하다,"Be unchanged, the same as before",yeojeonhada
korean_topik_6,k_4875,영남,The southeastern part of Korea,Yeongnam
korean_topik_6,k_4876,옥상,On the roof,oksang
korean_topik_6,k_4877,왼발,The right foot,oenbal
korean_topik_6,k_4878,운전하다,To drive,unjeonhada
korean_topik_6,k_4879,위,The stomach,wi
korean_topik_6,k_4880,일기,The weather,ilgi
korean_topik_6,k_4881,일자리,"A job, position",iljari
korean_topik_6,k_4882,자매,Sisters,jamae
korean_topik_6,k_4883,저번,"Last time, the other day",jeobeon
korean_topik_6,k_4884,전시장,An exhibition hall,jeonsijang
korean_topik_6,k_4885,절약,"thrift,savings,economy",jeoryak
korean_topik_6,k_4886,정답,The right answer,jeongdap
korean_topik_6,k_4887,정오,Noon,jeongo
korean_topik_6,k_4888,제대하다,Be discharged from the military,jedaehada
korean_topik_6,k_4889,졸다,"doze,take a nap",jolda
korean_topik_6,k_4890,즉석,"instantly,impromptu",jeukseok
korean_topik_6,k_4891,지방,"Fat, grease, lard",jibang
korean_topik_6,k_4892,차차,Gradually,chacha
korean_topik_6,k_4893,추측,"Guess, conjecture",chuchuk
korean_topik_6,k_4894,충고,"Advice, counsel, suggestion",chunggo
korean_topik_6,k_4895,코피,A nose bleed,kopi
korean_topik_6,k_4896,턱,"Reason, grounds",teok
korean_topik_6,k_4897,팩시밀리,"Facximile, fax",paeksillli
korean_topik_6,k_4898,한낮,Noon,hannaj
korean_topik_6,k_4899,할인,A discount,harin
korean_topik_6,k_4900,가득히,Full,gadeukhi
korean_topik_6,k_4901,간호,Nursing or  care,ganho
korean_topik_6,k_4902,갑,1) The first  2) the former,gap
korean_topik_6,k_4903,건너,The other or  opposite side,geonneo
korean_topik_6,k_4904,걷다,Walk on or  tread on,geotda
korean_topik_6,k_4905,겁나다,Be frightened or  scared,geomna-da
korean_topik_6,k_4906,고구마,Sweet potato,goguma
korean_topik_6,k_4907,국기,The national flag,gukgi
korean_topik_6,k_4908,금메달,Gold medal,geummjedal
korean_topik_6,k_4909,노트,A note,noteu
korean_topik_6,k_4910,눈감다,Close the eyes,nungamda
korean_topik_6,k_4911,눈뜨다,Open one’s eyes,nunteuda
korean_topik_6,k_4912,대화하다,To converse,daehwahada
korean_topik_6,k_4913,도마,A chopping board,doma
korean_topik_6,k_4914,동화책,A fairy tale,donghwachaek
korean_topik_6,k_4915,모집하다,Call/appeal for,mojiphada
korean_topik_6,k_4916,미워하다,Dislike,miwohada
korean_topik_6,k_4917,밤색,"Chestnut color, maroon",bamsae
korean_topik_6,k_4918,밥맛,Appetite,bapmat
korean_topik_6,k_4919,배우자,"A mate, life partner",baeuja
korean_topik_6,k_4920,복사,Reproduction,boksawa
korean_topik_6,k_4921,볶음밥,Frizzled rice,bokkeumbap
korean_topik_6,k_4922,성별,Sex distinction,seongbyeol
korean_topik_6,k_4923,세탁,Laundry,setak
korean_topik_6,k_4924,소문나다,A rumor starts,somun nada
korean_topik_6,k_4925,소용없다,To be useless,soyong eopta
korean_topik_6,k_4926,속상하다,Be distressing,soksanghada
korean_topik_6,k_4927,손수건,A handkerchief,sonsugeon
korean_topik_6,k_4928,송아지,"A calf,baby cow",songaji
korean_topik_6,k_4929,수돗물,Tap water,sudonmul
korean_topik_6,k_4930,수만,Tens of thousands,suman
korean_topik_6,k_4931,수입되다,To be imported,suip doeda
korean_topik_6,k_4932,수입품,An imported product,suip'um
korean_topik_6,k_4933,술자리,A banquet,suljari
korean_topik_6,k_4934,식기,An eating vessel,sikgi
korean_topik_6,k_4935,싼값,A low price,ssangap
korean_topik_6,k_4936,안,"A plan,proposal,suggestion",an
korean_topik_6,k_4937,안부,"safety,welfare",anbu
korean_topik_6,k_4938,양주,Foreign wine/liquors,yangju
korean_topik_6,k_4939,어린이날,Children’s Day (may 5th),ŏrininal
korean_topik_6,k_4940,영화배우,Movie actor,yonghwabaeu
korean_topik_6,k_4941,오른발,The right foot,ŏrŭnbal
korean_topik_6,k_4942,용서,"pardon,forgiveness",yongseo
korean_topik_6,k_4943,우편,"post,mail",upyeon
korean_topik_6,k_4944,이사하다,To move house,isahada
korean_topik_6,k_4945,일등,"First class, first class/grade",iltteung
korean_topik_6,k_4946,작아지다,Become smaller,jagajida
korean_topik_6,k_4947,정장,"Full dress, uniform",jeongjang
korean_topik_6,k_4948,좁히다,"Make narrow,restrict",jophida
korean_topik_6,k_4949,좋아,“That’s good”,joa
korean_topik_6,k_4950,죽,"In a very straight line, in a row",juk
korean_topik_6,k_4951,줄무늬,A stripe,julmunui
korean_topik_6,k_4952,지워지다,To be erased,jiwojida
korean_topik_6,k_4953,지저분하다,"Be messy, soiled, dirty",jijeobunhada
korean_topik_6,k_4954,진통,"Labor pains, travail",jintong
korean_topik_6,k_4955,찬성하다,"To approve, support (a plan)",chanseonghada
korean_topik_6,k_4956,참석,"Attendance, participation",chamseok
korean_topik_6,k_4957,초콜릿,Chocolate,chokollit
korean_topik_6,k_4958,최고급,The highest grade/class,choegogeup
korean_topik_6,k_4959,최상,"The best, the finest",choesang
korean_topik_6,k_4960,최악,The worst,choeak
korean_topik_6,k_4961,출국,Leaving a country,chulguk
korean_topik_6,k_4962,친해지다,"To get close, to get friendly",chinhhaejida
korean_topik_6,k_4963,코끝,The tip of one’s nose,kokkeut
korean_topik_6,k_4964,터미널,Terminal,teomineol
korean_topik_6,k_4965,피자,Pizza,pija
korean_topik_6,k_4966,한국적,Korean (adjective),hangukjeok
korean_topik_6,k_4967,햄,Ham,haem
korean_topik_6,k_4968,환영,Welcome,hwanyeong
korean_topik_6,k_4969,가로수,A roadside tree,garosu
korean_topik_6,k_4970,간식,Snack,gansik
korean_topik_6,k_4971,감,Persimmon,gam
korean_topik_6,k_4972,개다,To clear up or  become clear (weather),gaeda
korean_topik_6,k_4973,고급스럽다,To be high-class,gogeupseureopda
korean_topik_6,k_4974,고소하다,Taste of sesame oil or  taste of a nut,gosohada
korean_topik_6,k_4975,공주,A royal princess,gongju
korean_topik_6,k_4976,깨어지다,To waken,kkaeeojida
korean_topik_6,k_4977,남,The south,nam
korean_topik_6,k_4978,네거리,Crossroads,negeori
korean_topik_6,k_4979,노란색,Yellow,noransaek
korean_topik_6,k_4980,녹음하다,To record,nogeumhada
korean_topik_6,k_4981,달러,Dollar,dalleo
korean_topik_6,k_4982,대여섯,About five or six,daeyeoseot
korean_topik_6,k_4983,되돌아보다,To look back on,doedollaboda
korean_topik_6,k_4984,마사지,Massage,masaji
korean_topik_6,k_4985,만,10000,man
korean_topik_6,k_4986,먹히다,"to be eaten,swallowed",meokhida
korean_topik_6,k_4987,몸살,Flu aches and pains,momsal
korean_topik_6,k_4988,무더위,High humidity,mudeowi
korean_topik_6,k_4989,무용가,Dancer,muyongga
korean_topik_6,k_4990,박스,Box,bakseu
korean_topik_6,k_4991,반기다,"Rejoice, be glad of",bangida
korean_topik_6,k_4992,밥솥,Pressure cooker for rice,bapso
korean_topik_6,k_4993,베개,A pillow,begae
korean_topik_6,k_4994,벨트,Belt,belteu
korean_topik_6,k_4995,복사하다,"reproduce,copy",boksahada
korean_topik_6,k_4996,붓다,to be swollen,butda
korean_topik_6,k_4997,비,A monument,bi
korean_topik_6,k_4998,사계절,The four seasons,sagyejeol
korean_topik_6,k_4999,사과하다,To apologize,sagwahada
korean_topik_6,k_5000,사투리,A dialect,saturi
korean_topik_6,k_5001,상금,Prize money,sanggeum
korean_topik_6,k_5002,수저,A spoon,sujeo
korean_topik_6,k_5003,식욕,"appetite,desire",sigyok
korean_topik_6,k_5004,앞바다,The offing sea,apbada
korean_topik_6,k_5005,얄밉다,"Be offensive, mean",yalmipda
korean_topik_6,k_5006,양상추,Lettuce,yangsangchu
korean_topik_6,k_5007,여대생,Female college student,yeodaesaeng
korean_topik_6,k_5008,연기하다,"To be put off, postponed",yeongihada
korean_topik_6,k_5009,온라인,Online,onlain
korean_topik_6,k_5010,외갓집,one’s mother’s maiden home,oegajip
korean_topik_6,k_5011,외할머니,A maternal grandmother,oehwalmeoni
korean_topik_6,k_5012,유능하다,"To be competent,talented",yunreunghada
korean_topik_6,k_5013,유적지,Place where remains/cultural-historical remnants are,yujeokji
korean_topik_6,k_5014,음악가,A musician,eumakga
korean_topik_6,k_5015,응답하다,"An answer, a reply",eumgephada
korean_topik_6,k_5016,이롭다,Be good for,irropeuda
korean_topik_6,k_5017,이분,Divide into two,ibun
korean_topik_6,k_5018,인삼,Ginseng,insam
korean_topik_6,k_5019,인상,"Look, personal appearance",insang
korean_topik_6,k_5020,입사,enter/join a company,ipsa
korean_topik_6,k_5021,자,A ruler,ja
korean_topik_6,k_5022,재활용,Recycling,jaehwalyong
korean_topik_6,k_5023,점원,A shop-assistant,jeomwon
korean_topik_6,k_5024,제삿날,Day of the ceremony,jesatnal
korean_topik_6,k_5025,주름살,Wrinkles,jureumsal
korean_topik_6,k_5026,참고하다,"To refer, consult",chamgohada
korean_topik_6,k_5027,찻잔,A teacup,chatchan
korean_topik_6,k_5028,철학적,Philosophical,cheolhakjeok
korean_topik_6,k_5029,초대,"The first generation, the founder",chodae
korean_topik_6,k_5030,추천하다,"To recommend, say a good word for",chucheonhada
korean_topik_6,k_5031,칫솔,A toothbrush,chitsol
korean_topik_6,k_5032,큰길,main/principal road,keungil
korean_topik_6,k_5033,판매되다,To be sold,panmaedoeda
korean_topik_6,k_5034,편,"Facilities, services",pyeon
korean_topik_6,k_5035,포근하다,"To be soft and comfortable, downy",pogeunhada
korean_topik_6,k_5036,포도,grape(s),podo
korean_topik_6,k_5037,하나님,God,Hananim
korean_topik_6,k_5038,학력,"Academic background, formal schooling",hakryeok
korean_topik_6,k_5039,한정하다,"To limit, restrict",hanjeonghada
korean_topik_6,k_5040,향상되다,"To be impoved, advanced",hyangsangdoeda
korean_topik_6,k_5041,홈페이지,Homepage,hompeiji
korean_topik_6,k_5042,횡단보도,Crossing,hoengdanbodo
korean_topik_6,k_5043,가톨릭,Catholic,gatollik
korean_topik_6,k_5044,강당,A lecture hall,gangdang
korean_topik_6,k_5045,건조하다,Ry or  arid or  become dry,geonjohada
korean_topik_6,k_5046,걷기,Walking,geotgi
korean_topik_6,k_5047,고모부,The husband of one’s paternal aunt,gomobu
korean_topik_6,k_5048,공중전화,A public payphone,gongjungjeonhwa
korean_topik_6,k_5049,공통,Commonness,gongtong
korean_topik_6,k_5050,과거,The state examination,gwageo
korean_topik_6,k_5051,국가적,National or  state,gukgajeok
korean_topik_6,k_5052,귓속,The inner ear,gwisok
korean_topik_6,k_5053,그래픽,Graphic,geuraepik
korean_topik_6,k_5054,근교,Suberbs,geungyo
korean_topik_6,k_5055,기초적,Fundamental or  basic,gichoyeok
korean_topik_6,k_5056,녹음,Recording,nogeum
korean_topik_6,k_5057,다양성,Variety,dayangseong
korean_topik_6,k_5058,떠나오다,미국으로부터 to come back from the US,tteonaoda
korean_topik_6,k_5059,마중,"Meeting, reception",majung
korean_topik_6,k_5060,밝다,To be bright,balkda
korean_topik_6,k_5061,밤중,Midnight,bamjung
korean_topik_6,k_5062,배드민턴,Badminton,baedeuminteon
korean_topik_6,k_5063,배부르다,To be full,baebureuda
korean_topik_6,k_5064,버튼,Button,beoteun
korean_topik_6,k_5065,보수적,Conservative,bosujeok
korean_topik_6,k_5066,캐나다,Canada,kaenada
korean_topik_6,k_5067,불확실하다,Be uncertain,bulhwaksilhada
korean_topik_6,k_5068,비만,"Fatness, corpulence",biman
korean_topik_6,k_5069,빗방울,Raindrops,bitbangul
korean_topik_6,k_5070,사회자,President,sahoeja
korean_topik_6,k_5071,샤워,Shower,syawo
korean_topik_6,k_5072,서투르다,"unskilled,clumsy",seotureuda
korean_topik_6,k_5073,세탁기,Washing machine,setakgi
korean_topik_6,k_5074,손뼉,The flat of one’s hand,sonppyeok
korean_topik_6,k_5075,손수,"With one’s own hands, personally",sonsu
korean_topik_6,k_5076,송편,Rice cake steemed over pine needles,songpyeon
korean_topik_6,k_5077,시들다,"To wither,die,fade",sideulda
korean_topik_6,k_5078,시디,C.D.,sidi
korean_topik_6,k_5079,신사,A gentleman,sinsa
korean_topik_6,k_5080,신혼부부,Newlyweds,sinhonbubu
korean_topik_6,k_5081,싱겁다,"Taste flat, have no flavor",singgeopda
korean_topik_6,k_5082,쓸데없이,To have no use,sseuldeeopsi
korean_topik_6,k_5083,야하다,"To be gaudy,garish",yahada
korean_topik_6,k_5084,어쩌다가,"By chance, accident ; sometimes",eojjeodaga
korean_topik_6,k_5085,옛날이야기,An old story,yetnallyagi
korean_topik_6,k_5086,오븐,Oven,obeun
korean_topik_6,k_5087,온종일,"All day long, the whole day",onjongil
korean_topik_6,k_5088,와인,Wine,wain
korean_topik_6,k_5089,왕비,Queen,wangbi
korean_topik_6,k_5090,우승하다,To take first place,useunghada
korean_topik_6,k_5091,운반,"conveyance,transport",unban
korean_topik_6,k_5092,웃어른,one’s elders,useoreun
korean_topik_6,k_5093,인사말,Words of greeting,insamal
korean_topik_6,k_5094,자판기,Vending machine,japangi
korean_topik_6,k_5095,장모님,A man’s mother in law,jangmonim
korean_topik_6,k_5096,저녁때,Evening time,jeonyeokdae
korean_topik_6,k_5097,저울,A balance,jeoul
korean_topik_6,k_5098,적어지다,To become smaller,jeogeojida
korean_topik_6,k_5099,지폐,Paper money,jipye
korean_topik_6,k_5100,진실로,"Truly, honestly",jinsillo
korean_topik_6,k_5101,촛불,Candle-light,chotbul
korean_topik_6,k_5102,출퇴근,Go to and come from the office,chultoegeun
korean_topik_6,k_5103,치과,A dentist,chigwa
korean_topik_6,k_5104,테스트,Test,teseuteu
korean_topik_6,k_5105,통역,Interpreting,tongyeok
korean_topik_6,k_5106,퇴근하다,To go home from work,toegeunhada
korean_topik_6,k_5107,표시하다,"To make a sign, display",pyosihada
korean_topik_6,k_5108,피로하다,"To be fatigued, weary",pirohada
korean_topik_6,k_5109,하,"Below, underneath",ha
korean_topik_6,k_5110,한데,"The open air, outside, the exterior",hande
korean_topik_6,k_5111,혼잣말,Talking to oneself,honjatmal
korean_topik_6,k_5112,화나다,Get angry,hwanada
korean_topik_6,k_5113,효도하다,To be a good son/daughter to one’s parents,hyodohada
korean_topik_6,k_5114,힘없이,"feebly,weekly",him-eopsi
korean_topik_6,k_5115,가로,Width or  breadth,garo
korean_topik_6,k_5116,갈아타다,Transfer (bus or subway),garatada
korean_topik_6,k_5117,건넌방,The room opposite the main living room,geonneonbang
korean_topik_6,k_5118,곧이어,Soon hereafter,gotieo
korean_topik_6,k_5119,공기,Public institution,gonggi
korean_topik_6,k_5120,굉장하다,Be grand or  magnificent or  splendor,goengjanghada
korean_topik_6,k_5121,그래서,So or  therefore,geuraeseo
korean_topik_6,k_5122,기업인,Businessman,gieopin
korean_topik_6,k_5123,긴장되다,Be under tension,ginjangdoeda
korean_topik_6,k_5124,깨끗해지다,Become clean,kkaekkeuthaejida
korean_topik_6,k_5125,낚싯대,A fishing rod,nakkildaetdae
korean_topik_6,k_5126,남동생,Younger brother,namdongsaeng
korean_topik_6,k_5127,냇물,"A stream, brook",naengmul
korean_topik_6,k_5128,단골,"Custom, connection",dangol
korean_topik_6,k_5129,단맛,A sweet taste,danmat
korean_topik_6,k_5130,담요,A blanket,damyo
korean_topik_6,k_5131,대,"A stem, stalk",dae
korean_topik_6,k_5132,더러워지다,Get dirty,deoreowojida
korean_topik_6,k_5133,데우다,"to warm, to heat up",deuda
korean_topik_6,k_5134,도착,Arrival,dochak
korean_topik_6,k_5135,동그랗다,To be circular,donggeurata
korean_topik_6,k_5136,안동,"간고등어 fish common in this city, ANDONG",Andong
korean_topik_6,k_5137,무덥다,"sultry,sweltering",mudeopda
korean_topik_6,k_5138,뭘,What (implicit directobject)?,mwol
korean_topik_6,k_5139,반대편,The opposite side,bandaepyeon
korean_topik_6,k_5140,발바닥,The sole of the foot,balbadak
korean_topik_6,k_5141,발톱,A toenail,baltop
korean_topik_6,k_5142,밝아지다,Become bright,balgajida
korean_topik_6,k_5143,밤새다,To stay up all night,bamsaeda
korean_topik_6,k_5144,부잣집,Rich man’s house,bujatjip
korean_topik_6,k_5145,분명해지다,To become clear,bunmyeonghaejida
korean_topik_6,k_5146,사진기,Camera,sajin-gi
korean_topik_6,k_5147,산길,"A mountain path,road",san-gil
korean_topik_6,k_5148,상추,Lettuce,sangchu
korean_topik_6,k_5149,섭씨,Celsius,seopsi
korean_topik_6,k_5150,소시지,Sausage,sosiji
korean_topik_6,k_5151,쇼핑,Shopping,syoping
korean_topik_6,k_5152,수업,Completing an education course,sueop
korean_topik_6,k_5153,스케줄,Schedule,seukejul
korean_topik_6,k_5154,스키,Ski,seuki
korean_topik_6,k_5155,시외,"Outside the city, suberbs",si-oe
korean_topik_6,k_5156,심각해지다,To become serious,simgakhaejida
korean_topik_6,k_5157,싹,"A bud,sprout",ssak
korean_topik_6,k_5158,씻기다,"To be carried away, washed away",ssitgida
korean_topik_6,k_5159,안심하다,"security,assuredness,relief",ansimhada
korean_topik_6,k_5160,약,"Get angry,take offense",yak
korean_topik_6,k_5161,약수,"Medicinal water, mineral water",yaksu
korean_topik_6,k_5162,약품,"Medicines, medical supplies",yakpum
korean_topik_6,k_5163,양배추,Cabbage,yangbaechu
korean_topik_6,k_5164,양보,"concession,compromise",yangbo
korean_topik_6,k_5165,양옆,On both sides,yangyeop
korean_topik_6,k_5166,얕다,"To be shallow, superficial",yatda
korean_topik_6,k_5167,어두워지다,become/get dark,eoduwojida
korean_topik_6,k_5168,어쩜,"Well, I guess that, is extremely…..",eojjeom
korean_topik_6,k_5169,엊그제,"The day before yesterday, a few days ago",eotgeuje
korean_topik_6,k_5170,여고생,Female high school student,yeogosaeng
korean_topik_6,k_5171,여왕,Queen,yeowang
korean_topik_6,k_5172,연기되다,"To be put off, postponed",yeongi-doeda
korean_topik_6,k_5173,열,Ten,yeol
korean_topik_6,k_5174,예약,"Pre-engagement, reservation",yeyak
korean_topik_6,k_5175,올라타다,"Board (a plane), get into",olla-tada
korean_topik_6,k_5176,운동화,Sports shoes,undonghwa
korean_topik_6,k_5177,이곳저곳,Everywhere,igos-jeogos
korean_topik_6,k_5178,이다음,Next,idaeum
korean_topik_6,k_5179,일회용품,A product to be used only once,ilhoeyongpum
korean_topik_6,k_5180,읽히다,"To get a person to read, to get a person to learn",ilki-da
korean_topik_6,k_5181,잡수다,"eat,drink",japsuda
korean_topik_6,k_5182,장사꾼,"A trader,merchant,dealer",jangsakun
korean_topik_6,k_5183,점심때,Lunchtime,jeomsimttae
korean_topik_6,k_5184,주일,A week,juil
korean_topik_6,k_5185,즐거워하다,To enjoy it,jeulgeowohada
korean_topik_6,k_5186,집중하다,To concentrate,jipjunghada
korean_topik_6,k_5187,짜다,To be salty,jjada
korean_topik_6,k_5188,짜증스럽다,To be annoying,jjajeungseureopda
korean_topik_6,k_5189,천재,"genius,talent",cheonjae
korean_topik_6,k_5190,초등학교,Elementary school,chodeung hakgyo
korean_topik_6,k_5191,초보,"Initial, first steps",chobo
korean_topik_6,k_5192,초여름,Early summer,choyeoreum
korean_topik_6,k_5193,초저녁,Early in the evening,chojeonyeok
korean_topik_6,k_5194,충돌하다,"Collide, clash with",chungdolhada
korean_topik_6,k_5195,코트,Court,koteu
korean_topik_6,k_5196,피곤,"fatigue,exhaustion",pigon
korean_topik_6,k_5197,학비,Tuition,hakbi
korean_topik_6,k_5198,해,"Damage, injury",hae
korean_topik_6,k_5199,해외여행,Foreign travel,haemhaeyeohaeng
korean_topik_6,k_5200,효자,A dutiful son,hyoja
korean_topik_6,k_5201,감소되다,To be reduced or  diminished,gamso-doeda
korean_topik_6,k_5202,강변,A riverside,gangbyeon
korean_topik_6,k_5203,공연되다,To give a public performance,gongyeondoeda
korean_topik_6,k_5204,공휴일,A legal holiday,gonghyuil
korean_topik_6,k_5205,괴로워하다,To distress or  trouble,goerowohada
korean_topik_6,k_5206,교시,Teach or  instruct or  enlighten,gyosi
korean_topik_6,k_5207,그리로,Over there,geuriro
korean_topik_6,k_5208,까먹다,Crack or  peel and eat,kkamokda
korean_topik_6,k_5209,깜빡,With a flash or  twinkle,kkamppak
korean_topik_6,k_5210,깡패,Gangster,kkangpae
korean_topik_6,k_5211,꾸다,Dream or  have a dream,kkuda
korean_topik_6,k_5212,낚시꾼,An angler,nakksikkun
korean_topik_6,k_5213,다양해지다,To be various,dayanghaejida
korean_topik_6,k_5214,대중교통,Mass transportation,daejunggyotong
korean_topik_6,k_5215,데려오다,Go with,deryeo-oda
korean_topik_6,k_5216,마요네즈,Mayonnaise,mayonejeu
korean_topik_6,k_5217,마흔,Forty,mahuen
korean_topik_6,k_5218,만세,"10,000 years",manse
korean_topik_6,k_5219,만화가,Cartoon artist,manhwa-ga
korean_topik_6,k_5220,맘대로,As you want,mamdaero
korean_topik_6,k_5221,머리말,A preface,meorimal
korean_topik_6,k_5222,면접,Interview,myeonjeop
korean_topik_6,k_5223,명함,Name card,myeongham
korean_topik_6,k_5224,몸속,In one’s body,mom sok
korean_topik_6,k_5225,무책임하다,Not responsible,muchegimhada
korean_topik_6,k_5226,반짝거리다,Twinkle-twinkle (stars),banjjakgeorida
korean_topik_6,k_5227,밤새우다,Sit up all night,bamsaeuda
korean_topik_6,k_5228,번지,Area of land,beonji
korean_topik_6,k_5229,볼펜,A ballpen,bolpen
korean_topik_6,k_5230,빨간색,"deep-red,crimson",ppalgansaek
korean_topik_6,k_5231,사립,Private,sarip
korean_topik_6,k_5232,사생활,Private life,sasaenghwal
korean_topik_6,k_5233,사이사이,Every now and then,saisai
korean_topik_6,k_5234,사자,A lion,saja
korean_topik_6,k_5235,새소리,"Bird voice,”chirp”",saesori
korean_topik_6,k_5236,생활수준,The standard of living,saenghwalsujeun
korean_topik_6,k_5237,서툴다,"poor,awkward",seotulda
korean_topik_6,k_5238,석사,Master,seoksa
korean_topik_6,k_5239,성당,A church,seongdang
korean_topik_6,k_5240,속마음,"Inner heart,feeling",sokmaeum
korean_topik_6,k_5241,손잡다,Take a person by the hand,sonjapda
korean_topik_6,k_5242,숙녀,A lady,suknyeo
korean_topik_6,k_5243,순하다,"Be gentle,docile",sunhada
korean_topik_6,k_5244,시댁,one’s husband’s family/house,sidaek
korean_topik_6,k_5245,시부모,one’s husband’s parents,sibumo
korean_topik_6,k_5246,신체적,Physical,sinchejeok
korean_topik_6,k_5247,실수하다,To make a mistake,silsuhada
korean_topik_6,k_5248,쓴맛,A bitter flavor,sseunmat
korean_topik_6,k_5249,야옹,"Mewing, meowing",yaong
korean_topik_6,k_5250,얼마간,"Some, somewhat",eolmegan
korean_topik_6,k_5251,올여름,This summer,ollyeoreum
korean_topik_6,k_5252,외제,Of foreign manufacture,oeje
korean_topik_6,k_5253,외출하다,To go out (of doors),oechulhada
korean_topik_6,k_5254,욕하다,"To insult, to say bad words",yokhada
korean_topik_6,k_5255,위아래,Up and down,wirae
korean_topik_6,k_5256,음반,A phonograph record,eumban
korean_topik_6,k_5257,의논,"consultation,conference",uinon
korean_topik_6,k_5258,이,Two,i
korean_topik_6,k_5259,이래서,"This way, this direction, here",irae-seo
korean_topik_6,k_5260,이발소,barber’s shop,ibalso
korean_topik_6,k_5261,자살하다,Commit suicide,jasallada
korean_topik_6,k_5262,자연적,Natural,jayeonjeok
korean_topik_6,k_5263,장례식,A funeral,jangnyesik
korean_topik_6,k_5264,재수,"luck,fortune",jaesu
korean_topik_6,k_5265,재작년,The year before last,jaejagnyeon
korean_topik_6,k_5266,재채기,"sneeze,sneezing",jaechaegi
korean_topik_6,k_5267,전구,An electric bulb,jeongu
korean_topik_6,k_5268,전문점,Exclusive store,jeonmunjeom
korean_topik_6,k_5269,전통문화,Traditional culture,jeontongmunhwa
korean_topik_6,k_5270,정거장,A railroad station,jeonggeojang
korean_topik_6,k_5271,존댓말,Respectful speech,jondaenmal
korean_topik_6,k_5272,주전자,"A kettle, teakettle",jujeonja
korean_topik_6,k_5273,지우다,Put a thing on a person’s back,jiuda
korean_topik_6,k_5274,찬성,"approval,assent",chanseong
korean_topik_6,k_5275,초보자,"A beginner, neophyte",choboja
korean_topik_6,k_5276,초청장,An invitation (card),chocheongjang
korean_topik_6,k_5277,촌스럽다,Unfashionable,chonsseureopda
korean_topik_6,k_5278,카레,Curry,kare
korean_topik_6,k_5279,컨디션,Condition,keondisyeon
korean_topik_6,k_5280,코스모스,Cosmos,koseumoseu
korean_topik_6,k_5281,킬로,Kilo,killo
korean_topik_6,k_5282,토론자,"A debator, a disputant",toronja
korean_topik_6,k_5283,튼튼히,"Strongly, firmly",teunteunhi
korean_topik_6,k_5284,티셔츠,T-shirts,tisyeocheu
korean_topik_6,k_5285,페인트,Paint,peinteu
korean_topik_6,k_5286,평상시,Normally,pyeongsangsi
korean_topik_6,k_5287,중국,China,jungguk
korean_topik_6,k_5288,학교생활,Student,hakgyosaenghwal
korean_topik_6,k_5289,한둘,One or two,handul
korean_topik_6,k_5290,해물,Marine products,haemul
korean_topik_6,k_5291,형,"Shape, form",hyeong
korean_topik_6,k_5292,혼나다,"Get frightened, scared",honna-da
korean_topik_6,k_5293,가만,Quietly or  softly,gaman
korean_topik_6,k_5294,감정적,Emotional,gamjeongjeok
korean_topik_6,k_5295,강북,North of the river,Gangbuk
korean_topik_6,k_5296,거리,Materials,geori
korean_topik_6,k_5297,고무신,Rubber shoes,gomusin
korean_topik_6,k_5298,고춧가루,Red pepper powder,gochugaru
korean_topik_6,k_5299,관람,Inspection or  viewing,gwanram
korean_topik_6,k_5300,교외,Outside the school or  extramural,gyoe
korean_topik_6,k_5301,교육비,Tuition or  the cost of a school education,gyoyukbi
korean_topik_6,k_5302,국립,Government established,gungnip
korean_topik_6,k_5303,금,A line (draw),geum
korean_topik_6,k_5304,기억되다,To be remembered,gieokdoeda
korean_topik_6,k_5305,까다,Peel or  husk,kkada
korean_topik_6,k_5306,꽃씨,Flower seed,kkotssi
korean_topik_6,k_5307,꾸준하다,Be steady or  unflagging,kkujunhada
korean_topik_6,k_5308,난방,A heated room,nanbang
korean_topik_6,k_5309,내용물,Contents,naeyongmul
korean_topik_6,k_5310,녹화,Tree-planting,nokhwa
korean_topik_6,k_5311,농구,Basketball,nonggu
korean_topik_6,k_5312,달다,To hang,dalda
korean_topik_6,k_5313,매번,Every time,maebeon
korean_topik_6,k_5314,먹다,Go deaf,meokda
korean_topik_6,k_5315,무관심하다,Be indifferent to,mugwansimhada
korean_topik_6,k_5316,무사하다,"Be safe, peaceful",musahada
korean_topik_6,k_5317,밤낮,"Night and day, always",bamnat
korean_topik_6,k_5318,배구,Volleyball,baegu
korean_topik_6,k_5319,번역하다,To translate,beonyeokada
korean_topik_6,k_5320,병아리,"Chick, baby chicken",byeongari
korean_topik_6,k_5321,부지런하다,Be diligent,bujireonhada
korean_topik_6,k_5322,부피,"bulk,size",bupi
korean_topik_6,k_5323,비기다,"End in a tie, to be even-even.  Same as 무승부를 기록하다",bigida
korean_topik_6,k_5324,생활용품,Necessities for daily life,saenghwalyongpum
korean_topik_6,k_5325,선풍기,A fan,seonpunggi
korean_topik_6,k_5326,세로,Length,sero
korean_topik_6,k_5327,섹시하다,To be sexy,seksi-hada
korean_topik_6,k_5328,소비하다,Consumption,sobi-hada
korean_topik_6,k_5329,수리하다,"repair,mending",suri-hada
korean_topik_6,k_5330,스물,Twenty,seumul
korean_topik_6,k_5331,식료품,Articles for food,siknyopum
korean_topik_6,k_5332,식히다,"To cool, let cool. 차게 하다",sikhida
korean_topik_6,k_5333,싫어지다,To become distasteful,sireojida
korean_topik_6,k_5334,씻기다,"wash,be washed",ssitgida
korean_topik_6,k_5335,얼리다,"Freeze, make ice",eollida
korean_topik_6,k_5336,여직원,Female employee,yeojigwon
korean_topik_6,k_5337,열리다,To bear fruit,yeollida
korean_topik_6,k_5338,옆방,The room next door,yeopbang
korean_topik_6,k_5339,오피스텔,Office hotel (studio apt),opiseutel
korean_topik_6,k_5340,올가을,This fall,olga-eul
korean_topik_6,k_5341,와이셔츠,A white dress shirt,wa-isyeocheu
korean_topik_6,k_5342,원피스,(one-piece) a dress,wonpiseu
korean_topik_6,k_5343,윗사람,"A superior, one’s older somebody",witsaramm
korean_topik_6,k_5344,이민,Emigration,imin
korean_topik_6,k_5345,이성,The opposite sex,iseong
korean_topik_6,k_5346,이혼하다,To get divorced,ihonhada
korean_topik_6,k_5347,인제,Now,inje
korean_topik_6,k_5348,입사하다,To join/enter a company,ipsahada
korean_topik_6,k_5349,재우다,Put to sleep,jaeuda
korean_topik_6,k_5350,전시되다,"To be exhibited,ddisplayed",jeonsidoeda
korean_topik_6,k_5351,졸리다,"Feel sleepy,drowsy",jollida
korean_topik_6,k_5352,졸음,"sleepiness,drowsiness",joreum
korean_topik_6,k_5353,종이컵,A paper cup,jongigep
korean_topik_6,k_5354,주문,"An incantation, a spell",jumun
korean_topik_6,k_5355,지능,"intelligence,intellect, raw intelligence",jineung
korean_topik_6,k_5356,쩔쩔매다,"To be at a loss, be confused",jjeoljjolmaeda
korean_topik_6,k_5357,철,"Discretion, prudence (Become sensible, wise)",cheol
korean_topik_6,k_5358,청바지,Blue jeans,cheongbaji
korean_topik_6,k_5359,추가되다,To be added,chugadoeda
korean_topik_6,k_5360,치료법,A curative means,chiryobeop
korean_topik_6,k_5361,치우다,"VST + Do away with, get rid of",chiuda
korean_topik_6,k_5362,코끼리,An elephant,kokkiri
korean_topik_6,k_5363,콘서트,Concert,konseoteu
korean_topik_6,k_5364,큰소리,"A loud voice, loudly",keunsori
korean_topik_6,k_5365,큰아들,Oldest son,keunadeul
korean_topik_6,k_5366,특급,In a special class,teukgeup
korean_topik_6,k_5367,평일,A weekday,pyeongil
korean_topik_6,k_5368,풀어지다,To get loose; to turn soft (noodles),pureojida
korean_topik_6,k_5369,한겨울,"Midwinter, the dead of winter",hangyeoul
korean_topik_6,k_5370,한평생,A lifetime,hanpyeongsaeng
korean_topik_6,k_5371,해수욕장,A swimming beach,haesuyokjang
korean_topik_6,k_5372,핸드폰,Cell phone,haendeupon
korean_topik_6,k_5373,허허,"Ha-ha, with a laugh",heohyeo
korean_topik_6,k_5374,호실,Tells you the room number,hosil
korean_topik_6,k_5375,휴지통,Waste paper basket,hyujitong
korean_topik_6,k_5376,흐려지다,"Get cloudy, overcast",heuryeojida
korean_topik_6,k_5377,희망하다,Hope,huimanghada
korean_topik_6,k_5378,힘들어하다,"To be exacting, tolling",himdeureohada
korean_topik_6,k_5379,강의하다,To give a lecture,ganguihada
korean_topik_6,k_5380,걱정되다,To become worried,geokjeongdoeda
korean_topik_6,k_5381,공연하다,Offer a performance,gongyeonhada
korean_topik_6,k_5382,귤,A Jeju orange,gyul
korean_topik_6,k_5383,내과,Internal medicine,naegwa
korean_topik_6,k_5384,넷째,Fourth,netjjae
korean_topik_6,k_5385,목걸이,Necklace,mokgeori
korean_topik_6,k_5386,무지개,A rainbow,mujigae
korean_topik_6,k_5387,문법,Grammar,munbeop
korean_topik_6,k_5388,볶음,Roasted sth,bokkeum
korean_topik_6,k_5389,볼링,Bowling,bolling
korean_topik_6,k_5390,비둘기,Pigeon,bidulgi
korean_topik_6,k_5391,생활비,Cost of living,saenghwalbi
korean_topik_6,k_5392,스키장,Place to ski,seukijang
korean_topik_6,k_5393,시대적,Of the times,sidaejeok
korean_topik_6,k_5394,쓰다,Bitter (vegetables),sseuda
korean_topik_6,k_5395,앞문,The front gate,ammun
korean_topik_6,k_5396,인도,"pavement,sidewalk",indo
korean_topik_6,k_5397,책방,Reading room,chaekbang
korean_topik_6,k_5398,추가하다,"To add sth, to supplement",chugahada
korean_topik_6,k_5399,칠판,The blackboard,chilpan
korean_topik_6,k_5400,크리스마스,Christmas,Keuriseumaseu
korean_topik_6,k_5401,탁구,"ping-pong,table tennis",takgu
korean_topik_6,k_5402,현대적,Modern (adj),hyeondaejeok
korean_topik_6,k_5403,구,9,gu
korean_topik_6,k_5404,나흘,Four days,nahueul
korean_topik_6,k_5405,늦가을,Late autumn,neutgajeul
korean_topik_6,k_5406,다이어트,Diet,daieoteu
korean_topik_6,k_5407,목요일,Thursday,mogyo-il
korean_topik_6,k_5408,못생기다,Ugly,motsaenggida
korean_topik_6,k_5409,영화관,Movie theater,yeonghwagwan
korean_topik_6,k_5410,예술적,Artistic,yesuljeok
korean_topik_6,k_5411,장모,A man’s mother in law,jangmo
korean_topik_6,k_5412,중국집,Chinese restaurant,junggukjip
korean_topik_6,k_5413,지우개,An eraser,jiugae
korean_topik_6,k_5414,지하도,Underground road,jihado
korean_topik_6,k_5415,튀김,Batter-fried food,twigim
korean_topik_6,k_5416,고궁,An ancient palace,gogung
korean_topik_6,k_5417,고속버스,Bus for the freeway,gosokbeoseu
korean_topik_6,k_5418,단추,A button,danchu
korean_topik_6,k_5419,대중적,Of the masses,daejungjeok
korean_topik_6,k_5420,미역,Brown seaweed,miyeok
korean_topik_6,k_5421,반말,Crude language,banmal
korean_topik_6,k_5422,분홍색,Pink color,bunhongsaek
korean_topik_6,k_5423,사,"four,the fourth",sa
korean_topik_6,k_5424,소포,"A parcel,package",sopo
korean_topik_6,k_5425,손녀,Granddaughter,sonnyeo
korean_topik_6,k_5426,수영장,Swimming pool,suyeongjang
korean_topik_6,k_5427,아래층,Lower floor,araecheung
korean_topik_6,k_5428,일본어,Japanese,ilboneo
korean_topik_6,k_5429,작은아버지,An uncle younger than your father,jageunabeoji
korean_topik_6,k_5430,잠옷,Pajamas,jamot
korean_topik_6,k_5431,장갑,A pair of gloves,janggab
korean_topik_6,k_5432,초순,The first third of a month,chosun
korean_topik_6,k_5433,퇴원하다,To leave the hospital,toewonhada
korean_topik_6,k_5434,하순,The final third of the month,hasun
korean_topik_6,k_5435,갈비,The ribs,galbi
korean_topik_6,k_5436,기혼,Married,gihon
korean_topik_6,k_5437,대장,"A seal, stamp",daejang
korean_topik_6,k_5438,모레,The day after tomorrow,more
korean_topik_6,k_5439,삼계탕,Chicken soup,samgyetang
korean_topik_6,k_5440,생신,A birthday,saengsin
korean_topik_6,k_5441,서른,Thirty,seoreun
korean_topik_6,k_5442,시내버스,Inner-city bus,sinaebeoseu
korean_topik_6,k_5443,아홉,Nine,ahop
korean_topik_6,k_5444,예약하다,"To book in advance, pledge",yeyakhada
korean_topik_6,k_5445,우표,A postage stamp,upyo
korean_topik_6,k_5446,장미,A rose,jangmi
korean_topik_6,k_5447,천둥,Thunder,cheondung
korean_topik_6,k_5448,퇴원,Leaving the hospital,toewon
korean_topik_6,k_5449,파란색,Blue,paransaek
korean_topik_6,k_5450,게으르다,Lazy,geeureuda
korean_topik_6,k_5451,기념품,A momento,ginyeomphum
korean_topik_6,k_5452,냉면,Cold noodles soup,naengmyeon
korean_topik_6,k_5453,단풍,Fall foliage,danpung
korean_topik_6,k_5454,독일어,German,dogireo
korean_topik_6,k_5455,문학적,Literary,munhakjeok
korean_topik_6,k_5456,미끄럽다,To be slippery,mikkeureopda
korean_topik_6,k_5457,복숭아,Peach,bosung-a
korean_topik_6,k_5458,비빔밥,Vegetarian dish of rice and vegetables,bibimbap
korean_topik_6,k_5459,여든,Eighty,yeodeun
korean_topik_6,k_5460,외아들,The only son,oeadeul
korean_topik_6,k_5461,이따가,A little later,itta-ga
korean_topik_6,k_5462,일흔,Seventy,ilheun
korean_topik_6,k_5463,장인,"A man’s father in law, the wife\\`s father",jang'in
korean_topik_6,k_5464,화요일,Tuesday,hwaryoil
korean_topik_6,k_5465,강아지,Puppy,gangaji
korean_topik_6,k_5466,닷새,Five days,datsae
korean_topik_6,k_5467,선물하다,Give a gift,seonmulhada
korean_topik_6,k_5468,아이스크림,Ice cream,aiseukeurim
korean_topik_6,k_5469,외할아버지,A maternal grandfather,oeharabeoji
korean_topik_6,k_5470,요리하다,To cook (food),yorihada
korean_topik_6,k_5471,입국,Entering a country,ipguk
korean_topik_6,k_5472,주차,Parking,jucha
korean_topik_6,k_5473,체육관,Gymnasium,cheyugwan
korean_topik_6,k_5474,최소,"At the least, the minimum",choeso
korean_topik_6,k_5475,칠,Seven,chil
korean_topik_6,k_5476,칼국수,Knife-cut noodles,kalguksu
korean_topik_6,k_5477,큰아버지,Uncle older than one’s father,keunabeoji
korean_topik_6,k_5478,홍차,"Tea, black tea",hongcha
korean_topik_6,k_5479,국민적,National or  for citizens,gukminjeok
korean_topik_6,k_5480,국제선,International airline,gukjeseon
korean_topik_6,k_5481,맛없다,Bad flavor,maseopda
korean_topik_6,k_5482,백,One hundred,baek
korean_topik_6,k_5483,사십,40,sasip
korean_topik_6,k_5484,안과,Ophthalmology,an-gwa
korean_topik_6,k_5485,연락처,a way to make contact (usually means a phone number),yeollakcheo
korean_topik_6,k_5486,연세,"Age, years of age",yeonse
korean_topik_6,k_5487,예식장,A ceremony hall,yesikjang
korean_topik_6,k_5488,월세,Monthly rent,wolse
korean_topik_6,k_5489,위층,The upper floor,wicheung
korean_topik_6,k_5490,인삼차,Ginseng tea,insamcha
korean_topik_6,k_5491,진찰,"A medical diagnosis, investigation",jinchar
korean_topik_6,k_5492,초록색,Green,choroksaek
korean_topik_6,k_5493,축구공,A soccer ball,chukgugong
korean_topik_6,k_5494,큰딸,Oldest daughter,keunttal
korean_topik_6,k_5495,팔,Eight,pal
korean_topik_6,k_5496,결석,Absent,gyeolseok
korean_topik_6,k_5497,김치찌개,Spicy cabbage soup,gimchijjigae
korean_topik_6,k_5498,녹차,Green tea,nokcha
korean_topik_6,k_5499,독감,Influenza,dokgam
korean_topik_6,k_5500,만두,Chinese dumplings,mandu
korean_topik_6,k_5501,발음하다,Pronounce,bareumhada
korean_topik_6,k_5502,보라색,Purple,borasaek
korean_topik_6,k_5503,복습하다,To review,bokseupada
korean_topik_6,k_5504,스케이트,Skate,seukeiteu
korean_topik_6,k_5505,실례하다,To be impolite,sillyehada
korean_topik_6,k_5506,그렇게,And so. like that,geureoke
korean_topik_6,k_5507,여섯,Six,yeoseot
korean_topik_6,k_5508,연두색,Light green,yeondu saek
korean_topik_6,k_5509,온돌,The korean under-floor heating system,ondol
korean_topik_6,k_5510,육,The number six,yuk
korean_topik_6,k_5511,일곱,Seven,ilgop
korean_topik_6,k_5512,출입국,Entry into a country,churipguk
korean_topik_6,k_5513,클래식,Classic,keullaesik
korean_topik_6,k_5514,팝송,Pop song,papsong
korean_topik_6,k_5515,팩스,Fax,paekseu
korean_topik_6,k_5516,깍두기,Sliced white radish kimchee,kkakdugi
korean_topik_6,k_5517,국내선,Domestic airline,guknaeseon
korean_topik_6,k_5518,복습,Reviewing,bokseup
korean_topik_6,k_5519,삼십,30,samsip
korean_topik_6,k_5520,성함,Your (his) esteemed name,seongham
korean_topik_6,k_5521,세탁소,Laundromat,setakso
korean_topik_6,k_5522,시외버스,Inter-city bus,si-o-beoseu
korean_topik_6,k_5523,야구장,Baseball field,yagu-jang
korean_topik_6,k_5524,오십,Fifty,osip
korean_topik_6,k_5525,운동복,Exercise clothes,undong-bok
korean_topik_6,k_5526,작은아들,Younger son,jag-eun-adeul
korean_topik_6,k_5527,잠자리,Dragonfly,jamjari
korean_topik_6,k_5528,주차하다,To park,jucha-hada
korean_topik_6,k_5529,중국어,Chinese,junggug-eo
korean_topik_6,k_5530,청소기,A vacuum cleaner,cheongso-gi
korean_topik_6,k_5531,칠십,Seventy,cilsip
korean_topik_6,k_5532,필통,Pencil case,piltong
korean_topik_6,k_5533,학생증,Student identification,haksaengjeung
korean_topik_6,k_5534,형수,The wife of one’s older brother,hyeongs-u
korean_topik_6,k_5535,경상도,Kyung-San-Do province (ulsan or kyungju),Gyeongsangdo
korean_topik_6,k_5536,공항버스,Bus to the airport,gonghangbeoseu
korean_topik_6,k_5537,관광버스,Tourist bus,gwan-gwangbeoseu
korean_topik_6,k_5538,그저께,The day before yesterday,geujeokkke
korean_topik_6,k_5539,냉방,A cold or unheated room,naengbang
korean_topik_6,k_5540,눈병,An eye disease,nunbyeong
korean_topik_6,k_5541,다섯째,Fifth,daseotjjae
korean_topik_6,k_5542,배추김치,Pickled cabbage,baechukimchi
korean_topik_6,k_5543,사탕,Sugar,satang
korean_topik_6,k_5544,색연필,Colored pencil,saengyeonpil
korean_topik_6,k_5545,소아과,Pediatrics,soagwa
korean_topik_6,k_5546,양력,The solar calendar,yangnyeok
korean_topik_6,k_5547,예순,Sixty,yesun
korean_topik_6,k_5548,오,Five,o
korean_topik_6,k_5549,작은어머니,An aunt younger than your mother,jageuneomeoni
korean_topik_6,k_5550,축구장,Soccer field,chukguchang
korean_topik_6,k_5551,한글날,Korean writing system national holiday,Hangeullal
korean_topik_6,k_5552,한식,Korean food,hansik
korean_topik_6,k_5553,세종대왕,"King sejong, who invented Hangul",Sejongdaewang
korean_topik_6,k_5554,넉,The fourth,neok
korean_topik_6,k_5555,메일,Mail,meil
korean_topik_6,k_5556,복사기,Memeograph,boksagi
korean_topik_6,k_5557,빗,A comb,bit
korean_topik_6,k_5558,설렁탕,Beef soup with rice,seolleongtang
korean_topik_6,k_5559,종로,Famous street in Seoul,Jongno
korean_topik_6,k_5560,신라,One dynasty in ancient korea,Silla
korean_topik_6,k_5561,십,10,sip
korean_topik_6,k_5562,아드님,Your esteemed son,adeunim
korean_topik_6,k_5563,천,Thousand,cheon
korean_topik_6,k_5564,결석하다,To be absent,gyeolsseokada
korean_topik_6,k_5565,기념일,Commemoration day,ginyeomil
korean_topik_6,k_5566,까만색,Black,kkamansek
korean_topik_6,k_5567,내후년,The year after next year,naehu nyeon
korean_topik_6,k_5568,쉰,50,swin
korean_topik_6,k_5569,시아버지,one’s husband’s father,siabeoji
korean_topik_6,k_5570,식품점,Grocery store,sikpumjeom
korean_topik_6,k_5571,약혼녀,A girl who is engaged,yakhonnyeo
korean_topik_6,k_5572,어저께,Yesterday,eojjeokke
korean_topik_6,k_5573,영상,Above zero,yeongsang
korean_topik_6,k_5574,예매하다,Advance purchase,yemyehada
korean_topik_6,k_5575,예습,Preparation of lessons,yesyup
korean_topik_6,k_5576,예습하다,"To prepare lessons, rehearse",yesyeuphada
korean_topik_6,k_5577,육십,Sixty,yuksip
korean_topik_6,k_5578,출석하다,"attendance,presence",chulseokhada
korean_topik_6,k_5579,큰어머니,The wife of the elder brother of one’s father,keuneomeoni
korean_topik_6,k_5580,팔십,80,palsip
korean_topik_6,k_5581,멍멍,A bruise,meongmeong
korean_topik_6,k_5582,분필,Chalk,bunpil
korean_topik_6,k_5583,약혼자,"A fiance, an engaged person",yakhonja
korean_topik_6,k_5584,양식,"raising,farming,culture",yangsik
korean_topik_6,k_5585,억,One hundred million,eok
korean_topik_6,k_5586,여덟,Eight,yeodeolp
korean_topik_6,k_5587,외과,Surgery,oegwa
korean_topik_6,k_5588,제과점,Confectionary store,jegwajeom
korean_topik_6,k_5589,중식,Chinese food,jungsik
korean_topik_6,k_5590,케첩,Ketchup,kecheop
korean_topik_6,k_5591,편의점,Convenient store,pyeonuijeom
korean_topik_6,k_5592,갈비탕,Beef-rib soup,galbitang
korean_topik_6,k_5593,검정색,A large sum of money,geomjeongsaek
korean_topik_6,k_5594,미용실,Beauty salon,miyongsik
korean_topik_6,k_5595,아흔,Ninety,aheun
korean_topik_6,k_5596,이십,Twenty,isip
korean_topik_6,k_5597,충청도,Area around daejon city,Chungcheongdo
korean_topik_6,k_5598,설악산,Famous mountain,Seoraksan
korean_topik_6,k_5599,조선,Name for ancient korea culture,Joseon
korean_topik_6,k_5600,거꾸로,Backwards or  bottom up or  the wrong way,geokkureo
korean_topik_6,k_5601,인천공항,Incheon international airport,Incheon Gonghang
korean_topik_6,k_5602,저렇게,Like that,jeoreoke
korean_topik_6,k_5603,대전,Daejon city,Daejeon
korean_topik_6,k_5604,뉴욕,New york,Nyuyok
korean_topik_6,k_5605,풍경,"Landscape, scenery",punggyeong
korean_topik_6,k_5606,아프리카,Africa,Apeurika
korean_topik_6,k_5607,근본,The foundation or  basis,geunbon
korean_topik_6,k_5608,정리,"arrangment,regulation,adjustment",jeongni
korean_topik_6,k_5609,도쿄(동경),Tokyo,Dokyo
korean_topik_6,k_5610,워낙,"By nature, primarily, by constitution",wonak
korean_topik_6,k_5611,독일,Germany,Dogil
korean_topik_6,k_5612,이렇게,In this way,ireoke
korean_topik_6,k_5613,발달하다,To advance,baldalhada
korean_topik_6,k_5614,지적하다,"To indicate, point out",jijeokada
korean_topik_6,k_5615,영국,England,Yeongguk
korean_topik_6,k_5616,회사,A company,hoesa
korean_topik_6,k_5617,유럽,Europe,Yureop
korean_topik_6,k_5618,의식,"Consciuosness, awareness",uisik
korean_topik_6,k_5619,구십,90,gusip
korean_topik_6,k_5620,아시아,Asia,Asia
korean_topik_6,k_5621,기다리다,To wait,gidarida
korean_topik_6,k_5622,인천,Incheon city,Incheon
korean_topik_6,k_5623,거기,There (location),geogi
korean_topik_6,k_5624,일식,Japanese food,ilsik
korean_topik_6,k_5625,작은딸,Younger daughter,jageun ttal
korean_topik_6,k_5626,저곳,That place over there,jeogos
korean_topik_6,k_5627,초등학생,An elementary school student,chodeung haksaeng
korean_topik_6,k_5628,하얀색,White,hayansaek
korean_topik_6,k_5629,남미,South america,Nammi
korean_topik_6,k_5630,금강산,The Diamond Mountains,Geumgangsan
korean_topik_6,k_5631,전주,Junju,Jeonju
korean_topik_6,k_5632,전라도,South-western region of south korea,Jeollado
korean_topik_6,k_5633,북한,North korea,Bukhan
korean_topik_6,k_5634,부산,"Busan, city in SE Korea, with largest beach in S.Korea",Busan
korean_topik_6,k_5635,미국,America,Miguk
korean_topik_6,k_5636,백두산,Korean mountain,Baekdusan
korean_topik_6,k_5637,백제,Historical Korean government,Baekje
korean_topik_6,k_5638,베이징(북경),Beijing,Beijing
korean_topik_6,k_5639,우리나라,Korea,Urinara
korean_topik_6,k_5640,대한민국,Korea,Daehanminguk
korean_topik_6,k_5641,한국,Korea,Hanguk
korean_topik_6,k_5642,강원도,Region surrounding seoul,Gangwon-do
korean_topik_6,k_5643,경기도,Region surrounding seoul,Gyeonggi-do
korean_topik_6,k_5644,경복궁,Region surrounding seoul,Gyeongbokgung
korean_topik_6,k_5645,경주,Region surrounding seoul,Gyeongju
korean_topik_6,k_5646,고구려,Region surrounding seoul,Goguryeo
korean_topik_6,k_5647,고려,Region surrounding seoul,Goryeo
korean_topik_6,k_5648,광주,Region surrounding seoul,Gwangju
korean_topik_6,k_5649,김포공항,KimPo Domestic (sometimes international) airport,Gimpo Gonghang
korean_topik_6,k_5650,울산,"Ulsan, home of hyundai car company and hyundai shipbuilding in kyungsamnamdo",Ulsan
korean_topik_6,k_5651,호남,"The HONAM district, which is CHOLLA-DO in S.W south korea",Honam
korean_topik_6,k_5652,일본,Japan,Ilbon
korean_topik_6,k_5653,파리,Paris,Pari
korean_topik_6,k_5654,지리산,"Chili mountain, very beautiful",Jirisan
korean_topik_6,k_5655,제주도,Tourist island off south S.Korea,Jejudo
korean_topik_6,k_5656,서울,Seoul,Seoul
korean_topik_6,k_5657,서울역,Seoul train station,Seoureok
korean_topik_6,k_5658,남대문,Seoul’s old south gate,Namdaemun
korean_topik_6,k_5659,한강,"The han river, runs through Seoul",Hangang
korean_topik_6,k_5660,한라산,Halla-san mountain,Hallasan
korean_topik_6,k_5661,한반도,The korean peninsula,Hanbando
korean_topik_6,k_5662,평양,Capital of north korea,Pyeongyang
korean_topik_6,k_5663,프랑스,France,Peurangseu
korean_topik_6,k_5664,호주,Australia,Hoju
korean_topik_6,k_5665,남대문시장,Shopping center in seoul,Namdaemun-sijang
korean_topik_6,k_5666,남산,Mountain in south central seoul,Namsan
korean_topik_6,k_4852,묵다,Stay overnight s.w.,mukda
korean_topik_6,k_4853,바나나,Banana,banana
korean_topik_6,k_4854,발등,The instep of the foot,baldeung
korean_topik_6,k_4855,밤새,All night,bamsae
korean_topik_6,k_4856,별일,A particular thing,byeolil
korean_topik_6,k_4857,보내오다,받다 receive,bonaeda
korean_topik_6,k_4858,부채,"A debt,liabilities",buchae
korean_topik_6,k_4859,불법,Buddhism,bulbeop
korean_topik_6,k_4860,블라우스,Blouse,beullauseu
korean_topik_6,k_4861,사업가,Businessman,saeopga
